customer_id,recency_days,frequency,monetary,r_score,f_score,m_score,rfm_score
1,2,12,65346.64,5,5,5,15
2,134,8,27387.66,1,3,2,6
3,67,11,58866.229999999996,2,5,5,12
4,35,13,74298.46,4,5,5,14
5,49,8,31608.29,3,3,2,8
6,91,7,32092.45,2,2,2,6
7,25,8,66639.05,4,3,5,12
8,1,14,69964.98999999999,5,5,5,15
9,8,8,61828.979999999996,5,3,5,13
10,6,16,78311.22,5,5,5,15
11,44,8,45622.85,3,3,4,10
12,37,7,25829.35,3,2,2,7
13,34,10,53865.23,4,4,4,12
14,17,9,39402.96,4,3,3,10
15,146,3,15038.829999999998,1,1,1,3
16,1,8,18524.13,5,3,1,9
17,17,6,40565.54,4,1,3,8
18,11,9,53399.58,5,3,4,12
19,54,12,60795.76,3,5,5,13
20,216,7,35908.35,1,2,3,6
21,60,12,76755.72,3,5,5,13
22,163,10,33368.079999999994,1,4,2,7
23,5,9,48402.56,5,3,4,12
24,41,9,59409.31,3,3,5,11
25,6,12,62021.42,5,5,5,15
26,79,7,25417.27,2,2,2,6
27,20,9,46257.12,4,3,4,11
28,83,10,53591.4,2,4,4,10
29,160,9,69922.56,1,3,5,9
30,21,5,26342.49,4,1,2,7
31,58,7,41748.97,3,2,3,8
32,32,10,61821.38,4,4,5,13
33,48,14,83763.55,3,5,5,13
34,70,5,18228.28,2,1,1,4
35,35,8,34526.42,4,3,2,9
36,1,8,32278.39,5,3,2,10
37,20,16,81713.81,4,5,5,14
38,33,12,46463.13,4,5,4,13
39,38,7,37080.87,3,2,3,8
40,11,18,58400.13,5,5,5,15
41,13,15,94492.78,5,5,5,15
42,30,8,60086.32,4,3,5,12
43,151,8,53528.33,1,3,4,8
44,32,11,63946.46,4,5,5,14
45,96,6,22714.6,2,1,1,4
46,17,5,17527.62,4,1,1,6
47,22,4,13168.76,4,1,1,6
48,108,4,14953.66,2,1,1,4
49,74,16,91108.03,2,5,5,12
50,66,7,50591.450000000004,2,2,4,8
51,108,5,26073.739999999998,2,1,2,5
52,40,4,10541.07,3,1,1,5
53,58,6,29419.230000000003,3,1,2,6
54,78,11,62482.23,2,5,5,12
55,8,12,50262.07,5,5,4,14
56,51,9,48363.95,3,3,4,10
57,121,6,30926.47,1,1,2,4
58,103,9,39412.06,2,3,3,8
59,146,3,18572.28,1,1,1,3
60,92,10,96077.65,2,4,5,11
61,1,10,41043.33,5,4,3,12
62,54,6,37784.59,3,1,3,7
63,51,7,38872.490000000005,3,2,3,8
64,30,5,25798.440000000002,4,1,2,7
65,42,5,20404.49,3,1,1,5
66,52,14,52896.21,3,5,4,12
67,63,5,36713.87,2,1,3,6
68,85,7,16209.11,2,2,1,5
69,120,7,42768.12,1,2,3,6
70,19,8,50999.64,4,3,4,11
71,17,8,55139.94,4,3,4,11
72,231,8,34484.43,1,3,2,6
73,35,10,54737.72,4,4,4,12
74,80,7,35157.950000000004,2,2,3,7
75,51,6,30013.519999999997,3,1,2,6
76,3,4,6447.48,5,1,1,7
77,124,8,57220.68,1,3,5,9
78,149,6,58917.14,1,1,5,7
79,51,2,3372.42,3,1,1,5
80,75,12,87599.95999999999,2,5,5,12
81,41,9,51460.299999999996,3,3,4,10
82,83,10,59583.61,2,4,5,11
83,79,11,61848.6,2,5,5,12
84,6,5,24296.21,5,1,1,7
85,17,10,44379.380000000005,4,4,3,11
86,112,2,1774.52,1,1,1,3
87,14,6,32292.420000000002,5,1,2,8
88,33,10,49275.24,4,4,4,12
89,149,9,30557.8,1,3,2,6
90,5,8,79215.03,5,3,5,13
91,81,5,16047.529999999999,2,1,1,4
92,29,16,89015.0,4,5,5,14
93,39,7,42308.11,3,2,3,8
94,48,10,50354.84,3,4,4,11
95,107,7,23196.239999999998,2,2,1,5
96,11,7,41721.060000000005,5,2,3,10
97,110,10,33633.64,2,4,2,8
98,71,10,48020.83,2,4,4,10
99,94,9,16171.03,2,3,1,6
100,119,6,69673.45999999999,1,1,5,7
101,133,9,37982.0,1,3,3,7
102,45,11,52209.64,3,5,4,12
103,69,5,22061.0,2,1,1,4
104,19,9,70444.04,4,3,5,12
105,4,14,64734.76,5,5,5,15
106,107,8,45019.51,2,3,4,9
107,62,12,52250.63,3,5,4,12
108,267,5,15923.53,1,1,1,3
109,231,5,28283.8,1,1,2,4
110,43,13,79642.45999999999,3,5,5,13
111,107,5,21986.96,2,1,1,4
112,129,11,43674.15,1,5,3,9
113,30,14,85150.97,4,5,5,14
114,176,6,16378.58,1,1,1,3
115,234,6,43735.39,1,1,3,5
116,31,9,41596.9,4,3,3,10
117,1,6,14635.23,5,1,1,7
118,2,8,49364.22,5,3,4,12
119,19,10,47500.6,4,4,4,12
120,37,5,11641.130000000001,3,1,1,5
121,52,11,59242.2,3,5,5,13
122,99,3,39391.49,2,1,3,6
123,5,5,29497.4,5,1,2,8
124,15,10,48850.04,5,4,4,13
125,33,9,38034.7,4,3,3,10
126,26,5,34212.35,4,1,2,7
127,32,7,41480.66,4,2,3,9
128,178,7,50765.75,1,2,4,7
129,184,9,27523.83,1,3,2,6
130,42,6,34325.45,3,1,2,6
131,14,8,35711.38,5,3,3,11
132,106,8,39712.44,2,3,3,8
133,4,12,71501.76,5,5,5,15
134,33,7,38727.2,4,2,3,9
135,64,10,64372.2,2,4,5,11
136,1,12,38091.79,5,5,3,13
137,189,6,41271.049999999996,1,1,3,5
138,82,4,34492.09,2,1,2,5
139,49,14,69494.62000000001,3,5,5,13
140,84,9,50934.94,2,3,4,9
141,224,5,33720.3,1,1,2,4
142,34,8,36105.37,4,3,3,10
143,22,10,52220.799999999996,4,4,4,12
144,39,6,23913.34,3,1,1,5
145,63,5,11308.05,2,1,1,4
146,40,11,65028.270000000004,3,5,5,13
147,32,9,61835.66,4,3,5,12
148,19,11,45348.840000000004,4,5,4,13
149,119,6,37600.06,1,1,3,5
150,16,11,80480.37,5,5,5,15
151,22,9,93144.72,4,3,5,12
152,73,5,21739.07,2,1,1,4
153,84,8,52587.85,2,3,4,9
154,40,11,50322.49,3,5,4,12
155,30,6,38996.57,4,1,3,8
156,294,3,20731.47,1,1,1,3
157,122,6,33518.82,1,1,2,4
158,36,6,24455.100000000002,3,1,1,5
159,117,9,68766.64,1,3,5,9
160,74,11,67178.16,2,5,5,12
161,54,8,34388.05,3,3,2,8
162,44,7,25040.260000000002,3,2,1,6
163,18,4,10864.42,4,1,1,6
164,58,3,19580.77,3,1,1,5
165,6,7,41123.32,5,2,3,10
166,40,8,38195.21,3,3,3,9
167,3,7,38351.770000000004,5,2,3,10
168,34,13,61130.99,4,5,5,14
169,55,4,17504.14,3,1,1,5
170,1,7,40834.270000000004,5,2,3,10
171,48,8,68570.89,3,3,5,11
172,57,8,49224.73,3,3,4,10
173,76,11,61510.01,2,5,5,12
174,6,8,21011.640000000003,5,3,1,9
175,27,9,45869.98,4,3,4,11
176,48,6,34161.5,3,1,2,6
177,35,5,22585.82,4,1,1,6
178,5,11,44656.89,5,5,4,14
179,52,7,38660.36,3,2,3,8
180,7,10,43855.43,5,4,3,12
181,171,9,59683.53,1,3,5,9
182,23,10,42488.58,4,4,3,11
183,25,9,56769.77,4,3,4,11
184,55,8,45071.16,3,3,4,10
185,131,5,16197.61,1,1,1,3
186,139,8,29411.97,1,3,2,6
187,95,6,35120.43,2,1,3,6
188,30,6,34562.8,4,1,2,7
189,53,9,22943.49,3,3,1,7
190,107,7,30583.280000000002,2,2,2,6
191,76,8,44984.32,2,3,4,9
192,21,7,45193.770000000004,4,2,4,10
193,3,9,35426.62,5,3,3,11
194,62,10,42046.96,3,4,3,10
195,34,6,26513.46,4,1,2,7
196,5,9,27795.87,5,3,2,10
197,236,8,43397.35,1,3,3,7
198,22,9,34922.770000000004,4,3,3,10
199,75,7,62024.16,2,2,5,9
200,26,5,10169.39,4,1,1,6
201,133,9,49843.43,1,3,4,8
202,290,6,27012.47,1,1,2,4
203,16,9,47932.03,5,3,4,12
204,118,8,59571.74,1,3,5,9
205,73,11,41462.45,2,5,3,10
206,165,6,26867.469999999998,1,1,2,4
207,13,5,19835.9,5,1,1,7
208,99,11,57509.34,2,5,5,12
209,172,8,51534.35,1,3,4,8
210,11,7,22702.41,5,2,1,8
211,23,9,43356.270000000004,4,3,3,10
212,59,9,64407.23,3,3,5,11
213,17,11,66397.55,4,5,5,14
214,46,5,20847.35,3,1,1,5
215,16,7,41185.88,5,2,3,10
216,75,3,11695.970000000001,2,1,1,4
217,10,8,51039.79,5,3,4,12
218,58,6,29096.41,3,1,2,6
219,19,11,74852.4,4,5,5,14
220,139,6,40665.86,1,1,3,5
221,47,13,77087.24,3,5,5,13
222,135,5,30948.34,1,1,2,4
223,3,6,29916.61,5,1,2,8
224,13,8,33001.89,5,3,2,10
225,51,10,53139.24,3,4,4,11
226,62,7,59395.37,3,2,5,10
227,19,10,56630.520000000004,4,4,4,12
228,194,8,33001.99,1,3,2,6
229,46,9,37895.4,3,3,3,9
230,143,10,44803.74,1,4,4,9
231,127,2,14509.630000000001,1,1,1,3
232,60,4,20371.7,3,1,1,5
233,3,8,36050.62,5,3,3,11
234,17,12,50614.13,4,5,4,13
235,4,7,23244.37,5,2,1,8
236,21,12,70350.13,4,5,5,14
237,27,10,40867.72,4,4,3,11
238,19,8,47875.11,4,3,4,11
239,81,5,22634.559999999998,2,1,1,4
240,62,4,10915.81,3,1,1,5
241,5,13,59585.29,5,5,5,15
242,92,9,22051.07,2,3,1,6
243,7,13,56571.1,5,5,4,14
244,123,11,57607.06,1,5,5,11
245,279,5,8556.48,1,1,1,3
246,80,10,48390.96,2,4,4,10
247,28,6,25814.269999999997,4,1,2,7
248,53,11,71152.92,3,5,5,13
249,61,6,50222.66,3,1,4,8
250,8,9,57707.31,5,3,5,13
251,95,9,69826.61,2,3,5,10
252,34,6,13909.67,4,1,1,6
253,42,11,60291.84,3,5,5,13
254,22,5,10850.73,4,1,1,6
255,6,11,85873.31999999999,5,5,5,15
256,56,9,65557.51,3,3,5,11
257,107,6,37375.409999999996,2,1,3,6
258,235,3,17494.370000000003,1,1,1,3
259,112,5,28649.489999999998,1,1,2,4
260,99,11,70570.8,2,5,5,12
261,147,9,38006.9,1,3,3,7
262,16,11,42564.37,5,5,3,13
263,8,9,64921.69,5,3,5,13
264,5,14,50393.01,5,5,4,14
265,34,9,57095.649999999994,4,3,5,12
266,130,6,24665.26,1,1,1,3
267,7,5,31265.870000000003,5,1,2,8
268,290,3,26558.690000000002,1,1,2,4
269,49,8,25341.12,3,3,2,8
270,32,10,50233.42,4,4,4,12
271,20,12,88365.91,4,5,5,14
272,112,11,52188.0,1,5,4,10
273,21,8,19566.94,4,3,1,8
274,12,10,66764.14,5,4,5,14
275,102,11,42861.229999999996,2,5,3,10
276,33,8,37369.22,4,3,3,10
277,23,8,47744.92,4,3,4,11
278,91,3,9230.27,2,1,1,4
279,148,8,34889.44,1,3,3,7
280,45,4,23436.75,3,1,1,5
281,39,9,40076.19,3,3,3,9
282,18,11,44019.49,4,5,3,12
283,149,9,54177.090000000004,1,3,4,8
284,9,8,62751.29,5,3,5,13
285,78,7,23367.47,2,2,1,5
286,174,7,52269.06,1,2,4,7
287,160,4,6027.07,1,1,1,3
288,70,6,17710.74,2,1,1,4
289,4,7,34551.1,5,2,2,9
290,117,4,22938.739999999998,1,1,1,3
291,119,6,46330.16,1,1,4,6
292,5,11,76364.34,5,5,5,15
293,29,11,55785.9,4,5,4,13
294,11,7,30602.239999999998,5,2,2,9
295,8,10,44551.93,5,4,3,12
296,107,10,37817.7,2,4,3,9
297,148,7,34712.4,1,2,2,5
298,20,10,35713.97,4,4,3,11
299,3,8,50247.02,5,3,4,12
300,42,5,32299.85,3,1,2,6
301,9,9,53819.369999999995,5,3,4,12
302,9,9,23099.92,5,3,1,9
303,244,3,28823.210000000003,1,1,2,4
304,66,7,74233.58,2,2,5,9
305,42,7,38320.5,3,2,3,8
306,77,11,56566.43,2,5,4,11
307,65,10,44242.380000000005,2,4,3,9
308,18,11,65779.18,4,5,5,14
309,70,9,43391.76,2,3,3,8
310,50,10,64434.95,3,4,5,12
311,249,4,32464.69,1,1,2,4
312,15,12,89449.96,5,5,5,15
313,77,9,80254.63,2,3,5,10
314,4,10,36664.840000000004,5,4,3,12
315,8,10,46553.83,5,4,4,13
316,8,7,29242.63,5,2,2,9
317,90,9,31616.07,2,3,2,7
318,56,6,38813.479999999996,3,1,3,7
319,19,8,36132.2,4,3,3,10
320,15,10,67477.11,5,4,5,14
321,52,6,22724.379999999997,3,1,1,5
322,171,4,29417.15,1,1,2,4
323,31,14,63511.61,4,5,5,14
324,87,8,42429.68,2,3,3,8
325,56,13,48261.33,3,5,4,12
326,29,9,43892.54,4,3,3,10
327,1,6,25255.64,5,1,2,8
328,2,5,32950.22,5,1,2,8
329,35,8,31437.52,4,3,2,9
330,39,12,50114.0,3,5,4,12
331,160,6,43195.67,1,1,3,5
332,35,7,32267.98,4,2,2,8
333,51,7,31765.02,3,2,2,7
334,246,6,44579.13,1,1,4,6
335,99,7,17819.05,2,2,1,5
336,4,9,36732.66,5,3,3,11
337,48,7,34215.45,3,2,2,7
338,11,15,70818.97,5,5,5,15
339,119,8,51411.909999999996,1,3,4,8
340,65,7,27661.629999999997,2,2,2,6
341,37,13,49945.229999999996,3,5,4,12
342,48,5,11841.369999999999,3,1,1,5
343,130,10,46874.93,1,4,4,9
344,7,14,60957.32,5,5,5,15
345,18,5,32745.309999999998,4,1,2,7
346,16,5,29640.38,5,1,2,8
347,190,6,17345.95,1,1,1,3
348,30,10,54186.630000000005,4,4,4,12
349,24,13,82755.46,4,5,5,14
350,19,5,15306.97,4,1,1,6
351,74,10,40029.88,2,4,3,9
352,160,8,40783.76,1,3,3,7
353,73,6,26686.2,2,1,2,5
354,4,14,67366.37,5,5,5,15
355,50,9,46501.5,3,3,4,10
356,29,9,49988.45,4,3,4,11
357,113,10,31456.95,1,4,2,7
358,110,4,14631.69,2,1,1,4
359,23,7,43512.5,4,2,3,9
360,88,9,47649.7,2,3,4,9
361,50,11,87156.18,3,5,5,13
362,13,9,43821.28,5,3,3,11
363,18,13,91035.92,4,5,5,14
364,21,10,47086.02,4,4,4,12
365,96,9,63311.5,2,3,5,10
366,16,7,18535.44,5,2,1,8
367,99,3,26994.370000000003,2,1,2,5
368,150,5,17866.370000000003,1,1,1,3
369,118,10,61158.7,1,4,5,10
370,81,8,27880.440000000002,2,3,2,7
371,81,11,54567.729999999996,2,5,4,11
372,145,8,46493.95,1,3,4,8
373,38,7,30021.63,3,2,2,7
374,58,7,18166.35,3,2,1,6
375,22,11,43912.03,4,5,3,12
376,25,6,22948.52,4,1,1,6
377,28,4,6571.3,4,1,1,6
378,118,11,43685.45,1,5,3,9
379,10,9,59857.87,5,3,5,13
380,93,5,34697.74,2,1,2,5
381,22,7,44758.28,4,2,4,10
382,103,10,83441.84,2,4,5,11
383,80,13,64933.96,2,5,5,12
384,197,6,32381.91,1,1,2,4
385,357,3,13994.189999999999,1,1,1,3
386,16,10,41265.67,5,4,3,12
387,204,12,75216.65,1,5,5,11
388,79,11,30819.1,2,5,2,9
389,104,3,7320.47,2,1,1,4
390,7,9,16615.46,5,3,1,9
391,27,8,38527.19,4,3,3,10
392,3,8,47728.3,5,3,4,12
393,1,9,45442.66,5,3,4,12
394,37,10,83010.82,3,4,5,12
395,88,9,53466.84,2,3,4,9
396,3,5,18433.42,5,1,1,7
397,211,4,20785.55,1,1,1,3
398,25,8,34076.88,4,3,2,9
399,1,6,40019.39,5,1,3,9
400,20,9,46843.01,4,3,4,11
401,60,7,38230.700000000004,3,2,3,8
402,288,2,15136.480000000001,1,1,1,3
403,95,6,22156.37,2,1,1,4
404,117,9,55544.93,1,3,4,8
405,32,10,52106.69,4,4,4,12
406,6,11,45772.88,5,5,4,14
407,92,6,28924.36,2,1,2,5
408,156,6,24410.239999999998,1,1,1,3
409,160,6,28367.71,1,1,2,4
410,82,5,20499.86,2,1,1,4
411,69,8,51120.52,2,3,4,9
412,38,11,48088.299999999996,3,5,4,12
413,9,7,43086.19,5,2,3,10
414,205,7,34154.03,1,2,2,5
415,164,6,37838.4,1,1,3,5
416,1,8,49552.01,5,3,4,12
417,384,4,26466.059999999998,1,1,2,4
418,4,8,21446.11,5,3,1,9
419,57,6,20544.0,3,1,1,5
420,52,6,46372.94,3,1,4,8
421,2,10,65010.94,5,4,5,14
422,367,4,11746.710000000001,1,1,1,3
423,34,8,34026.18,4,3,2,9
424,129,2,1809.49,1,1,1,3
425,110,9,43815.5,2,3,3,8
426,180,3,28958.61,1,1,2,4
427,36,6,34896.44,3,1,3,7
428,41,7,51532.93,3,2,4,9
429,44,10,53602.71,3,4,4,11
430,32,4,20512.21,4,1,1,6
431,121,7,52596.82,1,2,4,7
432,93,11,63434.96,2,5,5,12
433,121,6,32605.989999999998,1,1,2,4
434,68,10,64368.82,2,4,5,11
435,30,8,39395.31,4,3,3,10
436,8,6,28622.88,5,1,2,8
437,18,9,41031.13,4,3,3,10
438,32,12,101195.23,4,5,5,14
439,224,3,11524.01,1,1,1,3
440,38,7,33042.38,3,2,2,7
441,12,16,95838.37,5,5,5,15
442,21,9,47524.9,4,3,4,11
443,31,11,47853.26,4,5,4,13
444,172,11,44768.28,1,5,4,10
445,47,5,33271.020000000004,3,1,2,6
446,63,9,41375.0,2,3,3,8
447,237,3,28201.99,1,1,2,4
448,66,8,34922.24,2,3,3,8
449,34,8,63506.43,4,3,5,12
450,64,12,59918.28,2,5,5,12
451,13,9,30468.46,5,3,2,10
452,6,8,36274.899999999994,5,3,3,11
453,1,7,35519.25,5,2,3,10
454,88,6,13027.53,2,1,1,4
455,52,8,30067.9,3,3,2,8
456,9,5,45651.47,5,1,4,10
457,98,10,57984.51,2,4,5,11
458,48,9,34155.68,3,3,2,8
459,16,6,25578.81,5,1,2,8
460,44,9,31607.600000000002,3,3,2,8
461,21,8,32523.62,4,3,2,9
462,166,7,21114.21,1,2,1,4
463,174,8,27168.07,1,3,2,6
464,1,8,36374.98,5,3,3,11
465,20,9,46489.96,4,3,4,11
466,59,12,53292.51,3,5,4,12
467,75,7,31478.09,2,2,2,6
468,5,11,82126.56,5,5,5,15
469,90,9,48246.73,2,3,4,9
470,17,8,45405.74,4,3,4,11
471,81,7,32476.21,2,2,2,6
472,56,9,47272.84,3,3,4,10
473,68,6,23236.45,2,1,1,4
474,12,9,58912.42,5,3,5,13
475,8,7,29251.73,5,2,2,9
476,177,6,15234.210000000001,1,1,1,3
477,44,8,64514.34,3,3,5,11
478,13,5,23196.53,5,1,1,7
479,240,7,45408.95,1,2,4,7
480,4,14,63169.82,5,5,5,15
481,42,6,45470.37,3,1,4,8
482,12,11,45178.979999999996,5,5,4,14
483,15,7,28066.039999999997,5,2,2,9
484,223,7,46527.54,1,2,4,7
485,43,13,46745.33,3,5,4,12
486,53,6,29512.48,3,1,2,6
487,69,7,21610.370000000003,2,2,1,5
488,294,3,17432.09,1,1,1,3
489,12,7,37066.03,5,2,3,10
490,212,3,7196.09,1,1,1,3
491,41,12,68459.37,3,5,5,13
492,72,5,31502.18,2,1,2,5
493,23,14,84245.83,4,5,5,14
494,24,8,41140.74,4,3,3,10
495,18,6,24147.29,4,1,1,6
496,120,6,51946.75,1,1,4,6
497,40,6,27789.72,3,1,2,6
498,92,9,79923.2,2,3,5,10
499,19,6,32445.04,4,1,2,7
500,1,4,4999.61,5,1,1,7
501,145,7,40387.68,1,2,3,6
502,50,9,42406.59,3,3,3,9
503,95,12,90593.31,2,5,5,12
504,108,13,53479.64,2,5,4,11
505,6,8,68221.93,5,3,5,13
506,188,8,36829.81,1,3,3,7
507,99,10,34264.32,2,4,2,8
508,58,12,81745.6,3,5,5,13
509,92,10,47955.49,2,4,4,10
510,45,10,55148.42,3,4,4,11
511,4,10,52083.2,5,4,4,13
512,88,8,45968.76,2,3,4,9
513,60,9,76593.87,3,3,5,11
514,16,6,31095.04,5,1,2,8
515,29,11,42316.05,4,5,3,12
516,350,4,16974.97,1,1,1,3
517,25,11,55595.66,4,5,4,13
518,15,3,35456.67,5,1,3,9
519,44,9,28229.739999999998,3,3,2,8
520,67,4,14417.34,2,1,1,4
521,69,5,18807.67,2,1,1,4
522,89,11,45016.06,2,5,4,11
523,28,9,44563.45,4,3,4,11
524,198,5,7252.56,1,1,1,3
525,269,5,32249.05,1,1,2,4
526,73,6,33651.21,2,1,2,5
527,21,6,14240.900000000001,4,1,1,6
528,18,6,21904.87,4,1,1,6
529,8,3,7006.29,5,1,1,7
530,83,8,32380.23,2,3,2,7
531,76,6,11745.14,2,1,1,4
532,23,10,44600.729999999996,4,4,4,12
533,119,7,43200.270000000004,1,2,3,6
534,73,6,27990.75,2,1,2,5
535,1,5,31791.31,5,1,2,8
536,20,14,77264.70999999999,4,5,5,14
537,34,11,55745.77,4,5,4,13
538,50,6,31514.96,3,1,2,6
539,11,6,26356.44,5,1,2,8
540,9,7,36607.21,5,2,3,10
541,51,6,20323.32,3,1,1,5
542,152,13,61026.44,1,5,5,11
543,2,9,37290.08,5,3,3,11
544,137,10,42068.66,1,4,3,8
545,79,5,10398.61,2,1,1,4
546,18,10,35410.75,4,4,3,11
547,13,9,38984.350000000006,5,3,3,11
548,95,6,12516.12,2,1,1,4
549,238,5,16775.88,1,1,1,3
550,205,6,35798.81,1,1,3,5
551,26,13,63917.03,4,5,5,14
552,4,11,79505.3,5,5,5,15
553,43,14,52667.590000000004,3,5,4,12
554,13,6,34965.11,5,1,3,9
555,96,5,23889.05,2,1,1,4
556,5,10,56628.59,5,4,4,13
557,58,12,27538.04,3,5,2,10
558,47,11,61248.77,3,5,5,13
559,16,7,35894.58,5,2,3,10
560,9,6,37950.02,5,1,3,9
561,7,9,28213.11,5,3,2,10
562,185,7,54634.56,1,2,4,7
563,25,10,37762.99,4,4,3,11
564,77,9,46657.29,2,3,4,9
565,92,5,23284.04,2,1,1,4
566,2,9,45634.74,5,3,4,12
567,42,9,33478.9,3,3,2,8
568,34,6,35772.41,4,1,3,8
569,201,5,29365.96,1,1,2,4
570,112,5,17087.26,1,1,1,3
571,6,4,11348.26,5,1,1,7
572,44,5,21135.59,3,1,1,5
573,158,9,55655.14,1,3,4,8
574,67,9,44164.54,2,3,3,8
575,14,6,33167.08,5,1,2,8
576,219,3,20267.91,1,1,1,3
577,152,8,32863.32,1,3,2,6
578,83,3,26790.32,2,1,2,5
579,73,4,6353.55,2,1,1,4
580,40,7,36281.520000000004,3,2,3,8
581,79,5,28222.219999999998,2,1,2,5
582,22,14,71278.81,4,5,5,14
583,78,6,27724.79,2,1,2,5
584,39,10,44466.47,3,4,3,10
585,9,13,50027.45,5,5,4,14
586,14,12,83588.11,5,5,5,15
587,212,3,8350.380000000001,1,1,1,3
588,38,10,54966.549999999996,3,4,4,11
589,217,7,39491.06,1,2,3,6
590,231,6,23243.36,1,1,1,3
591,12,8,44520.19,5,3,3,11
592,64,5,26085.32,2,1,2,5
593,35,9,38026.0,4,3,3,10
594,4,8,29955.91,5,3,2,10
595,190,5,42604.02,1,1,3,5
596,1,9,47432.05,5,3,4,12
597,10,5,12908.2,5,1,1,7
598,61,13,77886.02,3,5,5,13
599,31,8,35903.17,4,3,3,10
600,14,14,79852.81,5,5,5,15
601,115,7,15166.01,1,2,1,4
602,97,9,53074.85,2,3,4,9
603,296,4,20517.489999999998,1,1,1,3
604,151,4,11100.73,1,1,1,3
605,17,9,31285.42,4,3,2,9
606,111,7,35598.770000000004,1,2,3,6
607,7,10,43597.43,5,4,3,12
608,30,8,53773.560000000005,4,3,4,11
609,139,3,12249.650000000001,1,1,1,3
610,83,7,57089.63,2,2,5,9
611,77,5,9627.24,2,1,1,4
612,161,4,23255.09,1,1,1,3
613,156,7,27856.140000000003,1,2,2,5
614,66,5,49352.68,2,1,4,7
615,5,12,53468.96,5,5,4,14
616,105,5,30387.539999999997,2,1,2,5
617,5,7,40076.24,5,2,3,10
618,64,8,39884.78,2,3,3,8
619,125,5,36799.44,1,1,3,5
620,29,8,50608.73,4,3,4,11
621,90,7,27249.08,2,2,2,6
622,49,9,40243.36,3,3,3,9
623,77,8,47157.95,2,3,4,9
624,29,7,30045.88,4,2,2,8
625,272,11,60188.1,1,5,5,11
626,138,10,43761.78,1,4,3,8
627,41,15,31821.190000000002,3,5,2,10
628,21,9,68137.72,4,3,5,12
629,79,7,16956.88,2,2,1,5
630,94,13,67063.66,2,5,5,12
631,71,11,47240.58,2,5,4,11
632,65,8,44236.19,2,3,3,8
633,41,10,69037.56,3,4,5,12
634,77,5,13103.23,2,1,1,4
635,7,14,91241.89,5,5,5,15
636,156,6,22281.66,1,1,1,3
637,21,12,53562.060000000005,4,5,4,13
638,63,5,30308.85,2,1,2,5
639,171,8,38275.630000000005,1,3,3,7
640,179,10,59688.85,1,4,5,10
641,22,6,18627.08,4,1,1,6
642,85,7,33617.2,2,2,2,6
643,95,9,28492.17,2,3,2,7
644,106,9,68162.93000000001,2,3,5,10
645,152,6,31570.59,1,1,2,4
646,57,5,23447.14,3,1,1,5
647,18,6,50331.56,4,1,4,9
648,38,12,74238.59,3,5,5,13
649,69,5,10406.400000000001,2,1,1,4
650,22,8,47131.0,4,3,4,11
651,118,6,30900.870000000003,1,1,2,4
652,90,10,38327.34,2,4,3,9
653,49,5,16261.12,3,1,1,5
654,5,11,48051.43,5,5,4,14
655,10,12,59684.79,5,5,5,15
656,7,6,31505.08,5,1,2,8
657,58,9,52178.19,3,3,4,10
658,160,12,75617.28,1,5,5,11
659,16,13,59780.53,5,5,5,15
660,258,3,5171.48,1,1,1,3
661,263,4,30187.32,1,1,2,4
662,66,10,43409.450000000004,2,4,3,9
663,12,5,30998.06,5,1,2,8
664,107,2,10742.369999999999,2,1,1,4
665,168,7,50481.43,1,2,4,7
666,36,7,38548.28,3,2,3,8
667,44,11,43590.74,3,5,3,11
668,23,10,23428.54,4,4,1,9
669,120,5,30471.15,1,1,2,4
670,18,8,39112.39,4,3,3,10
671,244,6,25929.17,1,1,2,4
672,22,8,27976.78,4,3,2,9
673,114,8,32630.7,1,3,2,6
674,57,8,44028.799999999996,3,3,3,9
675,16,4,17123.13,5,1,1,7
676,13,9,47032.53,5,3,4,12
677,124,9,31982.48,1,3,2,6
678,123,6,34530.18,1,1,2,4
679,39,14,83897.48,3,5,5,13
680,128,10,38577.85,1,4,3,8
681,37,7,33678.47,3,2,2,7
682,22,12,55505.93,4,5,4,13
683,16,8,39396.64,5,3,3,11
684,35,8,29859.230000000003,4,3,2,9
685,120,8,34723.32,1,3,2,6
686,6,11,68170.37,5,5,5,15
687,194,5,20811.15,1,1,1,3
688,17,9,45589.39,4,3,4,11
689,10,8,40204.57,5,3,3,11
690,33,10,24553.1,4,4,1,9
691,85,6,31005.53,2,1,2,5
692,4,12,39318.450000000004,5,5,3,13
693,94,7,19828.02,2,2,1,5
694,9,10,60386.94,5,4,5,14
695,80,8,69074.78,2,3,5,10
696,75,8,42013.24,2,3,3,8
697,60,6,41174.53,3,1,3,7
698,34,9,35804.770000000004,4,3,3,10
699,34,7,44948.06,4,2,4,10
700,1,10,46950.01,5,4,4,13
701,250,5,26287.129999999997,1,1,2,4
702,17,7,13391.59,4,2,1,7
703,189,9,42569.7,1,3,3,7
704,19,6,43637.520000000004,4,1,3,8
705,49,10,52277.43,3,4,4,11
706,272,8,58947.79,1,3,5,9
707,156,8,54541.61,1,3,4,8
708,30,11,52685.85,4,5,4,13
709,110,5,39652.58,2,1,3,6
710,158,6,41589.74,1,1,3,5
711,45,8,31787.77,3,3,2,8
712,29,5,44358.869999999995,4,1,3,8
713,249,3,14699.08,1,1,1,3
714,19,12,68456.23,4,5,5,14
715,67,4,18135.73,2,1,1,4
716,73,4,27713.690000000002,2,1,2,5
717,41,9,37151.11,3,3,3,9
718,190,5,11599.59,1,1,1,3
719,205,6,43567.4,1,1,3,5
720,165,11,58388.0,1,5,5,11
721,45,9,53609.63,3,3,4,10
722,65,8,27481.199999999997,2,3,2,7
723,175,2,12874.35,1,1,1,3
724,243,7,27773.43,1,2,2,5
725,57,13,79386.59999999999,3,5,5,13
726,76,8,49020.59,2,3,4,9
727,17,8,23423.670000000002,4,3,1,8
728,25,10,53048.72,4,4,4,12
729,56,11,53136.25,3,5,4,12
730,118,8,68693.51,1,3,5,9
731,160,9,52100.409999999996,1,3,4,8
732,31,12,83432.53,4,5,5,14
733,61,9,53926.549999999996,3,3,4,10
734,5,14,52837.92,5,5,4,14
735,35,11,50321.36,4,5,4,13
736,32,12,103246.72,4,5,5,14
737,1,11,36395.15,5,5,3,13
738,54,6,40437.91,3,1,3,7
739,10,10,55668.65,5,4,4,13
740,4,8,72465.17,5,3,5,13
741,33,14,78861.93,4,5,5,14
742,64,12,59104.75,2,5,5,12
743,6,12,75481.06,5,5,5,15
744,9,9,44455.03,5,3,3,11
745,214,5,43153.53,1,1,3,5
746,80,4,24590.78,2,1,1,4
747,11,12,86000.2,5,5,5,15
748,12,10,70322.6,5,4,5,14
749,80,7,55083.33,2,2,4,8
750,1,10,52615.32,5,4,4,13
751,49,10,41649.87,3,4,3,10
752,15,5,28920.45,5,1,2,8
753,109,8,49468.270000000004,2,3,4,9
754,37,5,14469.07,3,1,1,5
755,62,8,47573.4,3,3,4,10
756,112,6,32921.94,1,1,2,4
757,37,9,38978.43,3,3,3,9
758,47,8,36019.909999999996,3,3,3,9
759,172,6,22610.07,1,1,1,3
760,63,13,65189.49,2,5,5,12
761,22,7,41729.93,4,2,3,9
762,7,12,57725.65,5,5,5,15
763,61,12,65132.24,3,5,5,13
764,6,11,55654.19,5,5,4,14
765,80,9,56451.18,2,3,4,9
766,148,7,55829.619999999995,1,2,4,7
767,20,10,45129.3,4,4,4,12
768,343,8,37289.57,1,3,3,7
769,2,7,37045.74,5,2,3,10
770,2,5,28692.75,5,1,2,8
771,64,7,21657.850000000002,2,2,1,5
772,8,13,98249.26,5,5,5,15
773,51,10,46943.47,3,4,4,11
774,5,5,25445.88,5,1,2,8
775,8,5,11433.59,5,1,1,7
776,23,9,43235.74,4,3,3,10
777,29,3,26959.83,4,1,2,7
778,8,11,66521.9,5,5,5,15
779,132,8,53484.81,1,3,4,8
780,92,10,38183.71,2,4,3,9
781,186,5,49448.159999999996,1,1,4,6
782,36,8,57758.87,3,3,5,11
783,12,5,38338.7,5,1,3,9
784,83,7,28178.39,2,2,2,6
785,33,7,65840.35,4,2,5,11
786,87,3,29342.36,2,1,2,5
787,4,8,34065.69,5,3,2,10
788,5,11,76947.26999999999,5,5,5,15
789,151,7,15026.470000000001,1,2,1,4
790,94,3,26813.86,2,1,2,5
791,4,9,43246.07,5,3,3,11
792,41,8,30125.71,3,3,2,8
793,15,10,55745.81,5,4,4,13
794,52,9,43034.38,3,3,3,9
795,24,10,33100.07,4,4,2,10
796,153,10,47797.99,1,4,4,9
797,9,5,16727.9,5,1,1,7
798,82,9,52675.17,2,3,4,9
799,109,4,33420.01,2,1,2,5
800,13,10,27287.7,5,4,2,11
801,120,7,41490.32,1,2,3,6
802,42,12,90041.6,3,5,5,13
803,50,10,46121.49,3,4,4,11
804,16,3,13100.37,5,1,1,7
805,3,9,55840.66,5,3,4,12
806,9,10,78086.35,5,4,5,14
807,97,8,39734.729999999996,2,3,3,8
808,68,10,34971.92,2,4,3,9
809,44,12,64289.68,3,5,5,13
810,9,9,43659.36,5,3,3,11
811,69,11,44748.25,2,5,4,11
812,73,7,31826.510000000002,2,2,2,6
813,23,4,6067.0,4,1,1,6
814,17,6,28291.86,4,1,2,7
815,20,9,54462.35,4,3,4,11
816,108,7,17501.34,2,2,1,5
817,9,7,13935.27,5,2,1,8
818,20,7,30301.57,4,2,2,8
819,4,7,49425.64,5,2,4,11
820,222,8,37139.87,1,3,3,7
821,72,8,57950.78,2,3,5,10
822,35,10,49546.17,4,4,4,12
823,71,8,46268.24,2,3,4,9
824,12,6,17024.78,5,1,1,7
825,260,9,73352.85,1,3,5,9
826,15,7,36169.01,5,2,3,10
827,5,5,13010.72,5,1,1,7
828,21,8,30502.14,4,3,2,9
829,135,12,65760.79000000001,1,5,5,11
830,110,6,29881.53,2,1,2,5
831,109,5,39092.62,2,1,3,6
832,50,6,19719.17,3,1,1,5
833,110,4,21058.64,2,1,1,4
834,67,11,54863.25,2,5,4,11
835,22,10,65004.130000000005,4,4,5,13
836,6,8,33893.9,5,3,2,10
837,37,3,13789.12,3,1,1,5
838,9,12,56894.07,5,5,4,14
839,37,9,45622.51,3,3,4,10
840,66,13,92117.06,2,5,5,12
841,70,6,17211.58,2,1,1,4
842,24,8,33564.22,4,3,2,9
843,121,7,27604.79,1,2,2,5
844,107,6,27168.65,2,1,2,5
845,59,8,35470.94,3,3,3,9
846,113,9,29883.3,1,3,2,6
847,14,8,39443.590000000004,5,3,3,11
848,196,6,22622.81,1,1,1,3
849,202,5,37391.72,1,1,3,5
850,10,5,21566.99,5,1,1,7
851,52,12,50067.98,3,5,4,12
852,70,10,48945.47,2,4,4,10
853,111,4,29871.120000000003,1,1,2,4
854,49,5,35338.37,3,1,3,7
855,127,3,5588.77,1,1,1,3
856,45,15,93667.67,3,5,5,13
857,63,8,30155.53,2,3,2,7
858,120,8,34166.649999999994,1,3,2,6
859,62,10,63377.049999999996,3,4,5,12
860,52,8,19261.6,3,3,1,7
861,92,10,34470.05,2,4,2,8
862,2,12,60183.509999999995,5,5,5,15
863,92,8,49228.14,2,3,4,9
864,25,7,31582.03,4,2,2,8
865,94,4,27776.5,2,1,2,5
866,103,7,28160.17,2,2,2,6
867,11,5,10580.36,5,1,1,7
868,63,8,33663.76,2,3,2,7
869,7,10,43777.1,5,4,3,12
870,74,8,28610.21,2,3,2,7
871,126,5,19336.36,1,1,1,3
872,50,7,28849.2,3,2,2,7
873,63,5,25396.04,2,1,2,5
874,16,10,37637.020000000004,5,4,3,12
875,274,4,29392.52,1,1,2,4
876,56,13,51383.32,3,5,4,12
877,81,9,59474.21,2,3,5,10
878,8,9,32724.72,5,3,2,10
879,17,17,60411.57,4,5,5,14
880,197,4,14754.31,1,1,1,3
881,11,9,30470.52,5,3,2,10
882,206,7,23838.96,1,2,1,4
883,118,5,20545.2,1,1,1,3
884,3,12,40315.08,5,5,3,13
885,1,9,49897.54,5,3,4,12
886,79,10,68056.89,2,4,5,11
887,8,4,13014.7,5,1,1,7
888,16,8,40762.13,5,3,3,11
889,158,6,25525.559999999998,1,1,2,4
890,114,4,21897.17,1,1,1,3
891,54,10,40577.04,3,4,3,10
892,52,8,33680.14,3,3,2,8
893,59,10,64782.08,3,4,5,12
894,107,6,46818.369999999995,2,1,4,7
895,39,11,57501.87,3,5,5,13
896,11,8,19226.23,5,3,1,9
897,4,12,54777.63,5,5,4,14
898,55,6,38924.96,3,1,3,7
899,41,9,44238.94,3,3,3,9
900,22,10,34916.68,4,4,3,11
901,132,6,13522.960000000001,1,1,1,3
902,30,6,32884.39,4,1,2,7
903,90,13,80931.53,2,5,5,12
904,23,8,54968.67,4,3,4,11
905,111,5,27086.75,1,1,2,4
906,12,8,41519.49,5,3,3,11
907,10,4,28380.260000000002,5,1,2,8
908,70,7,45632.67,2,2,4,8
909,48,7,38680.78,3,2,3,8
910,24,4,36512.7,4,1,3,8
911,30,11,39262.45,4,5,3,12
912,104,7,40036.950000000004,2,2,3,7
913,17,7,39073.54,4,2,3,9
914,145,8,77316.98000000001,1,3,5,9
915,15,10,66597.89,5,4,5,14
916,5,11,47099.45,5,5,4,14
917,81,11,48532.72,2,5,4,11
918,42,8,38555.78,3,3,3,9
919,78,7,47848.81,2,2,4,8
920,66,8,36703.2,2,3,3,8
921,6,7,46675.69,5,2,4,11
922,10,10,57603.15,5,4,5,14
923,30,15,59052.0,4,5,5,14
924,91,13,57836.78,2,5,5,12
925,83,6,33819.28,2,1,2,5
926,157,3,6151.3,1,1,1,3
927,152,6,26929.940000000002,1,1,2,4
928,197,9,40739.37,1,3,3,7
929,5,11,55906.32,5,5,4,14
930,23,18,138066.29,4,5,5,14
931,21,8,27010.449999999997,4,3,2,9
932,5,6,29736.59,5,1,2,8
933,7,10,67400.68000000001,5,4,5,14
934,39,7,23853.62,3,2,1,6
935,325,1,3922.64,1,1,1,3
936,190,8,58766.7,1,3,5,9
937,91,3,7347.950000000001,2,1,1,4
938,177,4,23112.27,1,1,1,3
939,7,7,18896.89,5,2,1,8
940,24,6,29797.03,4,1,2,7
941,104,4,32663.989999999998,2,1,2,5
942,133,10,35186.13,1,4,3,8
943,18,14,67657.16,4,5,5,14
944,31,12,76910.64,4,5,5,14
945,58,10,49621.82,3,4,4,11
946,79,11,57265.69,2,5,5,12
947,16,9,23321.23,5,3,1,9
948,27,6,22958.34,4,1,1,6
949,37,9,49761.33,3,3,4,10
950,43,7,36376.55,3,2,3,8
951,114,4,21140.730000000003,1,1,1,3
952,493,1,2744.47,1,1,1,3
953,21,14,60417.67,4,5,5,14
954,51,14,78554.76,3,5,5,13
955,254,4,23273.04,1,1,1,3
956,15,10,32401.64,5,4,2,11
957,14,5,33683.44,5,1,2,8
958,103,9,48808.649999999994,2,3,4,9
959,5,6,19924.739999999998,5,1,1,7
960,34,10,42228.44,4,4,3,11
961,19,7,37259.84,4,2,3,9
962,16,11,62623.840000000004,5,5,5,15
963,37,9,80218.64,3,3,5,11
964,95,5,21362.07,2,1,1,4
965,9,10,61954.64,5,4,5,14
966,55,6,20632.81,3,1,1,5
967,6,8,32872.19,5,3,2,10
968,17,8,34777.24,4,3,2,9
969,22,6,36207.01,4,1,3,8
970,54,13,61410.450000000004,3,5,5,13
971,49,9,48418.31,3,3,4,10
972,130,6,35687.73,1,1,3,5
973,10,5,20806.29,5,1,1,7
974,5,8,44571.85,5,3,4,12
975,47,10,44973.08,3,4,4,11
976,183,8,45938.23,1,3,4,8
977,5,9,59687.27,5,3,5,13
978,517,2,16019.85,1,1,1,3
979,7,8,33575.95,5,3,2,10
980,144,5,32468.48,1,1,2,4
981,47,5,28121.620000000003,3,1,2,6
982,22,12,68389.04,4,5,5,14
983,59,9,28465.25,3,3,2,8
984,17,8,49399.21,4,3,4,11
985,78,7,39628.7,2,2,3,7
986,46,6,37518.78,3,1,3,7
987,30,10,39724.82,4,4,3,11
988,36,7,45576.369999999995,3,2,4,9
989,29,5,19903.73,4,1,1,6
990,6,12,78474.6,5,5,5,15
991,10,8,66353.08,5,3,5,13
992,182,5,26822.84,1,1,2,4
993,56,10,52647.44,3,4,4,11
994,80,8,29935.420000000002,2,3,2,7
995,8,15,93725.68000000001,5,5,5,15
996,29,7,16199.33,4,2,1,7
997,38,10,31505.39,3,4,2,9
998,72,12,59083.86,2,5,5,12
999,74,6,15225.25,2,1,1,4
1000,13,8,72496.57,5,3,5,13
1001,81,5,22377.3,2,1,1,4
1002,119,6,39407.32,1,1,3,5
1003,136,7,20500.07,1,2,1,4
1004,132,8,54034.450000000004,1,3,4,8
1005,4,17,78133.25,5,5,5,15
1006,18,8,37877.3,4,3,3,10
1007,10,10,46393.32,5,4,4,13
1008,67,6,19430.07,2,1,1,4
1009,8,8,32096.14,5,3,2,10
1010,47,6,39024.45,3,1,3,7
1011,38,6,25003.34,3,1,1,5
1012,43,9,20090.6,3,3,1,7
1013,29,7,36320.06,4,2,3,9
1014,19,7,32257.68,4,2,2,8
1015,50,6,24449.75,3,1,1,5
1016,10,10,72101.75,5,4,5,14
1017,52,12,60883.75,3,5,5,13
1018,63,6,34008.04,2,1,2,5
1019,78,7,34063.19,2,2,2,6
1020,5,10,57096.81,5,4,5,14
1021,35,10,64281.08,4,4,5,13
1022,279,10,30562.91,1,4,2,7
1023,8,12,32830.1,5,5,2,12
1024,9,8,45022.5,5,3,4,12
1025,175,6,36541.450000000004,1,1,3,5
1026,39,6,22475.25,3,1,1,5
1027,58,3,6800.6900000000005,3,1,1,5
1028,52,15,102844.33,3,5,5,13
1029,105,7,33104.38,2,2,2,6
1030,6,9,40156.45,5,3,3,11
1031,8,7,45799.02,5,2,4,11
1032,74,6,7090.4,2,1,1,4
1033,14,7,31100.37,5,2,2,9
1034,93,4,24583.660000000003,2,1,1,4
1035,51,10,38376.57,3,4,3,10
1036,159,1,8002.44,1,1,1,3
1037,31,16,77120.88,4,5,5,14
1038,181,5,26140.28,1,1,2,4
1039,178,5,21671.25,1,1,1,3
1040,198,4,21754.829999999998,1,1,1,3
1041,79,13,57955.04,2,5,5,12
1042,71,3,21127.06,2,1,1,4
1043,7,5,20013.55,5,1,1,7
1044,29,12,66277.55,4,5,5,14
1045,73,2,14670.32,2,1,1,4
1046,142,5,29125.300000000003,1,1,2,4
1047,91,13,44952.08,2,5,4,11
1048,25,10,32073.300000000003,4,4,2,10
1049,17,7,38661.770000000004,4,2,3,9
1050,88,7,40173.01,2,2,3,7
1051,3,11,52263.12,5,5,4,14
1052,12,5,18784.61,5,1,1,7
1053,32,5,26673.47,4,1,2,7
1054,34,12,49013.76,4,5,4,13
1055,123,8,47270.270000000004,1,3,4,8
1056,59,6,26278.24,3,1,2,6
1057,36,7,40809.73,3,2,3,8
1058,51,11,64204.7,3,5,5,13
1059,24,3,8888.550000000001,4,1,1,6
1060,53,8,38460.19,3,3,3,9
1061,128,4,24996.89,1,1,1,3
1062,10,9,71868.7,5,3,5,13
1063,6,12,56836.28,5,5,4,14
1064,271,4,24008.35,1,1,1,3
1065,24,10,62390.76,4,4,5,13
1066,14,8,49957.4,5,3,4,12
1067,28,4,24446.11,4,1,1,6
1068,59,9,50316.1,3,3,4,10
1069,23,9,58627.31,4,3,5,12
1070,56,10,62821.759999999995,3,4,5,12
1071,28,11,89462.31,4,5,5,14
1072,49,6,27475.230000000003,3,1,2,6
1073,22,5,24810.280000000002,4,1,1,6
1074,7,7,27691.07,5,2,2,9
1075,65,7,40817.4,2,2,3,7
1076,36,8,51253.7,3,3,4,10
1077,26,10,35417.44,4,4,3,11
1078,67,6,49209.66,2,1,4,7
1079,93,9,39012.11,2,3,3,8
1080,37,10,35725.97,3,4,3,10
1081,9,6,25055.309999999998,5,1,1,7
1082,3,8,52512.86,5,3,4,12
1083,53,4,16483.53,3,1,1,5
1084,87,10,52359.64,2,4,4,10
1085,14,5,16462.65,5,1,1,7
1086,73,9,56833.16,2,3,4,9
1087,60,8,28191.97,3,3,2,8
1088,15,9,37380.96,5,3,3,11
1089,49,3,13996.11,3,1,1,5
1090,141,6,34936.69,1,1,3,5
1091,9,10,50325.66,5,4,4,13
1092,38,7,39416.03,3,2,3,8
1093,14,12,61358.25,5,5,5,15
1094,22,7,40415.2,4,2,3,9
1095,8,7,20864.89,5,2,1,8
1096,159,4,19783.56,1,1,1,3
1097,17,6,10789.95,4,1,1,6
1098,3,10,66480.23,5,4,5,14
1099,88,7,50483.71,2,2,4,8
1100,187,9,45122.47,1,3,4,8
1101,64,7,51963.64,2,2,4,8
1102,69,11,44624.270000000004,2,5,4,11
1103,61,6,39429.78,3,1,3,7
1104,101,6,27898.44,2,1,2,5
1105,116,4,37258.78,1,1,3,5
1106,107,8,31287.95,2,3,2,7
1107,70,7,34676.98,2,2,2,6
1108,64,15,99822.31,2,5,5,12
1109,65,8,51743.03,2,3,4,9
1110,87,7,32529.48,2,2,2,6
1111,73,9,52689.380000000005,2,3,4,9
1112,9,6,21918.51,5,1,1,7
1113,181,4,18793.26,1,1,1,3
1114,26,6,35555.5,4,1,3,8
1115,94,8,43005.3,2,3,3,8
1116,130,6,38304.24,1,1,3,5
1117,6,6,34062.340000000004,5,1,2,8
1118,45,11,25802.7,3,5,2,10
1119,28,8,57412.06,4,3,5,12
1120,50,11,40627.64,3,5,3,11
1121,31,9,28169.42,4,3,2,9
1122,32,10,40339.2,4,4,3,11
1123,19,4,27920.39,4,1,2,7
1124,78,9,23235.31,2,3,1,6
1125,5,8,43305.68,5,3,3,11
1126,8,8,47905.46,5,3,4,12
1127,10,11,59640.96,5,5,5,15
1128,84,10,49886.130000000005,2,4,4,10
1129,51,9,43844.37,3,3,3,9
1130,75,11,41995.740000000005,2,5,3,10
1131,18,4,11204.53,4,1,1,6
1132,36,7,39154.479999999996,3,2,3,8
1133,19,9,40847.45,4,3,3,10
1134,5,13,88468.35,5,5,5,15
1135,134,5,24220.18,1,1,1,3
1136,45,3,24486.620000000003,3,1,1,5
1137,41,8,17084.77,3,3,1,7
1138,30,11,36329.15,4,5,3,12
1139,245,6,15184.58,1,1,1,3
1140,219,9,38951.47,1,3,3,7
1141,45,10,54968.25,3,4,4,11
1142,51,12,65292.73,3,5,5,13
1143,37,14,87945.37,3,5,5,13
1144,1,9,34836.13,5,3,2,10
1145,26,11,45994.56,4,5,4,13
1146,8,5,19823.42,5,1,1,7
1147,10,17,75406.12,5,5,5,15
1148,53,9,41283.6,3,3,3,9
1149,50,10,51871.19,3,4,4,11
1150,61,7,25409.63,3,2,2,7
1151,48,7,57543.36,3,2,5,10
1152,111,7,23643.83,1,2,1,4
1153,153,3,24082.02,1,1,1,3
1154,9,12,77370.22,5,5,5,15
1155,1,12,71455.76,5,5,5,15
1156,110,6,30497.590000000004,2,1,2,5
1157,70,5,28191.37,2,1,2,5
1158,9,10,75278.34,5,4,5,14
1159,120,9,57962.240000000005,1,3,5,9
1160,88,7,41470.04,2,2,3,7
1161,40,10,39684.229999999996,3,4,3,10
1162,66,9,53724.21,2,3,4,9
1163,68,11,61240.07,2,5,5,12
1164,37,11,80373.2,3,5,5,13
1165,94,6,29990.74,2,1,2,5
1166,29,7,30838.64,4,2,2,8
1167,49,8,17870.74,3,3,1,7
1168,69,6,33614.840000000004,2,1,2,5
1169,71,8,56144.509999999995,2,3,4,9
1170,116,6,34156.16,1,1,2,4
1171,324,3,21731.92,1,1,1,3
1172,72,4,15627.12,2,1,1,4
1173,119,5,24740.43,1,1,1,3
1174,46,13,51552.69,3,5,4,12
1175,207,3,15492.88,1,1,1,3
1176,55,6,40820.0,3,1,3,7
1177,121,8,24116.18,1,3,1,5
1178,25,4,22592.43,4,1,1,6
1179,204,6,26205.7,1,1,2,4
1180,18,13,53751.47,4,5,4,13
1181,33,7,56865.25,4,2,4,10
1182,18,9,51117.06,4,3,4,11
1183,23,9,56560.85,4,3,4,11
1184,19,6,10529.869999999999,4,1,1,6
1185,45,6,22788.229999999996,3,1,1,5
1186,49,5,43169.75,3,1,3,7
1187,5,5,17161.36,5,1,1,7
1188,2,12,54976.770000000004,5,5,4,14
1189,37,4,25371.34,3,1,2,6
1190,141,5,36376.97,1,1,3,5
1191,147,8,44174.83,1,3,3,7
1192,130,2,22277.54,1,1,1,3
1193,17,16,111946.37,4,5,5,14
1194,36,11,36135.61,3,5,3,11
1195,93,11,59980.92,2,5,5,12
1196,7,17,102340.52,5,5,5,15
1197,70,12,74531.07,2,5,5,12
1198,43,10,44690.16,3,4,4,11
1199,5,10,48222.05,5,4,4,13
1200,15,7,36728.009999999995,5,2,3,10
1201,120,7,44402.59,1,2,3,6
1202,72,9,36875.81,2,3,3,8
1203,167,9,19732.71,1,3,1,5
1204,63,12,60713.68,2,5,5,12
1205,37,7,24523.94,3,2,1,6
1206,78,14,60756.34,2,5,5,12
1207,317,4,13191.880000000001,1,1,1,3
1208,20,10,55145.0,4,4,4,12
1209,192,7,54268.86,1,2,4,7
1210,243,5,16206.57,1,1,1,3
1211,9,5,30980.49,5,1,2,8
1212,175,6,32053.24,1,1,2,4
1213,24,9,54380.38,4,3,4,11
1214,19,6,50115.490000000005,4,1,4,9
1215,8,13,60013.58,5,5,5,15
1216,13,9,41255.92,5,3,3,11
1217,17,7,44945.31,4,2,4,10
1218,133,7,48562.24,1,2,4,7
1219,58,7,40275.03,3,2,3,8
1220,60,7,31250.89,3,2,2,7
1221,86,8,33942.9,2,3,2,7
1222,19,8,35914.37,4,3,3,10
1223,150,7,37919.82,1,2,3,6
1224,115,8,33402.84,1,3,2,6
1225,68,9,30949.32,2,3,2,7
1226,168,3,22196.67,1,1,1,3
1227,40,6,45920.05,3,1,4,8
1228,22,8,39717.409999999996,4,3,3,10
1230,19,9,38461.130000000005,4,3,3,10
1231,2,13,59944.729999999996,5,5,5,15
1232,19,15,78704.38,4,5,5,14
1233,55,16,87412.68000000001,3,5,5,13
1234,15,6,34671.270000000004,5,1,2,8
1235,52,10,50185.869999999995,3,4,4,11
1236,9,7,26351.44,5,2,2,9
1237,3,3,24422.9,5,1,1,7
1238,2,10,44528.93,5,4,3,12
1239,29,11,44140.11,4,5,3,12
1240,105,9,27095.97,2,3,2,7
1241,10,5,24762.87,5,1,1,7
1242,59,8,30105.61,3,3,2,8
1243,55,6,12715.52,3,1,1,5
1244,8,10,53241.68,5,4,4,13
1245,35,10,49787.98,4,4,4,12
1246,97,5,18380.38,2,1,1,4
1247,5,10,32410.85,5,4,2,11
1248,7,14,98392.67,5,5,5,15
1249,192,4,13128.560000000001,1,1,1,3
1250,53,9,58540.75,3,3,5,11
1251,44,13,58726.53,3,5,5,13
1252,157,5,23480.83,1,1,1,3
1253,37,3,13229.380000000001,3,1,1,5
1254,3,5,9285.88,5,1,1,7
1255,30,5,29151.94,4,1,2,7
1256,21,7,51129.55,4,2,4,10
1257,13,7,44347.770000000004,5,2,3,10
1258,88,7,24831.33,2,2,1,5
1259,29,9,47894.91,4,3,4,11
1260,122,6,30638.34,1,1,2,4
1261,6,11,72600.28,5,5,5,15
1262,38,12,48978.9,3,5,4,12
1263,15,9,48637.89,5,3,4,12
1264,93,7,26526.74,2,2,2,6
1265,54,9,52642.59,3,3,4,10
1266,25,7,39964.020000000004,4,2,3,9
1267,106,4,22341.97,2,1,1,4
1268,24,8,28104.989999999998,4,3,2,9
1269,63,17,55342.46,2,5,4,11
1270,147,4,10332.630000000001,1,1,1,3
1271,98,5,28614.91,2,1,2,5
1272,57,9,64868.9,3,3,5,11
1273,75,5,40044.03,2,1,3,6
1274,41,6,45140.2,3,1,4,8
1275,21,8,54615.33,4,3,4,11
1276,69,8,31267.46,2,3,2,7
1277,13,8,51841.24,5,3,4,12
1278,41,9,59697.98,3,3,5,11
1279,6,3,20328.39,5,1,1,7
1280,50,10,59832.829999999994,3,4,5,12
1281,47,9,40871.34,3,3,3,9
1282,32,15,79902.04,4,5,5,14
1283,34,7,46369.03,4,2,4,10
1284,23,6,21965.66,4,1,1,6
1285,45,8,35817.41,3,3,3,9
1286,15,6,52863.45,5,1,4,10
1287,85,10,98561.35,2,4,5,11
1288,90,12,50741.19,2,5,4,11
1289,30,4,15723.48,4,1,1,6
1290,105,6,32742.43,2,1,2,5
1291,290,9,55945.9,1,3,4,8
1292,48,9,37414.47,3,3,3,9
1293,27,5,27562.379999999997,4,1,2,7
1294,82,10,63814.79,2,4,5,11
1295,21,8,28759.8,4,3,2,9
1296,25,8,25897.309999999998,4,3,2,9
1297,38,9,55207.78999999999,3,3,4,10
1298,31,9,47008.97,4,3,4,11
1299,121,10,49748.04,1,4,4,9
1300,81,6,35235.54,2,1,3,6
1301,48,6,22810.579999999998,3,1,1,5
1302,34,9,44591.8,4,3,4,11
1303,170,5,31747.3,1,1,2,4
1304,12,8,36504.4,5,3,3,11
1305,109,10,15554.029999999999,2,4,1,7
1306,7,14,80381.11,5,5,5,15
1307,65,7,51758.89,2,2,4,8
1308,22,8,26571.93,4,3,2,9
1309,43,8,31769.02,3,3,2,8
1310,12,9,52363.619999999995,5,3,4,12
1311,47,6,44784.68,3,1,4,8
1312,48,8,28117.59,3,3,2,8
1313,6,12,45374.909999999996,5,5,4,14
1314,39,6,24028.54,3,1,1,5
1315,166,4,20750.579999999998,1,1,1,3
1316,11,7,20179.95,5,2,1,8
1317,45,10,89678.24,3,4,5,12
1318,153,5,12737.16,1,1,1,3
1319,107,9,40456.27,2,3,3,8
1320,265,9,57383.18,1,3,5,9
1321,3,9,57944.04,5,3,5,13
1322,42,9,37621.979999999996,3,3,3,9
1323,116,10,96481.24,1,4,5,10
1324,187,6,41578.59,1,1,3,5
1325,3,7,37620.259999999995,5,2,3,10
1326,5,8,38502.26,5,3,3,11
1327,79,5,27426.28,2,1,2,5
1328,10,5,8798.94,5,1,1,7
1329,50,5,26610.22,3,1,2,6
1330,49,6,43705.32,3,1,3,7
1331,9,9,70341.57,5,3,5,13
1332,7,7,32353.300000000003,5,2,2,9
1333,110,5,26546.980000000003,2,1,2,5
1334,24,6,19406.86,4,1,1,6
1335,67,9,37810.57,2,3,3,8
1336,37,6,39532.4,3,1,3,7
1337,111,11,44657.74,1,5,4,10
1338,245,5,34728.35,1,1,2,4
1339,92,7,46800.12,2,2,4,8
1340,58,10,66937.70999999999,3,4,5,12
1341,92,8,38264.770000000004,2,3,3,8
1342,284,1,7512.66,1,1,1,3
1343,85,4,21220.56,2,1,1,4
1344,13,6,31957.06,5,1,2,8
1345,60,6,20956.86,3,1,1,5
1346,77,12,80596.73000000001,2,5,5,12
1347,89,6,50647.94,2,1,4,7
1348,25,6,30141.48,4,1,2,7
1349,161,12,42093.170000000006,1,5,3,9
1350,4,10,59840.57,5,4,5,14
1351,20,10,34249.59,4,4,2,10
1352,1,6,67521.95,5,1,5,11
1353,26,1,4551.03,4,1,1,6
1354,67,8,24193.0,2,3,1,6
1355,105,8,38531.67,2,3,3,8
1356,83,7,25108.09,2,2,1,5
1357,44,7,53202.89,3,2,4,9
1358,41,5,31663.79,3,1,2,6
1359,336,3,23625.98,1,1,1,3
1360,167,4,21048.02,1,1,1,3
1361,41,9,60040.36,3,3,5,11
1362,37,13,67696.02,3,5,5,13
1363,80,9,32138.579999999998,2,3,2,7
1364,60,5,15876.08,3,1,1,5
1365,140,8,39873.62,1,3,3,7
1366,4,11,82987.84,5,5,5,15
1367,42,8,30454.11,3,3,2,8
1368,33,6,24204.760000000002,4,1,1,6
1369,498,2,8984.32,1,1,1,3
1370,27,11,47487.98,4,5,4,13
1371,44,10,66090.17,3,4,5,12
1372,74,9,24975.22,2,3,1,6
1373,16,7,34792.31,4,2,2,8
1374,6,5,15190.310000000001,5,1,1,7
1375,236,5,43165.42,1,1,3,5
1376,36,7,28209.670000000002,3,2,2,7
1377,28,9,50812.93,4,3,4,11
1378,175,7,17302.23,1,2,1,4
1379,93,8,38257.85,2,3,3,8
1380,222,1,5408.11,1,1,1,3
1381,127,8,23509.88,1,3,1,5
1382,1,6,41777.21,5,1,3,9
1383,2,5,24143.760000000002,5,1,1,7
1384,105,5,37539.25,2,1,3,6
1385,8,8,36650.0,5,3,3,11
1386,9,9,51026.880000000005,5,3,4,12
1387,18,8,29038.29,4,3,2,9
1388,59,10,61183.979999999996,3,4,5,12
1389,88,7,44772.68,2,2,4,8
1390,5,10,52609.89,5,4,4,13
1391,11,11,47592.13,5,5,4,14
1392,38,4,20415.68,3,1,1,5
1393,180,5,44052.99,1,1,3,5
1394,149,3,23006.46,1,1,1,3
1395,360,4,28910.32,1,1,2,4
1396,90,6,29525.21,2,1,2,5
1397,54,7,40463.25,3,2,3,8
1398,29,12,46579.77,4,5,4,13
1399,45,11,50857.61,3,5,4,12
1400,58,7,38623.41,3,2,3,8
1401,42,7,17446.7,3,2,1,6
1402,10,9,35595.659999999996,5,3,3,11
1403,62,10,82157.93,3,4,5,12
1404,116,5,36953.770000000004,1,1,3,5
1405,2,9,41616.88,5,3,3,11
1406,138,8,42142.82,1,3,3,7
1407,83,5,19959.01,2,1,1,4
1408,44,11,87089.1,3,5,5,13
1409,3,17,52062.159999999996,5,5,4,14
1410,101,10,24661.12,2,4,1,7
1411,35,11,63328.590000000004,4,5,5,14
1412,107,8,32130.51,2,3,2,7
1413,72,8,45744.87,2,3,4,9
1414,5,11,44798.5,5,5,4,14
1415,62,6,26595.41,3,1,2,6
1416,219,6,21367.91,1,1,1,3
1417,137,7,47063.4,1,2,4,7
1418,36,12,65971.66,3,5,5,13
1419,54,7,25677.31,3,2,2,7
1420,71,6,42645.76,2,1,3,6
1421,39,8,21261.33,3,3,1,7
1422,27,9,48659.54,4,3,4,11
1423,15,6,42115.92,5,1,3,9
1424,23,9,34066.25,4,3,2,9
1425,51,3,21922.86,3,1,1,5
1426,12,6,22311.29,5,1,1,7
1427,68,4,23243.57,2,1,1,4
1428,49,7,36917.72,3,2,3,8
1429,25,13,59410.310000000005,4,5,5,14
1430,4,9,53865.29,5,3,4,12
1431,68,8,54217.869999999995,2,3,4,9
1432,126,8,60098.05,1,3,5,9
1433,157,5,19878.4,1,1,1,3
1434,160,5,32012.03,1,1,2,4
1435,172,15,73201.78,1,5,5,11
1436,45,7,52257.37,3,2,4,9
1437,29,10,59372.96,4,4,5,13
1438,133,5,14483.710000000001,1,1,1,3
1439,62,5,26083.34,3,1,2,6
1440,120,6,44421.2,1,1,3,5
1441,149,6,22183.89,1,1,1,3
1442,161,5,29010.13,1,1,2,4
1443,1,12,55459.32,5,5,4,14
1444,23,8,35584.1,4,3,3,10
1445,337,3,6099.72,1,1,1,3
1446,60,11,60057.83,3,5,5,13
1447,94,6,34960.31,2,1,3,6
1448,12,11,51125.42,5,5,4,14
1449,78,9,71458.16,2,3,5,10
1450,313,2,7642.65,1,1,1,3
1451,9,10,52847.36,5,4,4,13
1452,23,14,58616.05,4,5,5,14
1453,16,9,49628.7,4,3,4,11
1454,20,5,25982.010000000002,4,1,2,7
1455,160,7,50548.87,1,2,4,7
1456,21,8,50278.270000000004,4,3,4,11
1457,175,7,36040.94,1,2,3,6
1458,47,4,8625.18,3,1,1,5
1459,14,11,38406.21,5,5,3,13
1460,295,3,8284.66,1,1,1,3
1461,111,8,41321.89,1,3,3,7
1462,116,6,27676.32,1,1,2,4
1463,50,6,21200.73,3,1,1,5
1464,37,8,22068.38,3,3,1,7
1465,49,7,36496.770000000004,3,2,3,8
1466,39,13,53662.0,3,5,4,12
1467,67,5,15058.939999999999,2,1,1,4
1468,1,11,57303.89,5,5,5,15
1469,11,10,73559.98,5,4,5,14
1470,59,5,37011.31,3,1,3,7
1471,31,5,9557.92,4,1,1,6
1472,100,9,47136.65,2,3,4,9
1473,54,7,35274.16,3,2,3,8
1474,87,8,24150.84,2,3,1,6
1475,44,6,32835.97,3,1,2,6
1476,70,7,42175.11,2,2,3,7
1477,16,9,47125.62,4,3,4,11
1478,50,10,28091.530000000002,3,4,2,9
1479,237,6,39352.399999999994,1,1,3,5
1480,30,7,22655.18,4,2,1,7
1481,37,8,37271.91,3,3,3,9
1482,16,4,18479.45,4,1,1,6
1483,72,11,47987.880000000005,2,5,4,11
1484,80,12,93328.08,2,5,5,12
1485,66,8,60422.44,2,3,5,10
1486,91,11,47340.02,2,5,4,11
1487,64,10,76609.36,2,4,5,11
1488,55,6,17401.53,3,1,1,5
1489,93,10,45505.59,2,4,4,10
1490,68,7,26426.55,2,2,2,6
1491,79,6,43729.86,2,1,3,6
1492,16,9,52886.369999999995,4,3,4,11
1493,36,8,44219.9,3,3,3,9
1494,75,4,33018.85,2,1,2,5
1495,73,8,59958.6,2,3,5,10
1496,13,7,30551.699999999997,5,2,2,9
1497,4,8,58026.99,5,3,5,13
1498,88,4,36972.12,2,1,3,6
1499,39,7,39051.4,3,2,3,8
1500,44,12,64191.420000000006,3,5,5,13
1501,19,8,34208.76,4,3,2,9
1502,8,12,61887.22,5,5,5,15
1503,22,8,55052.66,4,3,4,11
1504,89,6,35443.36,2,1,3,6
1505,61,5,21711.05,3,1,1,5
1506,35,11,53135.43,4,5,4,13
1507,48,8,27583.27,3,3,2,8
1508,302,3,12810.07,1,1,1,3
1509,137,8,39413.659999999996,1,3,3,7
1510,50,9,40514.95,3,3,3,9
1511,18,9,54939.21,4,3,4,11
1512,12,12,89420.31,5,5,5,15
1513,20,9,48898.799999999996,4,3,4,11
1514,75,6,35742.12,2,1,3,6
1515,25,14,87773.70999999999,4,5,5,14
1516,16,15,100526.15,4,5,5,14
1517,44,14,118393.12,3,5,5,13
1518,79,8,36293.83,2,3,3,8
1519,153,7,32224.28,1,2,2,5
1520,118,9,51169.04,1,3,4,8
1521,58,7,56986.18,3,2,5,10
1522,99,7,46100.32,2,2,4,8
1523,100,8,29301.85,2,3,2,7
1524,9,5,19674.32,5,1,1,7
1525,28,12,70322.42,4,5,5,14
1526,39,11,60270.87,3,5,5,13
1527,26,4,13455.94,4,1,1,6
1528,28,10,61049.4,4,4,5,13
1529,129,4,12071.0,1,1,1,3
1530,242,9,34111.26,1,3,2,6
1531,128,7,46174.659999999996,1,2,4,7
1532,128,4,31978.47,1,1,2,4
1533,16,8,50764.31,4,3,4,11
1534,28,6,26447.64,4,1,2,7
1535,14,7,51663.31,5,2,4,11
1536,107,8,57133.84,2,3,5,10
1537,19,13,72573.2,4,5,5,14
1538,177,6,28030.56,1,1,2,4
1539,122,9,48756.41,1,3,4,8
1540,61,5,13945.31,3,1,1,5
1541,241,7,35399.16,1,2,3,6
1542,112,6,27492.260000000002,1,1,2,4
1543,23,9,46398.46,4,3,4,11
1544,33,7,38828.96,4,2,3,9
1545,4,5,25244.93,5,1,2,8
1546,7,12,44973.35,5,5,4,14
1547,30,6,25197.949999999997,4,1,2,7
1548,110,6,39278.01,2,1,3,6
1549,10,8,45842.229999999996,5,3,4,12
1550,116,5,18717.87,1,1,1,3
1551,85,8,23891.43,2,3,1,6
1552,2,4,15048.75,5,1,1,7
1553,34,9,37041.1,4,3,3,10
1554,25,7,37272.79,4,2,3,9
1555,6,5,24676.760000000002,5,1,1,7
1556,129,8,53135.74,1,3,4,8
1557,196,10,28784.62,1,4,2,7
1558,74,10,37178.19,2,4,3,9
1559,12,13,54728.299999999996,5,5,4,14
1560,7,5,16481.92,5,1,1,7
1561,25,6,27382.93,4,1,2,7
1562,22,4,22825.370000000003,4,1,1,6
1563,13,14,82163.81,5,5,5,15
1564,69,11,75050.40000000001,2,5,5,12
1565,163,4,26614.2,1,1,2,4
1566,71,7,40314.49,2,2,3,7
1567,12,8,54048.42,5,3,4,12
1568,63,7,41232.49,2,2,3,7
1569,57,6,29583.49,3,1,2,6
1570,51,8,41965.619999999995,3,3,3,9
1571,89,8,49956.020000000004,2,3,4,9
1572,93,5,26404.22,2,1,2,5
1573,9,6,38273.4,5,1,3,9
1574,127,7,28818.15,1,2,2,5
1575,2,10,40163.0,5,4,3,12
1576,57,11,65318.15,3,5,5,13
1577,21,10,48277.78,4,4,4,12
1578,47,11,48631.58,3,5,4,12
1579,181,4,10151.43,1,1,1,3
1580,50,10,42386.28,3,4,3,10
1581,227,2,7294.51,1,1,1,3
1582,132,6,24718.010000000002,1,1,1,3
1583,33,8,26619.54,4,3,2,9
1584,54,14,64745.13,3,5,5,13
1585,5,5,31343.46,5,1,2,8
1586,37,10,79825.36,3,4,5,12
1587,9,7,46922.83,5,2,4,11
1588,2,11,70962.51,5,5,5,15
1589,53,11,72082.5,3,5,5,13
1590,106,5,27951.14,2,1,2,5
1591,35,8,45319.130000000005,4,3,4,11
1592,10,6,25056.75,5,1,1,7
1593,18,6,22265.89,4,1,1,6
1594,55,6,45539.020000000004,3,1,4,8
1595,40,7,57486.520000000004,3,2,5,10
1596,47,6,10373.38,3,1,1,5
1597,51,13,88695.24,3,5,5,13
1598,37,6,20985.03,3,1,1,5
1599,56,5,15863.550000000001,3,1,1,5
1600,31,4,18312.12,4,1,1,6
1601,53,9,47518.7,3,3,4,10
1602,213,9,46808.409999999996,1,3,4,8
1603,28,7,50397.8,4,2,4,10
1604,57,7,31514.59,3,2,2,7
1605,86,8,28594.63,2,3,2,7
1606,85,11,55646.74,2,5,4,11
1607,56,9,58141.15,3,3,5,11
1608,27,5,16914.52,4,1,1,6
1609,20,13,77252.35,4,5,5,14
1610,71,10,75077.84,2,4,5,11
1611,23,9,35130.340000000004,4,3,3,10
1612,63,9,48945.26,2,3,4,9
1613,29,13,44140.76,4,5,3,12
1614,26,8,54802.69,4,3,4,11
1615,74,7,25408.36,2,2,2,6
1616,243,6,34151.799999999996,1,1,2,4
1617,56,11,43042.76,3,5,3,11
1618,12,8,43117.61,5,3,3,11
1619,166,8,40662.94,1,3,3,7
1620,6,6,23821.29,5,1,1,7
1621,6,8,57403.590000000004,5,3,5,13
1622,119,6,28748.04,1,1,2,4
1623,5,10,54994.82,5,4,4,13
1624,7,14,91512.87,5,5,5,15
1625,42,6,16109.470000000001,3,1,1,5
1626,69,9,42532.11,2,3,3,8
1627,21,10,33668.21,4,4,2,10
1628,105,4,18494.12,2,1,1,4
1629,43,9,54150.95,3,3,4,10
1630,137,5,16294.93,1,1,1,3
1631,58,6,26051.83,3,1,2,6
1632,15,13,53088.07,5,5,4,14
1633,107,12,65823.28,2,5,5,12
1634,21,9,64377.049999999996,4,3,5,12
1635,68,9,73586.18000000001,2,3,5,10
1636,299,1,1438.64,1,1,1,3
1637,67,7,45306.59,2,2,4,8
1638,3,9,76589.38,5,3,5,13
1639,135,5,20469.62,1,1,1,3
1640,151,3,14443.66,1,1,1,3
1641,152,4,13047.78,1,1,1,3
1642,33,7,21022.25,4,2,1,7
1643,4,13,80220.25,5,5,5,15
1644,75,10,78767.9,2,4,5,11
1645,50,6,30853.09,3,1,2,6
1646,63,7,33665.58,2,2,2,6
1647,39,13,89830.99,3,5,5,13
1648,3,10,28056.66,5,4,2,11
1649,153,8,42409.2,1,3,3,7
1650,85,7,65680.83,2,2,5,9
1651,18,6,12655.800000000001,4,1,1,6
1652,103,7,43621.149999999994,2,2,3,7
1653,112,10,57643.87,1,4,5,10
1654,285,3,18916.19,1,1,1,3
1655,25,6,47186.87,4,1,4,9
1656,30,15,76292.69,4,5,5,14
1657,11,12,80005.63,5,5,5,15
1658,79,8,23371.88,2,3,1,6
1659,72,9,38562.24,2,3,3,8
1660,55,10,31534.97,3,4,2,9
1661,28,7,37123.49,4,2,3,9
1662,22,9,45763.48,4,3,4,11
1663,140,8,34573.24,1,3,2,6
1664,47,16,72080.91,3,5,5,13
1665,14,3,15758.07,5,1,1,7
1666,57,12,57274.83,3,5,5,13
1667,86,12,87603.06,2,5,5,12
1668,53,8,37908.39,3,3,3,9
1669,108,7,40706.700000000004,2,2,3,7
1670,117,8,26432.91,1,3,2,6
1671,22,8,40318.69,4,3,3,10
1672,75,3,10090.38,2,1,1,4
1673,9,13,69219.84,5,5,5,15
1674,55,8,36521.59,3,3,3,9
1675,16,7,33530.87,4,2,2,8
1676,18,8,44859.7,4,3,4,11
1677,99,8,29181.260000000002,2,3,2,7
1678,32,15,81977.37,4,5,5,14
1679,55,7,36238.090000000004,3,2,3,8
1680,348,5,32844.49,1,1,2,4
1681,37,8,31735.93,3,3,2,8
1682,5,8,31801.239999999998,5,3,2,10
1683,7,9,60643.06,5,3,5,13
1684,88,11,49066.62,2,5,4,11
1685,41,11,63083.36,3,5,5,13
1686,6,10,52062.36,5,4,4,13
1687,32,8,37973.89,4,3,3,10
1688,90,3,26413.449999999997,2,1,2,5
1689,108,6,36010.85,2,1,3,6
1690,98,5,34681.66,2,1,2,5
1691,3,5,21084.39,5,1,1,7
1692,37,5,17581.73,3,1,1,5
1693,97,10,57227.060000000005,2,4,5,11
1694,9,8,28633.59,5,3,2,10
1695,8,5,21915.07,5,1,1,7
1696,45,10,79305.56,3,4,5,12
1697,285,2,11351.099999999999,1,1,1,3
1698,44,8,31192.410000000003,3,3,2,8
1699,66,9,51434.69,2,3,4,9
1700,56,10,62422.8,3,4,5,12
1701,4,9,33664.93,5,3,2,10
1702,167,10,47020.57,1,4,4,9
1703,30,6,24079.89,4,1,1,6
1704,129,5,32290.94,1,1,2,4
1705,65,6,21050.440000000002,2,1,1,4
1706,117,3,16132.81,1,1,1,3
1707,8,9,61214.02,5,3,5,13
1708,95,7,27717.91,2,2,2,6
1709,125,3,8120.6900000000005,1,1,1,3
1710,71,8,62623.57,2,3,5,10
1711,271,4,21626.52,1,1,1,3
1712,33,7,41551.14,4,2,3,9
1713,60,3,13081.8,3,1,1,5
1714,174,5,25149.18,1,1,1,3
1715,12,4,32373.82,5,1,2,8
1716,111,4,8445.84,1,1,1,3
1717,46,11,50009.19,3,5,4,12
1718,6,8,54870.590000000004,5,3,4,12
1719,5,12,61639.92,5,5,5,15
1720,254,2,10405.900000000001,1,1,1,3
1721,94,6,27997.350000000002,2,1,2,5
1722,14,10,35647.55,5,4,3,12
1723,151,12,53367.98,1,5,4,10
1724,49,8,39889.07,3,3,3,9
1725,84,3,9000.35,2,1,1,4
1726,214,9,70452.11,1,3,5,9
1727,66,6,37105.43,2,1,3,6
1728,9,13,71254.03,5,5,5,15
1729,27,10,48811.72,4,4,4,12
1730,62,6,21101.31,3,1,1,5
1731,6,8,59220.37,5,3,5,13
1732,367,2,6129.71,1,1,1,3
1733,7,8,31099.75,5,3,2,10
1734,153,5,15438.91,1,1,1,3
1735,4,7,22825.18,5,2,1,8
1736,28,8,51700.76,4,3,4,11
1737,5,2,12266.34,5,1,1,7
1738,11,8,72742.73,5,3,5,13
1739,102,9,57450.58,2,3,5,10
1740,133,4,18952.489999999998,1,1,1,3
1741,1,9,75467.76,5,3,5,13
1742,7,11,65560.8,5,5,5,15
1743,111,5,31064.769999999997,1,1,2,4
1744,18,11,55508.19,4,5,4,13
1745,89,10,42313.22,2,4,3,9
1746,55,8,38076.159999999996,3,3,3,9
1747,2,12,49793.42,5,5,4,14
1748,38,8,39354.36,3,3,3,9
1749,186,3,22080.48,1,1,1,3
1750,7,13,91372.81,5,5,5,15
1751,205,6,27578.74,1,1,2,4
1752,216,7,39739.97,1,2,3,6
1753,71,12,60011.68,2,5,5,12
1754,36,8,67788.26,3,3,5,11
1755,34,5,27200.59,4,1,2,7
1756,2,11,84466.11,5,5,5,15
1757,75,14,66796.06999999999,2,5,5,12
1758,60,7,39902.45,3,2,3,8
1759,39,7,19682.52,3,2,1,6
1760,23,3,5346.95,4,1,1,6
1761,14,8,68100.95999999999,5,3,5,13
1762,32,13,69354.41,4,5,5,14
1763,234,7,38021.840000000004,1,2,3,6
1764,56,11,50353.81,3,5,4,12
1765,177,9,32958.85,1,3,2,6
1766,30,10,58183.85,4,4,5,13
1767,119,10,62384.34,1,4,5,10
1768,70,5,41469.83,2,1,3,6
1769,19,8,25904.39,4,3,2,9
1770,50,8,39289.93,3,3,3,9
1771,5,9,35913.200000000004,5,3,3,11
1772,121,6,37919.9,1,1,3,5
1773,64,7,29985.61,2,2,2,6
1774,58,10,47749.94,3,4,4,11
1775,55,9,58708.1,3,3,5,11
1776,22,14,86610.75,4,5,5,14
1777,47,9,40058.880000000005,3,3,3,9
1778,1,10,41025.48,5,4,3,12
1779,266,2,11325.509999999998,1,1,1,3
1780,1,12,68026.06999999999,5,5,5,15
1781,79,12,67397.13,2,5,5,12
1782,225,6,25586.66,1,1,2,4
1783,119,11,76162.84,1,5,5,11
1784,126,5,27434.14,1,1,2,4
1785,20,17,64716.53,4,5,5,14
1786,34,12,69074.12,4,5,5,14
1787,5,9,32110.27,5,3,2,10
1788,84,9,56772.39,2,3,4,9
1789,58,9,48730.869999999995,3,3,4,10
1790,84,9,56886.0,2,3,4,9
1791,152,7,44272.880000000005,1,2,3,6
1792,7,7,26198.76,5,2,2,9
1793,2,9,52214.28,5,3,4,12
1794,35,8,23761.48,4,3,1,8
1795,19,11,49410.020000000004,4,5,4,13
1796,33,10,59857.28,4,4,5,13
1797,26,4,4821.839999999999,4,1,1,6
1798,41,3,13728.54,3,1,1,5
1799,86,7,28420.300000000003,2,2,2,6
1800,89,6,24022.89,2,1,1,4
1801,74,6,29146.6,2,1,2,5
1802,22,6,20958.879999999997,4,1,1,6
1803,34,9,34518.990000000005,4,3,2,9
1804,86,4,12816.32,2,1,1,4
1805,5,8,55890.32,5,3,4,12
1806,5,13,69437.75,5,5,5,15
1807,12,4,40424.63,5,1,3,9
1808,80,7,32863.56,2,2,2,6
1809,4,8,26838.95,5,3,2,10
1810,3,9,37968.92,5,3,3,11
1811,52,11,59023.06,3,5,5,13
1812,10,8,41307.479999999996,5,3,3,11
1813,42,5,27027.46,3,1,2,6
1814,17,8,39206.39,4,3,3,10
1815,27,11,73370.56,4,5,5,14
1816,239,10,38388.35,1,4,3,8
1817,31,11,68387.27,4,5,5,14
1818,17,7,27410.98,4,2,2,8
1819,82,10,57304.09,2,4,5,11
1820,129,14,100918.78,1,5,5,11
1821,21,10,62048.89,4,4,5,13
1822,64,7,41559.59,2,2,3,7
1823,10,2,3287.9900000000002,5,1,1,7
1824,13,11,72924.78,5,5,5,15
1825,141,6,25731.72,1,1,2,4
1826,215,8,29501.18,1,3,2,6
1827,33,10,54259.72,4,4,4,12
1828,36,6,31831.6,3,1,2,6
1829,140,8,31136.510000000002,1,3,2,6
1830,92,7,57053.700000000004,2,2,5,9
1831,14,6,47279.32,5,1,4,10
1832,29,12,69620.82,4,5,5,14
1833,4,10,54116.29,5,4,4,13
1834,19,8,19123.29,4,3,1,8
1835,76,13,60675.42,2,5,5,12
1836,79,3,11338.48,2,1,1,4
1837,9,8,20308.72,5,3,1,9
1838,102,10,74027.87,2,4,5,11
1839,87,8,37893.15,2,3,3,8
1840,25,6,25330.629999999997,4,1,2,7
1841,35,12,41248.49,4,5,3,12
1842,13,8,53511.479999999996,5,3,4,12
1843,97,9,77458.5,2,3,5,10
1844,271,5,17597.2,1,1,1,3
1845,25,10,36714.88,4,4,3,11
1846,86,11,57198.36,2,5,5,12
1847,149,6,20988.48,1,1,1,3
1848,104,9,49134.67,2,3,4,9
1849,148,6,23359.61,1,1,1,3
1850,23,7,45016.56,4,2,4,10
1851,22,13,73349.54000000001,4,5,5,14
1852,22,9,66678.76,4,3,5,12
1853,120,7,27732.22,1,2,2,5
1854,57,11,43270.74,3,5,3,11
1855,75,6,26872.05,2,1,2,5
1856,63,12,65946.74,2,5,5,12
1857,35,10,45485.729999999996,4,4,4,12
1858,7,3,18044.64,5,1,1,7
1859,194,5,29575.09,1,1,2,4
1860,31,4,30233.659999999996,4,1,2,7
1861,7,3,25908.989999999998,5,1,2,8
1862,206,8,54539.93,1,3,4,8
1863,49,11,68433.95999999999,3,5,5,13
1864,43,4,11454.4,3,1,1,5
1865,29,10,51891.45,4,4,4,12
1866,129,10,43917.55,1,4,3,8
1867,57,6,20050.24,3,1,1,5
1868,17,8,55578.409999999996,4,3,4,11
1869,11,6,30672.35,5,1,2,8
1870,12,7,29599.359999999997,5,2,2,9
1871,32,10,32130.07,4,4,2,10
1872,1,11,62781.11,5,5,5,15
1873,215,6,48854.33,1,1,4,6
1874,5,12,44166.51,5,5,3,13
1875,9,9,67048.94,5,3,5,13
1876,192,2,22790.010000000002,1,1,1,3
1877,63,8,22730.059999999998,2,3,1,6
1878,57,5,9313.29,3,1,1,5
1879,78,8,24690.329999999998,2,3,1,6
1880,20,16,84209.47,4,5,5,14
1881,44,10,64770.87,3,4,5,12
1882,128,6,23507.65,1,1,1,3
1883,48,12,64106.2,3,5,5,13
1884,53,10,67546.11,3,4,5,12
1885,40,12,48596.4,3,5,4,12
1886,28,10,51950.22,4,4,4,12
1887,36,5,30467.43,3,1,2,6
1888,78,11,44605.88,2,5,4,11
1889,33,7,31166.61,4,2,2,8
1890,85,10,60179.41,2,4,5,11
1891,27,5,29838.86,4,1,2,7
1892,103,7,30770.27,2,2,2,6
1893,26,10,43671.28,4,4,3,11
1894,27,7,45559.5,4,2,4,10
1895,162,8,39822.1,1,3,3,7
1896,8,5,21582.5,5,1,1,7
1897,9,13,55014.29,5,5,4,14
1898,40,14,85805.77,3,5,5,13
1899,44,9,45323.97,3,3,4,10
1900,19,8,39935.86,4,3,3,10
1901,54,14,88905.81,3,5,5,13
1902,13,2,7748.67,5,1,1,7
1903,4,11,66460.34999999999,5,5,5,15
1904,8,8,48037.44,5,3,4,12
1905,25,9,46990.73,4,3,4,11
1906,11,8,37151.4,5,3,3,11
1907,46,8,44205.52,3,3,3,9
1908,83,16,76728.73,2,5,5,12
1909,49,4,17202.370000000003,3,1,1,5
1910,200,8,39653.23,1,3,3,7
1911,142,9,55695.69,1,3,4,8
1912,107,4,18855.82,2,1,1,4
1913,34,11,74364.7,4,5,5,14
1914,28,8,37984.53,4,3,3,10
1915,61,12,73260.93,3,5,5,13
1916,127,7,38098.1,1,2,3,6
1917,16,11,63835.88,4,5,5,14
1918,155,12,51494.72,1,5,4,10
1919,19,6,26519.370000000003,4,1,2,7
1920,21,9,51609.05,4,3,4,11
1921,43,8,28475.510000000002,3,3,2,8
1922,128,11,46552.39,1,5,4,10
1923,4,11,59217.94,5,5,5,15
1924,56,17,87957.39,3,5,5,13
1925,10,6,38494.48,5,1,3,9
1926,1,17,66471.65,5,5,5,15
1927,17,8,43194.58,4,3,3,10
1928,95,4,38038.66,2,1,3,6
1929,16,10,45254.020000000004,4,4,4,12
1930,34,10,55486.41,4,4,4,12
1931,61,7,52742.58,3,2,4,9
1932,152,6,49957.67,1,1,4,6
1933,53,11,41520.76,3,5,3,11
1934,32,4,30977.5,4,1,2,7
1935,148,6,27720.45,1,1,2,4
1936,30,8,60886.48,4,3,5,12
1937,119,13,81127.77,1,5,5,11
1938,31,7,50295.03,4,2,4,10
1939,402,4,12540.76,1,1,1,3
1940,32,5,13022.91,4,1,1,6
1941,180,4,24132.510000000002,1,1,1,3
1942,82,10,31198.65,2,4,2,8
1943,111,10,56247.649999999994,1,4,4,9
1944,18,8,43165.93,4,3,3,10
1945,18,11,44127.17,4,5,3,12
1946,31,10,46004.83,4,4,4,12
1947,27,8,49197.39,4,3,4,11
1948,150,12,62377.03,1,5,5,11
1949,92,5,26959.38,2,1,2,5
1950,22,14,38759.54,4,5,3,12
1951,16,3,11342.55,4,1,1,6
1952,44,6,47744.18,3,1,4,8
1953,30,4,26430.57,4,1,2,7
1954,146,7,36969.49,1,2,3,6
1955,119,10,54363.37,1,4,4,9
1956,43,9,39307.03,3,3,3,9
1957,69,8,45826.6,2,3,4,9
1958,13,8,52091.53,5,3,4,12
1959,70,7,39206.95,2,2,3,7
1960,42,9,86184.08,3,3,5,11
1961,9,11,52394.200000000004,5,5,4,14
1962,101,8,32108.339999999997,2,3,2,7
1963,27,11,60332.81,4,5,5,14
1964,33,10,44472.21,4,4,3,11
1965,69,9,38437.37,2,3,3,8
1966,70,8,40054.71,2,3,3,8
1967,13,7,41258.56,5,2,3,10
1968,69,12,67800.13,2,5,5,12
1969,124,4,36867.7,1,1,3,5
1970,197,3,8556.93,1,1,1,3
1971,168,8,31851.18,1,3,2,6
1972,3,10,57742.86,5,4,5,14
1973,131,8,32287.66,1,3,2,6
1974,66,8,29518.15,2,3,2,7
1975,16,11,50121.26,4,5,4,13
1976,1,15,86258.03,5,5,5,15
1977,45,7,33927.38,3,2,2,7
1978,40,9,29473.21,3,3,2,8
1979,166,5,20062.55,1,1,1,3
1980,95,6,26156.4,2,1,2,5
1981,16,8,44448.1,4,3,3,10
1982,22,10,49811.46,4,4,4,12
1983,8,8,24424.27,5,3,1,9
1984,113,6,26481.469999999998,1,1,2,4
1985,59,3,17471.49,3,1,1,5
1986,7,8,47530.55,5,3,4,12
1987,30,8,52900.0,4,3,4,11
1988,105,4,10796.76,2,1,1,4
1989,44,5,36450.08,3,1,3,7
1990,35,8,39846.01,4,3,3,10
1991,289,9,66832.44,1,3,5,9
1992,37,7,27123.96,3,2,2,7
1993,192,5,19025.68,1,1,1,3
1994,9,8,43177.08,5,3,3,11
1995,62,11,81252.83,3,5,5,13
1996,3,7,43560.2,5,2,3,10
1997,292,5,16954.88,1,1,1,3
1998,152,4,14511.52,1,1,1,3
1999,80,7,31892.09,2,2,2,6
2000,164,2,10700.39,1,1,1,3
2001,54,9,71885.35,3,3,5,11
2002,10,12,57353.99,5,5,5,15
2003,144,7,31499.46,1,2,2,5
2004,17,12,53542.46,4,5,4,13
2005,49,3,9996.7,3,1,1,5
2006,13,8,34681.97,5,3,2,10
2007,149,3,18369.16,1,1,1,3
2008,103,6,20815.21,2,1,1,4
2009,26,4,20454.98,4,1,1,6
2010,2,9,52576.15,5,3,4,12
2011,220,9,42987.62,1,3,3,7
2012,6,5,28285.3,5,1,2,8
2013,39,7,36935.01,3,2,3,8
2014,128,1,1458.0,1,1,1,3
2015,100,10,26506.9,2,4,2,8
2016,33,8,46965.68,4,3,4,11
2017,84,4,14990.84,2,1,1,4
2018,21,11,47190.24,4,5,4,13
2019,48,4,27805.3,3,1,2,6
2020,21,7,44831.17,4,2,4,10
2021,271,7,37932.51,1,2,3,6
2022,81,10,36116.19,2,4,3,9
2023,98,9,61612.52,2,3,5,10
2024,64,6,21625.05,2,1,1,4
2025,97,5,17237.76,2,1,1,4
2026,4,7,38065.67,5,2,3,10
2027,148,4,24670.16,1,1,1,3
2028,70,11,60763.51,2,5,5,12
2029,100,4,16196.11,2,1,1,4
2030,17,10,59840.03,4,4,5,13
2031,114,5,35190.020000000004,1,1,3,5
2032,2,7,16171.77,5,2,1,8
2033,132,9,55592.770000000004,1,3,4,8
2034,94,7,37156.94,2,2,3,7
2035,36,8,41033.19,3,3,3,9
2036,134,11,66982.34,1,5,5,11
2037,126,8,46021.02,1,3,4,8
2038,31,6,27859.68,4,1,2,7
2039,54,6,49077.33,3,1,4,8
2040,14,8,37381.05,5,3,3,11
2041,9,14,95796.33,5,5,5,15
2042,159,10,57262.6,1,4,5,10
2043,28,5,14795.71,4,1,1,6
2044,1,5,18947.879999999997,5,1,1,7
2045,77,8,44490.14,2,3,3,8
2046,45,3,16650.06,3,1,1,5
2047,15,11,54346.11,5,5,4,14
2048,101,6,28879.04,2,1,2,5
2049,74,7,14545.34,2,2,1,5
2050,14,7,21526.2,5,2,1,8
2051,56,9,33626.78,3,3,2,8
2052,61,4,31688.11,3,1,2,6
2053,26,15,76115.40000000001,4,5,5,14
2054,84,11,76871.42,2,5,5,12
2055,59,8,30370.7,3,3,2,8
2056,202,6,19168.65,1,1,1,3
2057,24,8,38890.35,4,3,3,10
2058,19,8,63570.409999999996,4,3,5,12
2059,46,11,45564.43,3,5,4,12
2060,58,9,31651.35,3,3,2,8
2061,13,6,23458.49,5,1,1,7
2062,82,8,41291.8,2,3,3,8
2063,42,2,2210.71,3,1,1,5
2064,378,4,29859.08,1,1,2,4
2065,143,6,20313.22,1,1,1,3
2066,225,6,25669.5,1,1,2,4
2067,201,5,18376.93,1,1,1,3
2068,14,9,48643.09,5,3,4,12
2069,53,9,31663.43,3,3,2,8
2070,88,10,49655.06,2,4,4,10
2071,178,8,34274.37,1,3,2,6
2072,20,7,44691.29,4,2,4,10
2073,91,6,23338.67,2,1,1,4
2074,311,3,11978.84,1,1,1,3
2075,31,5,24697.46,4,1,1,6
2076,34,6,9102.91,4,1,1,6
2077,100,8,51542.79,2,3,4,9
2078,2,13,43424.79,5,5,3,13
2079,39,6,20141.52,3,1,1,5
2080,230,2,23703.510000000002,1,1,1,3
2081,22,8,60441.24,4,3,5,12
2082,4,8,36157.51,5,3,3,11
2083,22,7,36653.71,4,2,3,9
2084,38,7,28160.49,3,2,2,7
2085,46,9,25924.72,3,3,2,8
2086,54,10,54301.9,3,4,4,11
2087,99,6,10511.47,2,1,1,4
2088,103,9,56244.28,2,3,4,9
2089,116,9,25240.34,1,3,2,6
2090,88,6,44685.49,2,1,4,7
2091,29,12,66095.42,4,5,5,14
2092,25,13,43545.94,4,5,3,12
2093,2,4,9547.86,5,1,1,7
2094,56,11,56240.07,3,5,4,12
2095,82,5,25670.89,2,1,2,5
2096,82,6,53943.07,2,1,4,7
2097,65,7,44493.75,2,2,3,7
2098,127,5,10604.060000000001,1,1,1,3
2099,15,13,56182.740000000005,5,5,4,14
2100,178,8,39000.63,1,3,3,7
2101,17,5,40242.29,4,1,3,8
2102,139,10,29497.02,1,4,2,7
2103,10,12,54211.58,5,5,4,14
2104,168,7,35106.96,1,2,3,6
2105,53,6,26671.489999999998,3,1,2,6
2106,109,9,32050.38,2,3,2,7
2107,1,6,18771.79,5,1,1,7
2108,87,5,21760.26,2,1,1,4
2109,59,12,72757.74,3,5,5,13
2110,14,8,80186.49,5,3,5,13
2111,41,6,21832.38,3,1,1,5
2112,6,14,64766.14,5,5,5,15
2113,259,4,18216.74,1,1,1,3
2114,2,13,55906.18,5,5,4,14
2115,106,7,20446.760000000002,2,2,1,5
2116,33,6,52149.5,4,1,4,9
2117,23,9,38111.6,4,3,3,10
2118,4,10,65417.87,5,4,5,14
2119,43,11,52014.37,3,5,4,12
2120,11,9,45320.329999999994,5,3,4,12
2121,236,4,8393.83,1,1,1,3
2122,154,10,69630.59,1,4,5,10
2123,91,5,29780.980000000003,2,1,2,5
2124,28,13,99683.38,4,5,5,14
2125,7,17,103816.24,5,5,5,15
2126,264,3,20361.82,1,1,1,3
2127,54,7,20723.47,3,2,1,6
2128,2,9,48636.03,5,3,4,12
2129,16,11,37183.72,4,5,3,12
2130,19,12,49770.72,4,5,4,13
2131,2,3,19486.949999999997,5,1,1,7
2132,107,5,28785.41,2,1,2,5
2133,63,9,48001.01,2,3,4,9
2134,18,11,38553.659999999996,4,5,3,12
2135,19,8,46956.35,4,3,4,11
2136,49,8,18837.46,3,3,1,7
2137,4,7,46546.14,5,2,4,11
2138,4,9,41571.55,5,3,3,11
2139,45,8,36321.4,3,3,3,9
2140,255,5,27347.170000000002,1,1,2,4
2141,14,7,36508.51,5,2,3,10
2142,19,10,46756.14,4,4,4,12
2143,41,15,65198.979999999996,3,5,5,13
2144,139,4,24480.12,1,1,1,3
2145,10,14,59357.47,5,5,5,15
2146,99,8,51360.55,2,3,4,9
2147,276,6,21304.67,1,1,1,3
2148,72,9,37123.34,2,3,3,8
2149,3,12,67245.03,5,5,5,15
2150,134,2,8325.02,1,1,1,3
2151,27,6,27019.05,4,1,2,7
2152,281,5,31798.27,1,1,2,4
2153,30,11,56831.79,4,5,4,13
2154,49,11,59343.32,3,5,5,13
2155,123,9,40205.21,1,3,3,7
2156,11,9,46725.88,5,3,4,12
2157,87,9,63008.22,2,3,5,10
2158,131,12,59809.73,1,5,5,11
2159,46,9,35276.05,3,3,3,9
2160,114,8,45447.990000000005,1,3,4,8
2161,75,8,24104.3,2,3,1,6
2162,57,8,45159.89,3,3,4,10
2163,57,6,13504.02,3,1,1,5
2164,28,9,67903.35,4,3,5,12
2165,48,13,61287.76,3,5,5,13
2166,33,10,34301.96,4,4,2,10
2167,15,2,6069.35,5,1,1,7
2168,15,11,50803.33,5,5,4,14
2169,18,10,52819.26,4,4,4,12
2170,7,10,53151.85,5,4,4,13
2171,43,10,65583.62,3,4,5,12
2172,1,5,33573.9,5,1,2,8
2173,52,6,41614.09,3,1,3,7
2174,4,6,42491.520000000004,5,1,3,9
2175,24,15,55603.909999999996,4,5,4,13
2176,97,12,55671.74,2,5,4,11
2177,9,10,53548.24,5,4,4,13
2178,79,7,40046.93,2,2,3,7
2179,51,9,32407.55,3,3,2,8
2180,11,9,26773.33,5,3,2,10
2181,70,11,49185.76,2,5,4,11
2182,1,4,28276.22,5,1,2,8
2183,105,11,72807.51,2,5,5,12
2184,119,7,26727.56,1,2,2,5
2185,53,6,25540.059999999998,3,1,2,6
2186,80,8,19465.87,2,3,1,6
2187,13,7,36168.61,5,2,3,10
2188,48,9,31951.41,3,3,2,8
2189,94,9,50477.46,2,3,4,9
2190,3,7,44051.87,5,2,3,10
2191,51,15,71161.24,3,5,5,13
2192,26,11,46832.21,4,5,4,13
2193,15,12,55058.03,5,5,4,14
2194,35,5,36342.89,4,1,3,8
2195,13,6,42323.12,5,1,3,9
2196,13,11,60402.94,5,5,5,15
2197,23,12,67394.81,4,5,5,14
2198,105,7,18990.75,2,2,1,5
2199,142,5,17267.16,1,1,1,3
2200,296,6,31140.48,1,1,2,4
2201,31,7,35946.26,4,2,3,9
2202,131,8,44740.87,1,3,4,8
2203,88,10,84089.44,2,4,5,11
2204,7,11,60184.24,5,5,5,15
2205,65,11,59497.840000000004,2,5,5,12
2206,21,6,22053.44,4,1,1,6
2207,156,7,36643.24,1,2,3,6
2208,143,8,25172.29,1,3,1,5
2209,29,9,66326.29,4,3,5,12
2210,78,5,15226.6,2,1,1,4
2211,85,10,24094.2,2,4,1,7
2212,157,6,24397.03,1,1,1,3
2213,41,7,38381.200000000004,3,2,3,8
2214,87,12,50852.33,2,5,4,11
2215,192,9,27961.25,1,3,2,6
2216,119,6,14405.34,1,1,1,3
2217,52,7,51182.4,3,2,4,9
2218,51,7,32982.51,3,2,2,7
2219,46,6,40980.26,3,1,3,7
2220,74,12,64582.11,2,5,5,12
2221,117,6,32357.260000000002,1,1,2,4
2222,93,9,55659.04,2,3,4,9
2223,44,8,30816.489999999998,3,3,2,8
2224,65,12,46350.77,2,5,4,11
2225,56,9,38518.26,3,3,3,9
2226,59,9,63853.39,3,3,5,11
2227,47,3,23735.809999999998,3,1,1,5
2228,9,5,24052.86,5,1,1,7
2229,243,7,24012.78,1,2,1,4
2230,49,13,84808.84,3,5,5,13
2231,123,10,69269.14,1,4,5,10
2232,5,9,33059.53,5,3,2,10
2233,13,8,45816.68,5,3,4,12
2234,61,8,33819.47,3,3,2,8
2235,193,6,31780.23,1,1,2,4
2236,22,8,27776.96,4,3,2,9
2237,64,7,17409.77,2,2,1,5
2238,28,9,39298.2,4,3,3,10
2239,77,10,34882.48,2,4,3,9
2240,1,9,37994.01,5,3,3,11
2241,17,9,43813.68,4,3,3,10
2242,5,12,45158.54,5,5,4,14
2243,18,9,43530.280000000006,4,3,3,10
2244,26,5,13453.19,4,1,1,6
2245,12,12,50668.159999999996,5,5,4,14
2246,349,2,9716.29,1,1,1,3
2247,111,10,45999.14,1,4,4,9
2248,164,8,35365.8,1,3,3,7
2249,32,10,58156.380000000005,4,4,5,13
2250,67,9,54182.82,2,3,4,9
2251,1,9,42985.69,5,3,3,11
2252,8,15,89550.63,5,5,5,15
2253,22,15,69275.18000000001,4,5,5,14
2254,44,8,45500.83,3,3,4,10
2255,132,6,44519.5,1,1,3,5
2256,1,7,24800.99,5,2,1,8
2257,41,9,25254.31,3,3,2,8
2258,102,14,58453.729999999996,2,5,5,12
2259,20,7,27416.84,4,2,2,8
2260,26,8,37755.72,4,3,3,10
2261,12,7,25024.72,5,2,1,8
2262,114,5,45327.48,1,1,4,6
2263,130,4,26156.210000000003,1,1,2,4
2264,132,9,35505.99,1,3,3,7
2265,107,4,35190.64,2,1,3,6
2266,328,2,13023.16,1,1,1,3
2267,122,9,56222.149999999994,1,3,4,8
2268,66,4,16058.73,2,1,1,4
2269,235,9,53979.340000000004,1,3,4,8
2270,202,7,24372.57,1,2,1,4
2271,12,9,33686.78,5,3,2,10
2272,2,8,38159.36,5,3,3,11
2273,58,10,76800.18,3,4,5,12
2274,2,8,19634.92,5,3,1,9
2275,53,11,37528.119999999995,3,5,3,11
2276,28,7,46088.9,4,2,4,10
2277,110,7,30633.5,2,2,2,6
2278,105,8,24548.7,2,3,1,6
2279,61,10,54823.78,3,4,4,11
2280,72,11,51273.63,2,5,4,11
2281,17,8,51796.31,4,3,4,11
2282,199,7,34118.32,1,2,2,5
2283,32,9,44752.2,4,3,4,11
2284,37,10,41311.990000000005,3,4,3,10
2285,128,6,35428.82,1,1,3,5
2286,66,12,55715.6,2,5,4,11
2287,6,14,64396.06,5,5,5,15
2288,62,6,28383.41,3,1,2,6
2289,36,6,47079.66,3,1,4,8
2290,243,4,10951.44,1,1,1,3
2291,8,7,20130.920000000002,5,2,1,8
2292,242,5,19206.14,1,1,1,3
2293,142,4,10166.86,1,1,1,3
2294,29,7,35782.91,4,2,3,9
2295,17,5,28452.21,4,1,2,7
2296,101,8,22499.26,2,3,1,6
2297,147,5,30183.03,1,1,2,4
2298,54,9,32857.33,3,3,2,8
2299,45,5,28331.67,3,1,2,6
2300,33,11,71248.05,4,5,5,14
2301,73,7,38345.74,2,2,3,7
2302,1,10,34557.02,5,4,2,11
2303,157,4,21601.57,1,1,1,3
2304,40,10,39193.1,3,4,3,10
2305,51,5,24841.31,3,1,1,5
2306,47,11,49408.92,3,5,4,12
2307,52,11,82961.03,3,5,5,13
2308,204,6,38741.520000000004,1,1,3,5
2309,38,10,43142.78,3,4,3,10
2310,65,9,70064.52,2,3,5,10
2311,36,7,57962.34,3,2,5,10
2312,81,11,63814.68,2,5,5,12
2313,32,13,108799.14,4,5,5,14
2314,7,5,16726.87,5,1,1,7
2315,8,5,32446.590000000004,5,1,2,8
2316,25,5,12909.84,4,1,1,6
2317,10,4,9485.15,5,1,1,7
2318,29,12,33429.03,4,5,2,11
2319,23,9,42843.0,4,3,3,10
2320,80,6,20213.25,2,1,1,4
2321,146,11,35494.78,1,5,3,9
2322,61,10,61172.25,3,4,5,12
2323,72,7,26515.67,2,2,2,6
2324,121,10,35789.22,1,4,3,8
2325,75,7,52559.53,2,2,4,8
2326,23,8,15128.16,4,3,1,8
2327,58,6,25169.489999999998,3,1,1,5
2328,154,5,29067.4,1,1,2,4
2329,20,9,31694.22,4,3,2,9
2330,6,5,15002.4,5,1,1,7
2331,7,7,37431.4,5,2,3,10
2332,12,8,54851.62,5,3,4,12
2333,41,11,45412.75,3,5,4,12
2334,208,4,13201.39,1,1,1,3
2335,124,8,17508.93,1,3,1,5
2336,95,6,39621.840000000004,2,1,3,6
2337,24,13,51211.649999999994,4,5,4,13
2338,13,8,34729.24,5,3,2,10
2339,17,4,10709.24,4,1,1,6
2340,201,5,41020.54,1,1,3,5
2341,170,9,65945.67,1,3,5,9
2342,27,5,19280.8,4,1,1,6
2343,64,3,10540.8,2,1,1,4
2344,18,7,37510.13,4,2,3,9
2345,176,8,42637.33,1,3,3,7
2346,151,3,21656.090000000004,1,1,1,3
2347,1,10,38181.2,5,4,3,12
2348,60,5,24307.68,3,1,1,5
2349,27,8,26832.77,4,3,2,9
2350,12,5,31591.71,5,1,2,8
2351,13,11,71735.62,5,5,5,15
2352,40,11,47826.840000000004,3,5,4,12
2353,1,15,78109.06,5,5,5,15
2354,48,6,39061.36,3,1,3,7
2355,44,8,29032.9,3,3,2,8
2356,50,13,106236.74,3,5,5,13
2357,5,12,98346.04000000001,5,5,5,15
2358,35,9,26235.89,4,3,2,9
2359,163,4,35942.94,1,1,3,5
2360,8,5,23479.38,5,1,1,7
2361,54,9,29423.38,3,3,2,8
2362,24,7,31024.719999999998,4,2,2,8
2363,1,10,57516.4,5,4,5,14
2364,94,9,58524.07,2,3,5,10
2365,125,12,63590.130000000005,1,5,5,11
2366,56,12,87094.58,3,5,5,13
2367,86,6,19128.35,2,1,1,4
2368,139,12,60712.58,1,5,5,11
2369,28,10,52231.62,4,4,4,12
2370,12,11,63899.45,5,5,5,15
2371,133,5,11879.26,1,1,1,3
2372,94,9,49709.14,2,3,4,9
2373,58,11,79833.28,3,5,5,13
2374,39,12,48010.740000000005,3,5,4,12
2375,55,11,50536.76,3,5,4,12
2376,18,8,33403.97,4,3,2,9
2377,19,11,46685.28,4,5,4,13
2378,8,9,80950.06,5,3,5,13
2379,81,9,54645.770000000004,2,3,4,9
2380,9,9,48929.65,5,3,4,12
2381,300,7,32784.56,1,2,2,5
2382,4,13,67957.42,5,5,5,15
2383,122,7,50551.03,1,2,4,7
2384,7,7,60077.14,5,2,5,12
2385,10,7,26380.07,5,2,2,9
2386,61,9,59827.29,3,3,5,11
2387,27,7,18601.22,4,2,1,7
2388,2,7,47117.91,5,2,4,11
2389,23,5,31089.25,4,1,2,7
2390,189,6,16129.82,1,1,1,3
2391,23,5,22805.55,4,1,1,6
2392,9,7,50799.98,5,2,4,11
2393,19,11,89169.84999999999,4,5,5,14
2394,55,7,38014.17,3,2,3,8
2395,78,6,44959.5,2,1,4,7
2396,72,8,38980.7,2,3,3,8
2397,29,10,61348.06,4,4,5,13
2398,12,7,39517.98,5,2,3,10
2399,62,7,32904.54,3,2,2,7
2400,71,8,31801.64,2,3,2,7
2401,31,6,34674.11,4,1,2,7
2402,29,9,43726.04,4,3,3,10
2403,31,8,25319.72,4,3,2,9
2404,46,7,34435.91,3,2,2,7
2405,33,7,37809.26,4,2,3,9
2406,35,15,66073.98,4,5,5,14
2407,28,12,96563.56999999999,4,5,5,14
2408,7,13,59115.2,5,5,5,15
2409,24,9,43707.37,4,3,3,10
2410,6,7,34491.979999999996,5,2,2,9
2411,176,9,41164.69,1,3,3,7
2412,78,7,37145.54,2,2,3,7
2413,53,11,69730.01,3,5,5,13
2414,10,9,49043.04,5,3,4,12
2415,116,10,46350.28,1,4,4,9
2416,89,10,57098.6,2,4,5,11
2417,24,13,82710.72,4,5,5,14
2418,138,6,33352.14,1,1,2,4
2419,51,5,21726.940000000002,3,1,1,5
2420,40,11,64994.04,3,5,5,13
2421,10,9,60006.369999999995,5,3,5,13
2422,48,13,51183.89,3,5,4,12
2423,37,10,52106.03,3,4,4,11
2424,5,11,65003.36,5,5,5,15
2425,8,4,24655.4,5,1,1,7
2426,44,5,18612.87,3,1,1,5
2427,20,5,40380.8,4,1,3,8
2428,10,10,29378.109999999997,5,4,2,11
2429,226,6,36496.43,1,1,3,5
2430,7,8,25941.81,5,3,2,10
2431,9,6,21310.7,5,1,1,7
2432,38,9,50134.67,3,3,4,10
2433,64,16,73217.12,2,5,5,12
2434,98,13,60230.04,2,5,5,12
2435,53,6,22836.010000000002,3,1,1,5
2436,81,9,43321.45,2,3,3,8
2437,6,11,58954.63,5,5,5,15
2438,77,4,39760.7,2,1,3,6
2439,50,8,51066.83,3,3,4,10
2440,51,10,31430.57,3,4,2,9
2441,7,10,45883.16,5,4,4,13
2442,9,8,34279.76,5,3,2,10
2443,88,11,45503.56,2,5,4,11
2444,20,12,48877.01,4,5,4,13
2445,41,4,30694.559999999998,3,1,2,6
2446,94,8,33536.520000000004,2,3,2,7
2447,4,3,22683.16,5,1,1,7
2448,96,10,33041.55,2,4,2,8
2449,55,6,32186.94,3,1,2,6
2450,106,6,27682.35,2,1,2,5
2451,117,11,50768.05,1,5,4,10
2452,10,9,59036.73,5,3,5,13
2453,281,5,26968.02,1,1,2,4
2454,7,10,81435.99,5,4,5,14
2455,150,7,46778.74,1,2,4,7
2456,58,13,65075.38,3,5,5,13
2457,93,10,32041.22,2,4,2,8
2458,12,9,32472.089999999997,5,3,2,10
2459,110,9,50246.69,2,3,4,9
2460,2,7,39144.42,5,2,3,10
2461,71,5,13397.720000000001,2,1,1,4
2462,6,14,83137.47,5,5,5,15
2463,99,9,25904.7,2,3,2,7
2464,10,8,47523.43,5,3,4,12
2465,49,12,55431.399999999994,3,5,4,12
2466,35,7,49449.58,4,2,4,10
2467,11,10,39784.740000000005,5,4,3,12
2468,98,6,30041.08,2,1,2,5
2469,151,10,65552.7,1,4,5,10
2470,65,6,18994.08,2,1,1,4
2471,13,6,38016.869999999995,5,1,3,9
2472,4,8,52980.850000000006,5,3,4,12
2473,17,3,11096.57,4,1,1,6
2474,18,12,48052.81,4,5,4,13
2475,15,15,57390.770000000004,5,5,5,15
2476,16,9,37826.08,4,3,3,10
2477,51,8,42221.92,3,3,3,9
2478,25,8,37550.82,4,3,3,10
2479,253,7,31760.77,1,2,2,5
2480,41,12,67276.01,3,5,5,13
2481,213,8,48254.92,1,3,4,8
2482,63,12,69716.11,2,5,5,12
2483,69,6,24016.04,2,1,1,4
2484,22,11,76536.2,4,5,5,14
2485,60,7,33755.340000000004,3,2,2,7
2486,126,6,40020.97,1,1,3,5
2487,24,6,24671.88,4,1,1,6
2488,28,11,68838.94,4,5,5,14
2489,92,8,37548.36,2,3,3,8
2490,121,3,8267.16,1,1,1,3
2491,48,10,56703.41,3,4,4,11
2492,18,12,50654.340000000004,4,5,4,13
2493,13,14,83307.42,5,5,5,15
2494,19,8,38511.97,4,3,3,10
2495,112,8,25839.53,1,3,2,6
2496,70,7,24435.48,2,2,1,5
2497,20,13,56449.05,4,5,4,13
2498,31,10,62172.840000000004,4,4,5,13
2499,113,11,71956.42,1,5,5,11
2500,300,5,25329.38,1,1,2,4
2501,37,5,32253.08,3,1,2,6
2502,43,10,50722.47,3,4,4,11
2503,66,5,29908.61,2,1,2,5
2504,188,3,2452.66,1,1,1,3
2505,35,10,34851.08,4,4,2,10
2506,114,6,18666.71,1,1,1,3
2507,27,7,32221.68,4,2,2,8
2508,10,7,25756.06,5,2,2,9
2509,40,9,44902.18,3,3,4,10
2510,349,2,7873.75,1,1,1,3
2511,3,16,92355.98,5,5,5,15
2512,103,11,58225.39,2,5,5,12
2513,114,14,77671.51,1,5,5,11
2514,54,3,36014.18,3,1,3,7
2515,42,8,32305.19,3,3,2,8
2516,46,9,42865.340000000004,3,3,3,9
2517,7,7,35252.86,5,2,3,10
2518,109,5,15965.45,2,1,1,4
2519,58,8,43300.17,3,3,3,9
2520,139,11,28473.93,1,5,2,8
2521,61,10,46014.05,3,4,4,11
2522,110,12,55939.69,2,5,4,11
2523,62,9,44894.729999999996,3,3,4,10
2524,33,4,15867.27,4,1,1,6
2525,10,9,39642.14,5,3,3,11
2526,36,10,81449.66,3,4,5,12
2527,45,10,49575.409999999996,3,4,4,11
2528,7,8,45515.87,5,3,4,12
2529,31,5,35068.520000000004,4,1,3,8
2530,70,11,65216.41,2,5,5,12
2531,63,11,54033.65,2,5,4,11
2532,16,8,45273.82,4,3,4,11
2533,85,13,77182.48999999999,2,5,5,12
2534,50,10,81957.62,3,4,5,12
2535,99,6,37881.41,2,1,3,6
2536,116,8,57851.82,1,3,5,9
2537,18,14,49502.22,4,5,4,13
2538,44,11,52630.54,3,5,4,12
2539,18,14,47167.47,4,5,4,13
2540,29,7,34563.270000000004,4,2,2,8
2541,49,11,76534.48,3,5,5,13
2542,86,6,36901.78,2,1,3,6
2543,241,4,18353.36,1,1,1,3
2544,72,8,29729.42,2,3,2,7
2545,117,5,25923.03,1,1,2,4
2546,47,8,29398.37,3,3,2,8
2547,92,8,45594.03,2,3,4,9
2548,81,6,30052.120000000003,2,1,2,5
2549,49,9,40262.53,3,3,3,9
2550,80,8,36102.34,2,3,3,8
2551,106,5,30819.23,2,1,2,5
2552,99,6,26361.260000000002,2,1,2,5
2553,274,7,21272.05,1,2,1,4
2554,213,5,13545.44,1,1,1,3
2555,292,4,15908.650000000001,1,1,1,3
2556,45,11,63562.54,3,5,5,13
2557,61,5,8971.44,3,1,1,5
2558,73,8,24631.68,2,3,1,6
2559,95,8,40891.31,2,3,3,8
2560,1,5,36534.58,5,1,3,9
2561,69,10,49476.69,2,4,4,10
2562,48,14,70650.83,3,5,5,13
2563,11,10,30895.17,5,4,2,11
2564,55,10,72272.39,3,4,5,12
2565,87,8,36199.69,2,3,3,8
2566,3,7,29797.869999999995,5,2,2,9
2567,38,9,30675.33,3,3,2,8
2568,383,6,21980.03,1,1,1,3
2569,47,7,31475.52,3,2,2,7
2570,25,9,50985.3,4,3,4,11
2571,4,9,47000.72,5,3,4,12
2572,15,9,35529.47,5,3,3,11
2573,179,9,53151.35,1,3,4,8
2574,13,13,66944.64,5,5,5,15
2575,70,12,77842.27,2,5,5,12
2576,78,5,18842.68,2,1,1,4
2577,57,5,28111.16,3,1,2,6
2578,36,7,35672.47,3,2,3,8
2579,74,7,35712.51,2,2,3,7
2580,1,5,21834.58,5,1,1,7
2581,76,8,38598.14,2,3,3,8
2582,3,11,59144.37,5,5,5,15
2583,51,6,43895.75,3,1,3,7
2584,48,5,27144.370000000003,3,1,2,6
2585,78,12,53531.520000000004,2,5,4,11
2586,20,8,66471.68,4,3,5,12
2587,73,6,18116.49,2,1,1,4
2588,50,6,21272.99,3,1,1,5
2589,27,8,60928.05,4,3,5,12
2590,20,15,84697.2,4,5,5,14
2591,101,8,48393.72,2,3,4,9
2592,161,5,21619.64,1,1,1,3
2593,34,10,36105.0,4,4,3,11
2594,195,1,7645.55,1,1,1,3
2595,22,3,10592.949999999999,4,1,1,6
2596,26,12,73372.79,4,5,5,14
2597,48,7,48096.58,3,2,4,9
2598,20,6,23480.800000000003,4,2,1,7
2599,9,14,60234.75,5,5,5,15
2600,332,5,28920.390000000003,1,1,2,4
2601,41,8,51446.81,3,3,4,10
2602,28,8,53088.89,4,3,4,11
2603,33,5,16437.04,4,1,1,6
2604,187,6,41224.21,1,2,3,6
2605,48,8,60120.4,3,3,5,11
2606,166,4,9457.6,1,1,1,3
2607,239,8,50005.57,1,3,4,8
2608,45,8,44830.130000000005,3,3,4,10
2609,17,8,45700.26,4,3,4,11
2610,8,9,51644.33,5,3,4,12
2611,186,7,42531.81,1,2,3,6
2612,35,10,45079.05,4,4,4,12
2613,160,2,19697.29,1,1,1,3
2614,119,6,18540.06,1,2,1,4
2615,18,15,54143.1,4,5,4,13
2616,323,4,25487.4,1,1,2,4
2617,1,11,46319.96,5,5,4,14
2618,31,9,49411.88,4,3,4,11
2619,40,7,24864.74,3,2,1,6
2620,232,3,33071.020000000004,1,1,2,4
2621,7,7,34453.72,5,2,2,9
2622,115,6,42755.3,1,2,3,6
2623,73,10,54420.47,2,4,4,10
2624,16,5,22828.6,4,1,1,6
2625,3,9,61393.55,5,3,5,13
2626,41,8,48986.29,3,3,4,10
2627,22,11,59661.31,4,5,5,14
2628,61,4,40269.06,3,1,3,7
2629,107,6,13033.400000000001,2,2,1,5
2630,119,12,30093.010000000002,1,5,2,8
2631,9,13,61847.509999999995,5,5,5,15
2632,53,7,54220.41,3,2,4,9
2633,37,11,41737.78,3,5,3,11
2634,19,8,25887.85,4,3,2,9
2635,127,6,28494.11,1,2,2,5
2636,37,7,30030.84,3,2,2,7
2637,33,8,48667.85,4,3,4,11
2638,227,6,24658.02,1,2,1,4
2639,58,6,22439.03,3,2,1,6
2640,43,9,59909.81,3,3,5,11
2641,275,4,19504.71,1,1,1,3
2642,107,6,34039.97,2,2,2,6
2643,19,10,51039.59,4,4,4,12
2644,221,7,19130.14,1,2,1,4
2645,34,7,26527.28,4,2,2,8
2646,72,9,32502.11,2,3,2,7
2647,102,7,65082.52,2,2,5,9
2648,34,7,30157.53,4,2,2,8
2649,23,12,61798.62,4,5,5,14
2650,14,8,38895.58,5,3,3,11
2651,75,7,37150.31,2,2,3,7
2652,7,8,33430.11,5,3,2,10
2653,139,8,54676.93,1,3,4,8
2654,101,6,53489.85,2,2,4,8
2655,6,12,58131.2,5,5,5,15
2656,63,5,30015.77,2,1,2,5
2657,15,8,33149.87,5,3,2,10
2658,25,5,38977.08,4,1,3,8
2659,29,9,36057.39,4,3,3,10
2660,52,5,18905.920000000002,3,1,1,5
2661,126,4,10134.630000000001,1,1,1,3
2662,72,9,43756.91,2,3,3,8
2663,62,6,22591.71,3,2,1,6
2664,16,9,36440.81,4,3,3,10
2665,16,11,37591.19,4,5,3,12
2666,45,10,56493.9,3,4,4,11
2667,161,6,27321.570000000003,1,2,2,5
2668,17,10,60945.82,4,4,5,13
2669,31,8,35298.6,4,3,3,10
2670,29,6,16030.84,4,2,1,7
2671,39,4,21237.45,3,1,1,5
2672,22,12,38088.1,4,5,3,12
2673,157,12,82967.59,1,5,5,11
2674,100,10,57058.74,2,4,5,11
2675,42,7,40498.38,3,2,3,8
2676,38,8,57195.61,3,3,5,11
2677,2,9,59724.32,5,3,5,13
2678,133,5,17077.39,1,1,1,3
2679,3,7,41581.18,5,2,3,10
2680,41,12,43443.03,3,5,3,11
2681,142,7,41611.46,1,2,3,6
2682,33,10,41302.43,4,4,3,11
2683,124,10,46659.26,1,4,4,9
2684,19,12,47001.7,4,5,4,13
2685,90,11,34398.94,2,5,2,9
2686,39,8,29953.239999999998,3,3,2,8
2687,5,16,72681.35,5,5,5,15
2688,126,5,34937.59,1,1,3,5
2689,127,4,23404.2,1,1,1,3
2690,50,9,75556.14,3,3,5,11
2691,88,12,78811.43,2,5,5,12
2692,147,6,32278.010000000002,1,2,2,5
2693,125,9,65375.44,1,3,5,9
2694,32,10,62301.23,4,4,5,13
2695,2,9,46461.64,5,3,4,12
2696,37,9,42267.28,3,3,3,9
2697,14,8,34532.83,5,3,2,10
2698,14,7,33833.78,5,2,2,9
2699,12,8,54731.45,5,3,4,12
2700,44,9,68325.91,3,3,5,11
2701,68,12,73534.76000000001,2,5,5,12
2702,40,11,51724.630000000005,3,5,4,12
2703,479,2,4633.25,1,1,1,3
2704,34,10,32665.04,4,4,2,10
2705,123,6,21049.08,1,2,1,4
2706,34,9,19425.13,4,3,1,8
2707,30,8,42648.85,4,3,3,10
2708,8,7,47927.51,5,2,4,11
2709,52,13,66255.53,3,5,5,13
2710,66,10,62375.51,2,4,5,11
2711,59,9,25374.46,3,3,2,8
2712,128,5,11723.09,1,1,1,3
2713,35,11,73505.73,4,5,5,14
2714,2,9,28233.39,5,3,2,10
2715,7,7,41897.72,5,2,3,10
2716,248,7,41702.64,1,2,3,6
2717,11,10,56921.29,5,4,4,13
2718,34,6,42641.57,4,2,3,9
2719,94,9,50076.22,2,3,4,9
2720,115,5,22180.82,1,1,1,3
2721,30,11,41219.22,4,5,3,12
2722,80,9,65943.35,2,3,5,10
2723,55,4,35835.79,3,1,3,7
2724,66,8,26073.07,2,3,2,7
2725,165,9,35622.24,1,3,3,7
2726,64,8,45015.259999999995,2,3,4,9
2727,213,8,38357.71,1,3,3,7
2728,226,8,30110.64,1,3,2,6
2729,52,7,17840.030000000002,3,2,1,6
2730,61,7,24228.989999999998,3,2,1,6
2731,170,6,25398.67,1,2,2,5
2732,12,8,41869.78,5,3,3,11
2733,13,13,55047.08,5,5,4,14
2734,6,11,45354.0,5,5,4,14
2735,54,7,40536.74,3,2,3,8
2736,84,7,40810.590000000004,2,2,3,7
2737,18,11,46412.75,4,5,4,13
2738,57,7,12948.72,3,2,1,6
2739,54,6,29819.6,3,2,2,7
2740,86,7,61505.4,2,2,5,9
2741,18,7,49905.14,4,2,4,10
2742,5,9,33234.45,5,3,2,10
2743,17,11,45740.96000000001,4,5,4,13
2744,101,5,29556.54,2,1,2,5
2745,47,15,77430.23,3,5,5,13
2746,9,10,53501.8,5,4,4,13
2747,25,13,60920.840000000004,4,5,5,14
2748,3,10,43010.729999999996,5,4,3,12
2749,98,4,24013.19,2,1,1,4
2750,11,10,46692.2,5,4,4,13
2751,55,10,66110.91,3,4,5,12
2752,7,6,33560.41,5,2,2,9
2753,59,8,48952.520000000004,3,3,4,10
2754,18,9,40579.57,4,3,3,10
2755,52,5,26953.89,3,1,2,6
2756,47,10,61179.280000000006,3,4,5,12
2757,19,7,30887.54,4,2,2,8
2758,131,12,102322.42,1,5,5,11
2759,28,8,40079.340000000004,4,3,3,10
2760,68,7,38290.07,2,2,3,7
2761,28,7,50073.39,4,2,4,10
2762,54,9,59857.9,3,3,5,11
2763,12,10,35528.450000000004,5,4,3,12
2764,84,7,50509.7,2,2,4,8
2765,87,8,19067.39,2,3,1,6
2766,163,7,41373.41,1,2,3,6
2767,66,8,24724.120000000003,2,3,1,6
2768,15,14,66335.91,5,5,5,15
2769,28,10,33344.69,4,4,2,10
2770,270,3,28303.22,1,1,2,4
2771,118,6,36480.98,1,2,3,6
2772,12,11,30226.87,5,5,2,12
2773,77,4,28250.480000000003,2,1,2,5
2774,152,5,20198.8,1,1,1,3
2775,29,14,71968.72,4,5,5,14
2776,12,9,60616.63,5,3,5,13
2777,41,5,23842.95,3,1,1,5
2778,4,4,30475.77,5,1,2,8
2779,41,10,31144.1,3,4,2,9
2780,30,3,9878.72,4,1,1,6
2781,92,12,62916.98,2,5,5,12
2782,53,7,31565.16,3,2,2,7
2783,115,8,37840.67,1,3,3,7
2784,27,9,60449.119999999995,4,3,5,12
2785,124,5,22064.87,1,1,1,3
2786,30,8,53002.33,4,3,4,11
2787,2,10,31570.66,5,4,2,11
2788,101,4,28591.67,2,1,2,5
2789,3,10,45358.81,5,4,4,13
2790,298,11,32488.09,1,5,2,8
2791,72,9,38710.55,2,3,3,8
2792,231,7,27994.94,1,2,2,5
2793,53,9,87443.53,3,3,5,11
2794,44,14,65391.46,3,5,5,13
2795,76,7,38729.85,2,2,3,7
2796,3,10,64764.520000000004,5,4,5,14
2797,23,5,33550.04,4,1,2,7
2798,76,9,41751.75,2,3,3,8
2799,74,7,29883.52,2,2,2,6
2800,12,12,58313.76,5,5,5,15
2801,32,5,34772.369999999995,4,1,2,7
2802,22,10,60591.96,4,4,5,13
2803,98,7,43343.56,2,2,3,7
2804,20,9,43967.68,4,3,3,10
2805,27,8,52942.53,4,3,4,11
2806,37,16,68530.73,3,5,5,13
2807,22,5,29283.579999999998,4,1,2,7
2808,40,13,87255.16,3,5,5,13
2809,149,8,41377.21,1,3,3,7
2810,34,7,14642.52,4,2,1,7
2811,50,11,58004.39,3,5,5,13
2812,8,13,68030.37,5,5,5,15
2813,34,10,55186.1,4,4,4,12
2814,15,9,35566.97,5,3,3,11
2815,172,2,2873.87,1,1,1,3
2816,142,6,31397.35,1,2,2,5
2817,96,11,59886.34,2,5,5,12
2818,36,8,44489.53,3,3,3,9
2819,75,2,1929.43,2,1,1,4
2820,100,11,55231.689999999995,2,5,4,11
2821,33,9,54507.5,4,3,4,11
2822,1,9,29997.92,5,3,2,10
2823,50,5,30461.07,3,1,2,6
2824,59,9,40557.67,3,3,3,9
2825,15,12,54090.11,5,5,4,14
2826,64,8,36124.19,2,3,3,8
2827,58,9,58529.56999999999,3,3,5,11
2828,286,4,16197.68,1,1,1,3
2829,37,5,22674.31,3,1,1,5
2830,186,3,23900.05,1,1,1,3
2831,46,9,74229.68,3,3,5,11
2832,111,8,50841.770000000004,1,3,4,8
2833,192,3,11520.36,1,1,1,3
2834,20,12,84120.79,4,5,5,14
2835,31,4,15974.289999999999,4,1,1,6
2836,4,7,25743.5,5,2,2,9
2837,54,9,14703.79,3,3,1,7
2838,104,9,40351.65,2,3,3,8
2839,83,3,5603.46,2,1,1,4
2840,36,8,44103.89,3,3,3,9
2841,9,7,22136.37,5,2,1,8
2842,43,14,68579.03,3,5,5,13
2843,17,9,37896.520000000004,4,3,3,10
2844,85,6,38442.2,2,2,3,7
2845,31,7,55786.7,4,2,4,10
2846,205,7,31847.13,1,2,2,5
2847,40,8,29486.67,3,3,2,8
2848,69,12,50247.3,2,5,4,11
2849,86,7,33212.64,2,2,2,6
2850,57,10,41457.56,3,4,3,10
2851,130,5,17240.91,1,1,1,3
2852,68,9,51230.77,2,3,4,9
2853,119,8,44686.88,1,3,4,8
2854,94,5,28934.72,2,1,2,5
2855,25,7,38818.19,4,2,3,9
2856,76,7,17754.52,2,2,1,5
2857,108,9,38874.39,2,3,3,8
2858,3,9,38784.259999999995,5,3,3,11
2859,271,6,24167.7,1,2,1,4
2860,19,7,37853.13,4,2,3,9
2861,127,12,47354.64,1,5,4,10
2862,40,10,51612.78,3,4,4,11
2863,17,8,33904.37,4,3,2,9
2864,60,5,45314.43,3,1,4,8
2865,112,6,40637.78,1,2,3,6
2866,1,9,28375.379999999997,5,3,2,10
2867,22,5,40202.18,4,1,3,8
2868,7,11,86143.3,5,5,5,15
2869,61,11,58081.57,3,5,5,13
2870,40,9,46708.46,3,3,4,10
2871,14,6,23518.969999999998,5,2,1,8
2872,60,8,29692.82,3,3,2,8
2873,76,8,44036.83,2,3,3,8
2874,7,6,25079.94,5,2,1,8
2875,140,6,40536.36,1,2,3,6
2876,99,7,44450.06,2,2,3,7
2877,178,7,34403.07,1,2,2,5
2878,45,7,60384.740000000005,3,2,5,10
2879,191,1,8380.69,1,1,1,3
2880,66,6,40766.229999999996,2,2,3,7
2881,56,7,30585.12,3,2,2,7
2882,28,5,15555.119999999999,4,1,1,6
2883,112,7,36920.42,1,2,3,6
2884,90,6,62670.36,2,2,5,9
2885,15,10,69190.68000000001,5,4,5,14
2886,34,11,52971.090000000004,4,5,4,13
2887,25,12,80995.55,4,5,5,14
2888,112,6,18914.35,1,2,1,4
2889,7,11,42219.1,5,5,3,13
2890,2,11,37817.45,5,5,3,13
2891,47,7,33128.39,3,2,2,7
2892,38,3,21677.23,3,1,1,5
2893,9,5,24082.87,5,1,1,7
2894,51,8,41188.83,3,3,3,9
2895,96,7,40761.05,2,2,3,7
2896,35,12,69460.89,4,5,5,14
2897,48,6,15330.400000000001,3,2,1,6
2898,148,5,16554.04,1,1,1,3
2899,29,9,47312.92,4,3,4,11
2900,140,9,39231.22,1,3,3,7
2901,107,9,38303.200000000004,2,3,3,8
2902,85,7,17063.480000000003,2,2,1,5
2903,66,7,41763.6,2,2,3,7
2904,35,5,20804.35,4,1,1,6
2905,135,3,10407.41,1,1,1,3
2906,80,8,49346.62,2,3,4,9
2907,41,6,37041.119999999995,3,2,3,8
2908,44,16,79197.11,3,5,5,13
2909,13,12,61984.26,5,5,5,15
2910,84,6,29685.760000000002,2,2,2,6
2911,15,7,51529.66,5,2,4,11
2912,14,12,78223.83,5,5,5,15
2913,22,11,75181.42,4,5,5,14
2914,125,6,25690.46,1,2,2,5
2915,4,9,55374.5,5,3,4,12
2916,9,6,40004.82,5,2,3,10
2917,129,7,36581.49,1,2,3,6
2918,89,15,86689.18,2,5,5,12
2919,79,13,76001.0,2,5,5,12
2920,20,7,28827.41,4,2,2,8
2921,141,6,15442.86,1,2,1,4
2922,261,9,26653.92,1,3,2,6
2923,15,6,17776.01,5,2,1,8
2924,71,6,24922.01,2,2,1,5
2925,109,8,33389.4,2,3,2,7
2926,356,3,15144.91,1,1,1,3
2927,14,9,56438.86,5,3,4,12
2928,15,6,18355.03,5,2,1,8
2929,22,6,10708.18,4,2,1,7
2930,40,9,69333.83,3,3,5,11
2931,51,12,89195.95,3,5,5,13
2932,20,8,54626.88,4,3,4,11
2933,13,11,47731.81,5,5,4,14
2934,72,4,28245.8,2,1,2,5
2935,41,13,57727.770000000004,3,5,5,13
2936,38,10,59763.01,3,4,5,12
2937,121,9,37088.07,1,3,3,7
2938,14,11,67344.18,5,5,5,15
2939,20,3,2945.72,4,1,1,6
2940,23,11,68645.48,4,5,5,14
2941,8,6,32522.18,5,2,2,9
2942,31,13,78311.11,4,5,5,14
2943,60,13,82316.43000000001,3,5,5,13
2944,33,6,19058.99,4,2,1,7
2945,29,11,62928.28,4,5,5,14
2946,78,10,49292.77,2,4,4,10
2947,3,4,26529.92,5,1,2,8
2948,49,7,40987.16,3,2,3,8
2949,20,12,58094.99,4,5,5,14
2950,171,7,45037.1,1,2,4,7
2951,18,12,84663.23,4,5,5,14
2952,2,3,4853.51,5,1,1,7
2953,11,5,40789.31,5,1,3,9
2954,59,8,34996.63,3,3,3,9
2955,12,12,73065.62,5,5,5,15
2956,98,9,57539.61,2,3,5,10
2957,46,7,21696.82,3,2,1,6
2958,283,6,38265.6,1,2,3,6
2959,2,13,54400.67,5,5,4,14
2960,4,6,28148.59,5,2,2,9
2961,156,7,29460.68,1,2,2,5
2962,17,8,41010.16,4,3,3,10
2963,21,6,25535.5,4,2,2,8
2964,73,8,48031.6,2,3,4,9
2965,49,5,8234.09,3,1,1,5
2966,25,10,55656.55,4,4,4,12
2967,34,14,53142.64,4,5,4,13
2968,10,8,22912.07,5,3,1,9
2969,325,7,40284.95,1,2,3,6
2970,101,8,49311.39,2,3,4,9
2971,12,7,21863.84,5,2,1,8
2972,65,9,48915.96,2,3,4,9
2973,5,10,63945.8,5,4,5,14
2974,85,7,41826.92,2,2,3,7
2975,151,11,63513.01,1,5,5,11
2976,48,10,64321.29,3,4,5,12
2977,168,5,13936.07,1,1,1,3
2978,50,11,45808.15,3,5,4,12
2979,107,10,49545.47,2,4,4,10
2980,40,6,42786.73,3,2,3,8
2981,47,14,77560.95,3,5,5,13
2982,148,6,38327.380000000005,1,2,3,6
2983,41,9,64396.18,3,3,5,11
2984,37,7,48167.43,3,2,4,9
2985,40,5,9809.39,3,1,1,5
2986,39,8,36953.12,3,3,3,9
2987,44,7,31268.98,3,2,2,7
2988,39,10,32844.16,3,4,2,9
2989,29,6,29697.370000000003,4,2,2,8
2990,87,10,34147.07,2,4,2,8
2991,121,4,18448.420000000002,1,1,1,3
2992,41,9,37172.75,3,3,3,9
2993,68,8,47436.57,2,3,4,9
2994,164,4,14036.94,1,1,1,3
2995,116,13,76367.52,1,5,5,11
2996,93,7,26962.559999999998,2,2,2,6
2997,52,6,34686.44,3,2,2,7
2998,46,9,41045.64,3,3,3,9
2999,15,11,64379.61,5,5,5,15
3000,11,10,55176.5,5,4,4,13
3001,11,7,32864.6,5,2,2,9
3002,117,3,19593.36,1,1,1,3
3003,21,8,42987.41,4,3,3,10
3004,60,13,72941.25,3,5,5,13
3005,53,6,32779.93,3,2,2,7
3006,50,18,120019.3,3,5,5,13
3007,1,9,31596.97,5,3,2,10
3008,23,6,36230.41,4,2,3,9
3009,127,7,49633.33,1,2,4,7
3010,26,12,61141.88,4,5,5,14
3011,84,8,34805.19,2,3,2,7
3012,76,4,15407.44,2,1,1,4
3013,1,4,13726.3,5,1,1,7
3014,8,9,53031.45,5,3,4,12
3015,116,13,41027.659999999996,1,5,3,9
3016,84,9,55038.06,2,3,4,9
3017,1,11,59315.31,5,5,5,15
3018,39,9,37639.16,3,3,3,9
3019,38,6,21596.2,3,2,1,6
3020,12,6,43849.39,5,2,3,10
3021,26,10,44807.399999999994,4,4,4,12
3022,49,8,26011.62,3,3,2,8
3023,18,7,19372.39,4,2,1,7
3024,258,3,8595.539999999999,1,1,1,3
3025,144,4,25358.7,1,1,2,4
3026,121,5,20697.440000000002,1,1,1,3
3027,296,5,28095.449999999997,1,1,2,4
3028,9,6,27894.82,5,2,2,9
3029,3,4,32541.35,5,1,2,8
3030,50,7,46761.64,3,2,4,9
3031,35,12,70253.79,4,5,5,14
3032,100,11,82850.23,2,5,5,12
3033,54,9,47598.8,3,3,4,10
3034,150,7,51132.2,1,2,4,7
3035,1,14,72581.52,5,5,5,15
3036,10,9,57301.770000000004,5,3,5,13
3037,15,8,48040.8,5,3,4,12
3038,46,10,61443.98,3,4,5,12
3039,229,6,21774.25,1,2,1,4
3040,43,12,72801.11,3,5,5,13
3041,135,5,34099.14,1,1,2,4
3042,233,5,19919.36,1,1,1,3
3043,73,8,29982.300000000003,2,3,2,7
3044,57,10,43721.96,3,4,3,10
3045,40,10,67481.11,3,4,5,12
3046,149,4,40343.9,1,1,3,5
3047,1,4,14215.29,5,1,1,7
3048,11,10,42206.75,5,4,3,12
3049,15,12,64714.26,5,5,5,15
3050,18,12,33457.86,4,5,2,11
3051,35,6,39567.23,4,2,3,9
3052,43,5,23975.31,3,1,1,5
3053,51,6,19262.16,3,2,1,6
3054,25,9,46969.59,4,3,4,11
3055,66,9,37899.09,2,3,3,8
3056,43,5,39925.0,3,1,3,7
3057,85,8,31100.47,2,3,2,7
3058,104,9,38629.46,2,3,3,8
3059,9,12,45379.0,5,5,4,14
3060,149,8,21045.38,1,3,1,5
3061,77,3,7146.58,2,1,1,4
3062,40,4,25442.559999999998,3,1,2,6
3063,32,10,63440.64000000001,4,4,5,13
3064,5,12,68368.67,5,5,5,15
3065,188,5,27539.51,1,1,2,4
3066,188,7,25618.91,1,2,2,5
3067,57,9,59514.72,3,3,5,11
3068,99,3,15932.05,2,1,1,4
3069,48,6,12546.76,3,2,1,6
3070,106,4,15394.89,2,1,1,4
3071,79,9,40082.08,2,3,3,8
3072,56,7,10222.45,3,2,1,6
3073,26,6,27648.53,4,2,2,8
3074,8,12,60212.67,5,5,5,15
3075,10,12,75539.72,5,5,5,15
3076,19,8,22525.24,4,3,1,8
3077,8,11,48763.22,5,5,4,14
3078,152,7,36841.68,1,2,3,6
3079,11,8,64051.88,5,3,5,13
3080,33,7,32769.97,4,2,2,8
3081,162,10,45281.49,1,4,4,9
3082,147,10,48024.4,1,4,4,9
3083,15,6,34434.7,5,2,2,9
3084,17,7,20567.72,4,2,1,7
3085,2,11,35243.26,5,5,3,13
3086,37,10,36231.840000000004,3,4,3,10
3087,2,7,58642.43,5,2,5,12
3088,196,5,52763.08,1,1,4,6
3089,167,1,889.44,1,1,1,3
3090,27,10,51534.869999999995,4,4,4,12
3091,384,5,39006.95,1,1,3,5
3092,12,10,33255.99,5,4,2,11
3093,219,5,20398.58,1,1,1,3
3094,14,9,29851.77,5,3,2,10
3095,42,11,76634.05,3,5,5,13
3096,34,7,28072.72,4,2,2,8
3097,100,7,55282.770000000004,2,2,4,8
3098,141,4,17826.56,1,1,1,3
3099,127,4,39652.72,1,1,3,5
3100,60,4,26499.699999999997,3,1,2,6
3101,32,14,79727.66,4,5,5,14
3102,4,10,67714.13,5,4,5,14
3103,17,9,46773.82,4,3,4,11
3104,34,5,30883.38,4,1,2,7
3105,47,5,28542.73,3,1,2,6
3106,14,10,63194.93,5,4,5,14
3107,84,7,43935.850000000006,2,2,3,7
3108,3,12,73436.33,5,5,5,15
3109,28,10,36497.45,4,4,3,11
3110,40,7,25387.77,3,2,2,7
3111,39,13,49282.22,3,5,4,12
3112,12,12,36876.46,5,5,3,13
3113,58,5,32529.5,3,1,2,6
3114,38,6,19873.97,3,2,1,6
3115,69,9,64274.030000000006,2,3,5,10
3116,30,11,38467.89,4,5,3,12
3117,93,8,64442.65,2,3,5,10
3118,67,6,20852.739999999998,2,2,1,5
3119,128,5,16478.29,1,1,1,3
3120,118,7,22036.82,1,2,1,4
3121,118,10,38055.409999999996,1,4,3,8
3122,74,13,79033.24,2,5,5,12
3123,62,5,24709.300000000003,3,1,1,5
3124,8,10,65649.9,5,4,5,14
3125,186,7,37602.71,1,2,3,6
3126,6,7,32404.0,5,2,2,9
3127,12,9,61164.03,5,3,5,13
3128,4,14,70838.55,5,5,5,15
3129,66,9,40735.49,2,3,3,8
3130,51,6,44903.43,3,2,4,9
3131,69,6,43474.340000000004,2,2,3,7
3132,24,7,47727.78,4,2,4,10
3133,132,7,41788.52,1,2,3,6
3134,72,9,40627.01,2,3,3,8
3135,43,12,51542.21,3,5,4,12
3136,40,7,42049.98,3,2,3,8
3137,161,9,67037.21,1,3,5,9
3138,32,9,40065.2,4,3,3,10
3139,35,6,25881.38,4,2,2,8
3140,41,7,33606.159999999996,3,2,2,7
3141,260,6,21525.76,1,2,1,4
3142,44,9,50456.86,3,3,4,10
3143,44,10,42213.52,3,4,3,10
3144,79,8,42089.81,2,3,3,8
3145,25,7,32037.18,4,2,2,8
3146,15,15,85092.69,5,5,5,15
3147,31,3,2329.48,4,1,1,6
3148,7,5,19905.2,5,1,1,7
3149,41,9,48786.47,3,3,4,10
3150,118,6,33809.76,1,2,2,5
3151,167,6,22685.04,1,2,1,4
3152,27,11,72741.61,4,5,5,14
3153,11,7,24827.46,5,2,1,8
3154,95,7,32765.05,2,2,2,6
3155,97,3,10047.029999999999,2,1,1,4
3156,15,8,37892.82,5,3,3,11
3157,23,9,59846.770000000004,4,3,5,12
3158,114,6,18820.190000000002,1,2,1,4
3159,32,4,26182.46,4,1,2,7
3160,110,5,32894.99,2,1,2,5
3161,140,7,47952.41,1,2,4,7
3162,95,5,29721.34,2,1,2,5
3163,26,9,32114.760000000002,4,3,2,9
3164,8,9,44401.38,5,3,3,11
3165,143,7,44647.04,1,2,4,7
3166,172,6,47972.520000000004,1,2,4,7
3167,38,8,41317.22,3,3,3,9
3168,62,10,28937.96,3,4,2,9
3169,106,9,61737.090000000004,2,3,5,10
3170,85,7,24012.04,2,2,1,5
3171,129,10,65396.73,1,4,5,10
3172,86,10,32453.47,2,4,2,8
3173,108,7,34050.53,2,2,2,6
3174,132,10,68599.98999999999,1,4,5,10
3175,104,7,20016.07,2,2,1,5
3176,47,8,39707.46,3,3,3,9
3177,131,6,36024.13,1,2,3,6
3178,114,11,62455.68,1,5,5,11
3179,40,8,33764.14,3,3,2,8
3180,3,9,69881.1,5,3,5,13
3181,87,4,15937.45,2,1,1,4
3182,127,8,52631.14,1,3,4,8
3183,84,5,30247.16,2,1,2,5
3184,35,13,56941.19,4,5,4,13
3185,14,5,33369.84,5,1,2,8
3186,43,7,21376.530000000002,3,2,1,6
3187,16,8,71313.18000000001,4,3,5,12
3188,13,10,32539.57,5,4,2,11
3189,79,15,83306.42,2,5,5,12
3190,21,11,50107.48,4,5,4,13
3191,103,7,53723.46,2,2,4,8
3192,96,3,13163.970000000001,2,1,1,4
3193,18,7,21125.37,4,2,1,7
3194,85,8,36906.36,2,3,3,8
3195,219,6,29536.190000000002,1,2,2,5
3196,185,6,38373.46,1,2,3,6
3197,18,12,67363.93,4,5,5,14
3198,277,9,33594.85,1,3,2,6
3199,130,5,25163.22,1,1,1,3
3200,49,13,77980.96,3,5,5,13
3201,129,5,31247.29,1,1,2,4
3202,179,6,34649.950000000004,1,2,2,5
3203,107,4,26318.55,2,1,2,5
3204,347,3,14333.590000000002,1,1,1,3
3205,24,14,91273.63,4,5,5,14
3206,127,11,51405.09,1,5,4,10
3207,33,7,35261.1,4,2,3,9
3208,175,11,72345.13,1,5,5,11
3209,147,8,34083.92,1,3,2,6
3210,75,9,51191.31,2,3,4,9
3211,56,6,25689.440000000002,3,2,2,7
3212,15,5,37767.2,5,1,3,9
3213,106,8,32332.35,2,3,2,7
3214,58,13,58137.78,3,5,5,13
3215,69,9,39539.020000000004,2,3,3,8
3216,70,6,36702.8,2,2,3,7
3217,84,9,34778.47,2,3,2,7
3218,21,14,92713.45,4,5,5,14
3219,63,8,74378.38,2,3,5,10
3220,236,2,10410.45,1,1,1,3
3221,160,8,27207.46,1,3,2,6
3222,46,7,32519.46,3,2,2,7
3223,15,12,67339.25,5,5,5,15
3224,10,12,66610.19,5,5,5,15
3225,55,10,52810.57,3,4,4,11
3226,139,5,36479.75,1,1,3,5
3227,70,8,27834.89,2,3,2,7
3228,24,10,54655.159999999996,4,4,4,12
3229,15,10,38290.68,5,4,3,12
3230,138,7,33831.8,1,2,2,5
3231,3,9,61715.88,5,3,5,13
3232,67,9,55607.68,2,3,4,9
3233,106,4,9638.970000000001,2,1,1,4
3234,66,4,11998.05,2,1,1,4
3235,1,8,30280.29,5,3,2,10
3236,33,8,43740.56,4,3,3,10
3237,17,5,17027.43,4,1,1,6
3238,68,10,58834.049999999996,2,4,5,11
3239,51,9,46831.2,3,3,4,10
3240,91,10,47773.979999999996,2,4,4,10
3241,18,7,32893.9,4,2,2,8
3242,214,5,17276.4,1,1,1,3
3243,62,11,58298.090000000004,3,5,5,13
3244,318,7,65279.43,1,2,5,8
3245,39,8,47892.89,3,3,4,10
3246,113,7,30695.47,1,2,2,5
3247,19,9,29655.35,4,3,2,9
3248,6,10,32119.129999999997,5,4,2,11
3249,24,11,63488.759999999995,4,5,5,14
3250,45,10,55403.37,3,4,4,11
3251,130,7,27870.43,1,2,2,5
3252,11,9,34832.32,5,3,2,10
3253,42,11,47486.93,3,5,4,12
3254,149,3,7368.1,1,1,1,3
3255,12,10,27515.78,5,4,2,11
3256,4,12,77293.44,5,5,5,15
3257,37,9,31437.98,3,3,2,8
3258,6,4,23678.69,5,1,1,7
3259,5,11,49217.34,5,5,4,14
3260,90,5,35142.47,2,1,3,6
3261,2,12,66438.76,5,5,5,15
3262,146,4,31728.75,1,1,2,4
3263,62,11,58386.520000000004,3,5,5,13
3264,14,11,64613.57,5,5,5,15
3265,28,9,50150.950000000004,4,3,4,11
3266,5,5,25385.78,5,1,2,8
3267,95,6,23807.21,2,2,1,5
3268,49,14,96589.43,3,5,5,13
3269,78,6,49773.25,2,2,4,8
3270,302,4,10138.14,1,1,1,3
3271,215,7,34724.85,1,2,2,5
3272,47,9,47249.74,3,3,4,10
3273,8,13,62746.950000000004,5,5,5,15
3274,69,10,53439.0,2,4,4,10
3275,172,6,42335.46,1,2,3,6
3276,41,6,18655.22,3,2,1,6
3277,100,10,56540.1,2,4,4,10
3278,22,8,47209.85,4,3,4,11
3279,30,10,55720.32,4,4,4,12
3280,44,10,48721.81,3,4,4,11
3281,1,6,9833.14,5,2,1,8
3282,65,9,35241.450000000004,2,3,3,8
3283,174,6,26940.87,1,2,2,5
3284,139,6,32808.07,1,2,2,5
3285,75,6,41987.58,2,2,3,7
3286,56,10,41629.049999999996,3,4,3,10
3287,32,9,52632.280000000006,4,3,4,11
3288,9,9,42441.64,5,3,3,11
3289,263,5,13253.65,1,1,1,3
3290,21,12,60725.69,4,5,5,14
3291,17,7,12993.75,4,2,1,7
3292,3,7,42773.17,5,2,3,10
3293,41,6,55939.9,3,2,4,9
3294,6,13,72543.58,5,5,5,15
3295,121,8,25964.9,1,3,2,6
3296,14,15,84179.38,5,5,5,15
3297,44,7,50069.02,3,2,4,9
3298,82,10,22728.77,2,4,1,7
3299,21,7,45417.0,4,2,4,10
3300,145,5,26994.06,1,1,2,4
3301,1,11,75688.59,5,5,5,15
3302,164,6,38839.0,1,2,3,6
3303,42,6,13328.54,3,2,1,6
3304,8,12,56487.4,5,5,4,14
3305,52,6,40879.86,3,2,3,8
3306,26,8,40836.53,4,3,3,10
3307,89,15,66730.42,2,5,5,12
3308,65,9,39780.05,2,3,3,8
3309,56,11,68618.68,3,5,5,13
3310,164,9,48852.43,1,3,4,8
3311,91,11,58718.86,2,5,5,12
3312,129,6,30501.77,1,2,2,5
3313,183,5,24398.550000000003,1,1,1,3
3314,30,10,33138.68,4,4,2,10
3315,38,11,30567.66,3,5,2,10
3316,61,9,43562.75,3,3,3,9
3317,2,10,47847.57000000001,5,4,4,13
3318,50,9,33872.98,3,3,2,8
3319,30,5,18969.23,4,1,1,6
3320,22,9,42079.04,4,3,3,10
3321,92,8,33103.15,2,3,2,7
3322,137,6,31163.57,1,2,2,5
3323,69,8,48586.549999999996,2,3,4,9
3324,46,9,32340.309999999998,3,3,2,8
3325,91,4,17162.71,2,1,1,4
3326,146,8,62198.64,1,3,5,9
3327,77,6,24153.02,2,2,1,5
3328,21,6,15533.91,4,2,1,7
3329,14,10,33207.02,5,4,2,11
3330,88,10,37414.44,2,4,3,9
3331,195,4,32295.55,1,1,2,4
3332,59,9,45835.92,3,3,4,10
3333,44,8,37841.79,3,3,3,9
3334,116,8,50151.630000000005,1,3,4,8
3335,61,8,40864.33,3,3,3,9
3336,55,9,41680.42,3,3,3,9
3337,49,6,49084.92,3,2,4,9
3338,107,6,22226.850000000002,2,2,1,5
3339,32,13,40027.68,4,5,3,12
3340,22,13,107269.79000000001,4,5,5,14
3341,60,10,34930.79,3,4,3,10
3342,6,13,63041.7,5,5,5,15
3343,41,7,34254.67,3,2,2,7
3344,77,10,52945.73,2,4,4,10
3345,3,9,71155.5,5,3,5,13
3346,74,5,30142.36,2,1,2,5
3347,32,6,34920.19,4,2,3,9
3348,8,9,24912.52,5,3,1,9
3349,17,12,77279.58,4,5,5,14
3350,27,11,42845.71,4,5,3,12
3351,10,9,66355.7,5,3,5,13
3352,75,9,38111.68,2,3,3,8
3353,54,11,84746.87,3,5,5,13
3354,1,15,106779.16,5,5,5,15
3355,43,14,68005.44,3,5,5,13
3356,83,13,44931.85,2,5,4,11
3357,202,5,24462.02,1,1,1,3
3358,23,6,29910.11,4,2,2,8
3359,6,5,23587.329999999998,5,1,1,7
3360,1,11,54003.69,5,5,4,14
3361,317,4,21169.09,1,1,1,3
3362,93,10,45316.270000000004,2,4,4,10
3363,95,4,16517.43,2,1,1,4
3364,74,7,29101.31,2,2,2,6
3365,47,7,38242.63,3,2,3,8
3366,39,7,32002.629999999997,3,2,2,7
3367,267,4,28497.0,1,1,2,4
3368,166,8,26345.75,1,3,2,6
3369,47,11,34625.31,3,5,2,10
3370,3,9,55673.21,5,3,4,12
3371,18,6,23688.010000000002,4,2,1,7
3372,48,10,68880.97,3,4,5,12
3373,68,6,24789.54,2,2,1,5
3374,204,3,4212.58,1,1,1,3
3375,112,6,25241.68,1,2,2,5
3376,14,12,56568.28,5,5,4,14
3377,51,8,26146.22,3,3,2,8
3378,45,7,42339.94,3,2,3,8
3379,192,8,35687.91,1,3,3,7
3380,29,4,25765.65,4,1,2,7
3381,22,8,39971.7,4,3,3,10
3382,32,5,36707.88,4,1,3,8
3383,55,6,30478.95,3,2,2,7
3384,16,9,48290.369999999995,4,3,4,11
3385,76,10,39063.11,2,4,3,9
3386,13,8,34044.0,5,3,2,10
3387,69,10,64342.450000000004,2,4,5,11
3388,24,9,36955.17,4,3,3,10
3389,36,7,49458.41,3,2,4,9
3390,6,10,48311.6,5,4,4,13
3391,10,7,21620.09,5,2,1,8
3392,52,9,73916.15,3,3,5,11
3393,167,8,36872.69,1,3,3,7
3394,127,11,42253.979999999996,1,5,3,9
3395,61,13,68195.51,3,5,5,13
3396,71,12,73120.42,2,5,5,12
3397,2,8,46928.41,5,3,4,12
3398,10,14,71542.75,5,5,5,15
3399,131,3,34201.67,1,1,2,4
3400,143,3,20645.06,1,1,1,3
3401,76,8,47967.659999999996,2,3,4,9
3402,7,8,41297.25,5,3,3,11
3403,42,8,30784.84,3,3,2,8
3404,67,10,59021.68,2,4,5,11
3405,3,9,41961.89,5,3,3,11
3406,15,16,92078.29,5,5,5,15
3407,92,9,62008.64,2,3,5,10
3408,29,10,59200.41,4,4,5,13
3409,31,14,83583.2,4,5,5,14
3410,26,10,47990.93,4,4,4,12
3411,4,9,43745.36,5,3,3,11
3412,113,11,31341.55,1,5,2,8
3413,52,9,62463.6,3,3,5,11
3414,1,7,40015.69,5,2,3,10
3415,67,7,46102.82,2,2,4,8
3416,187,9,35884.01,1,3,3,7
3417,197,6,22091.9,1,2,1,4
3418,151,3,16223.86,1,1,1,3
3419,93,4,17873.8,2,1,1,4
3420,45,7,42275.380000000005,3,2,3,8
3421,235,5,9489.21,1,1,1,3
3422,12,9,41567.78,5,3,3,11
3423,2,5,19482.0,5,1,1,7
3424,26,8,40930.479999999996,4,3,3,10
3425,91,3,6687.33,2,1,1,4
3426,97,8,52172.21,2,3,4,9
3427,63,8,50279.81,2,3,4,9
3428,39,4,41357.22,3,1,3,7
3429,45,12,63216.44,3,5,5,13
3430,64,6,24435.2,2,2,1,5
3431,4,11,51871.21,5,5,4,14
3432,113,5,20932.47,1,1,1,3
3433,94,8,34719.48,2,3,2,7
3434,22,6,30465.2,4,2,2,8
3435,29,9,31591.7,4,3,2,9
3436,100,10,50809.229999999996,2,4,4,10
3437,8,11,54358.68,5,5,4,14
3438,60,11,56202.68,3,5,4,12
3439,171,7,18222.75,1,2,1,4
3440,55,8,29522.140000000003,3,3,2,8
3441,2,10,56408.21000000001,5,4,4,13
3442,26,7,45277.6,4,2,4,10
3443,82,9,46781.96,2,3,4,9
3444,319,5,14905.140000000001,1,1,1,3
3445,1,7,17808.5,5,2,1,8
3446,183,6,20764.59,1,2,1,4
3447,155,7,49181.45,1,2,4,7
3448,58,9,44379.5,3,3,3,9
3449,51,14,64308.29,3,5,5,13
3450,97,7,43605.41,2,2,3,7
3451,123,11,47237.86,1,5,4,10
3452,89,11,54117.67,2,5,4,11
3453,62,10,49703.83,3,4,4,11
3454,1,6,34220.58,5,2,2,9
3455,87,10,21723.29,2,4,1,7
3456,6,11,53831.82,5,5,4,14
3457,22,8,33002.24,4,3,2,9
3458,36,6,29044.68,3,2,2,7
3459,117,6,26224.87,1,2,2,5
3460,55,12,65165.68,3,5,5,13
3461,6,14,100291.07,5,5,5,15
3462,7,7,20181.91,5,2,1,8
3463,18,4,21203.8,4,1,1,6
3464,121,10,47423.14,1,4,4,9
3465,117,7,31162.96,1,2,2,5
3466,109,8,37320.05,2,3,3,8
3467,31,9,41064.46,4,3,3,10
3468,76,11,46485.68,2,5,4,11
3469,88,8,49516.07,2,3,4,9
3470,43,8,44005.78,3,3,3,9
3471,11,13,35020.28,5,5,3,13
3472,29,14,72208.67,4,5,5,14
3473,233,2,3118.7999999999997,1,1,1,3
3474,35,9,55288.52,4,3,4,11
3475,41,4,36632.42,3,1,3,7
3476,272,4,19337.309999999998,1,1,1,3
3477,16,5,28198.81,4,1,2,7
3478,3,8,31347.309999999998,5,3,2,10
3479,14,8,34878.63,5,3,3,11
3480,1,9,49051.87,5,3,4,12
3481,183,8,29814.29,1,3,2,6
3482,304,3,7769.32,1,1,1,3
3483,46,12,48505.43,3,5,4,12
3484,137,8,44884.22,1,3,4,8
3485,26,12,58147.07,4,5,5,14
3486,183,7,36168.229999999996,1,2,3,6
3487,4,8,30001.21,5,3,2,10
3488,21,9,46490.75,4,3,4,11
3489,20,9,26629.07,4,3,2,9
3490,16,8,63015.84,4,3,5,12
3491,37,7,28905.2,3,2,2,7
3492,156,8,19355.79,1,3,1,5
3493,180,3,10500.060000000001,1,1,1,3
3494,24,11,53588.75,4,5,4,13
3495,27,9,43946.06,4,3,3,10
3496,41,4,22862.35,3,1,1,5
3497,133,7,19743.34,1,2,1,4
3498,3,8,39041.29,5,3,3,11
3499,29,6,37594.62,4,2,3,9
3500,66,9,28348.52,2,3,2,7
3501,59,7,35604.29,3,2,3,8
3502,1,11,51914.31,5,5,4,14
3503,48,7,37804.0,3,2,3,8
3504,13,10,60940.61,5,4,5,14
3505,80,7,24194.33,2,2,1,5
3506,310,5,24763.53,1,1,1,3
3507,60,8,27292.21,3,3,2,8
3508,178,3,12651.949999999999,1,1,1,3
3509,139,7,30665.030000000002,1,2,2,5
3510,12,8,42397.77,5,3,3,11
3511,34,8,43396.89,4,3,3,10
3512,9,6,69156.74,5,2,5,12
3513,47,11,63288.840000000004,3,5,5,13
3514,55,6,44771.65,3,2,4,9
3515,17,11,26431.33,4,5,2,11
3516,6,9,34572.78,5,3,2,10
3517,33,9,43572.49,4,3,3,10
3518,44,7,34911.85,3,2,3,8
3519,141,7,49725.21,1,2,4,7
3520,68,6,24600.71,2,2,1,5
3521,28,7,21991.52,4,2,1,7
3522,112,8,49858.27,1,3,4,8
3523,76,10,40163.96,2,4,3,9
3524,38,6,34840.81,3,2,2,7
3525,9,10,57748.52,5,4,5,14
3526,33,11,67736.8,4,5,5,14
3527,11,8,37470.87,5,3,3,11
3528,18,8,38085.99,4,3,3,10
3529,90,14,66695.68000000001,2,5,5,12
3530,6,11,52180.45,5,5,4,14
3531,20,9,52282.62,4,3,4,11
3532,32,9,72747.24,4,3,5,12
3533,112,10,58212.83,1,4,5,10
3534,28,6,13533.77,4,2,1,7
3535,99,7,28551.88,2,2,2,6
3536,16,11,61250.799999999996,4,5,5,14
3537,18,10,37744.75,4,4,3,11
3538,59,11,37341.72,3,5,3,11
3539,57,6,13386.78,3,2,1,6
3540,75,4,23196.68,2,1,1,4
3541,104,11,57740.96,2,5,5,12
3542,2,5,13733.24,5,1,1,7
3543,21,7,30752.57,4,2,2,8
3544,69,11,52728.66,2,5,4,11
3545,7,7,45497.22,5,2,4,11
3546,116,5,53256.67,1,1,4,6
3547,120,13,45292.26,1,5,4,10
3548,238,4,18527.989999999998,1,1,1,3
3549,29,6,13489.49,4,2,1,7
3550,3,9,33532.61,5,3,2,10
3551,79,7,23646.21,2,2,1,5
3552,25,10,46609.259999999995,4,4,4,12
3553,86,15,61720.35,2,5,5,12
3554,11,9,36711.32,5,3,3,11
3555,21,7,47006.79,4,2,4,10
3556,130,6,48248.66,1,2,4,7
3557,129,6,30291.339999999997,1,2,2,5
3558,17,10,54993.37,4,4,4,12
3559,12,9,69908.66,5,3,5,13
3560,75,7,29509.28,2,2,2,6
3561,13,3,16400.34,5,1,1,7
3562,62,6,35969.28,3,2,3,8
3563,84,5,9719.960000000001,2,1,1,4
3564,1,11,43112.0,5,5,3,13
3565,39,11,46189.77,3,5,4,12
3566,50,11,44018.55,3,5,3,11
3567,24,12,32582.640000000003,4,5,2,11
3568,1,12,48213.75,5,5,4,14
3569,121,6,19692.52,1,2,1,4
3570,122,10,51066.4,1,4,4,9
3571,39,9,40447.840000000004,3,3,3,9
3572,75,10,31157.940000000002,2,4,2,8
3573,49,8,36651.3,3,3,3,9
3574,67,6,27873.4,2,2,2,6
3575,36,9,34009.59,3,3,2,8
3576,3,12,69456.66,5,5,5,15
3577,66,8,24537.09,2,3,1,6
3578,7,5,18477.739999999998,5,1,1,7
3579,49,8,41392.83,3,3,3,9
3580,26,9,41849.81,4,3,3,10
3581,154,8,39108.94,1,3,3,7
3582,17,9,54388.91,4,3,4,11
3583,19,13,49645.4,4,5,4,13
3584,276,6,26747.93,1,2,2,5
3585,21,12,59252.15,4,5,5,14
3586,6,6,17185.41,5,2,1,8
3587,62,4,15915.310000000001,3,1,1,5
3588,71,6,44630.19,2,2,4,8
3589,43,10,29853.4,3,4,2,9
3590,94,5,31781.26,2,1,2,5
3591,5,4,19175.97,5,1,1,7
3592,17,9,62199.72,4,3,5,12
3593,130,5,9959.279999999999,1,1,1,3
3594,52,6,20501.48,3,2,1,6
3595,2,7,44502.380000000005,5,2,3,10
3596,117,9,44047.08,1,3,3,7
3597,164,9,53594.9,1,3,4,8
3598,36,6,17735.38,3,2,1,6
3599,76,10,60855.770000000004,2,4,5,11
3600,120,5,38542.22,1,1,3,5
3601,12,10,50275.840000000004,5,4,4,13
3602,21,8,34515.47,4,3,2,9
3603,6,11,37923.229999999996,5,5,3,13
3604,106,12,46714.47,2,5,4,11
3605,6,7,48570.6,5,2,4,11
3606,10,10,54464.770000000004,5,4,4,13
3607,204,5,25245.45,1,1,2,4
3608,134,4,15595.630000000001,1,1,1,3
3609,44,9,36113.94,3,3,3,9
3610,26,3,22347.379999999997,4,1,1,6
3611,46,6,15694.59,3,2,1,6
3612,1,8,49418.45,5,3,4,12
3613,194,8,73158.25,1,3,5,9
3614,20,7,32789.119999999995,4,2,2,8
3615,35,6,25268.21,4,2,2,8
3616,4,7,33087.73,5,2,2,9
3617,21,7,36127.61,4,2,3,9
3618,29,13,79854.65,4,5,5,14
3619,39,10,72227.76000000001,3,4,5,12
3620,13,10,82181.23,5,4,5,14
3621,201,10,41254.51,1,4,3,8
3622,42,9,52238.299999999996,3,3,4,10
3623,27,8,24313.32,4,3,1,8
3624,167,2,26907.41,1,1,2,4
3625,87,10,40571.95,2,4,3,9
3626,60,10,47710.52,3,4,4,11
3627,2,10,49563.62,5,4,4,13
3628,40,4,5371.23,3,1,1,5
3629,131,9,36894.14,1,3,3,7
3630,96,9,38715.03,2,3,3,8
3631,226,7,40252.26,1,2,3,6
3632,16,9,32190.49,4,3,2,9
3633,33,16,68210.03,4,5,5,14
3634,13,5,32990.520000000004,5,1,2,8
3635,7,11,59229.24,5,5,5,15
3636,125,6,24231.18,1,2,1,4
3637,281,3,17084.9,1,1,1,3
3638,49,11,47361.979999999996,3,5,4,12
3639,51,8,41997.85,3,3,3,9
3640,33,12,75551.45,4,5,5,14
3641,21,4,24904.809999999998,4,1,1,6
3642,159,8,29400.47,1,3,2,6
3643,156,7,38082.54,1,2,3,6
3644,95,7,25866.48,2,2,2,6
3645,64,6,32475.649999999998,2,2,2,6
3646,73,6,33669.240000000005,2,2,2,6
3647,96,6,19117.949999999997,2,2,1,5
3648,159,8,44223.509999999995,1,3,3,7
3649,21,9,26908.06,4,3,2,9
3650,383,1,8702.76,1,1,1,3
3651,21,7,30119.100000000002,4,2,2,8
3652,7,7,31158.06,5,2,2,9
3653,14,10,50926.74,5,4,4,13
3654,87,5,23644.56,2,1,1,4
3655,23,4,7853.11,4,1,1,6
3656,69,11,60199.36,2,5,5,12
3657,7,7,27734.489999999998,5,2,2,9
3658,105,8,28965.13,2,3,2,7
3659,34,7,29532.89,4,2,2,8
3660,6,12,44045.29,5,5,3,13
3661,42,6,29275.73,3,2,2,7
3662,75,6,34445.61,2,2,2,6
3663,54,9,48157.06,3,3,4,10
3664,55,11,22673.79,3,5,1,9
3665,2,4,33133.16,5,1,2,8
3666,81,11,56232.67,2,5,4,11
3667,27,10,56477.5,4,4,4,12
3668,193,5,25808.719999999998,1,1,2,4
3669,21,14,44526.99,4,5,3,12
3670,115,6,18718.170000000002,1,2,1,4
3671,312,4,21240.89,1,1,1,3
3672,30,13,78142.31,4,5,5,14
3673,62,12,43012.55,3,5,3,11
3674,11,3,20063.77,5,1,1,7
3675,10,8,27736.18,5,3,2,10
3676,5,6,19052.29,5,2,1,8
3677,51,6,19987.719999999998,3,2,1,6
3678,42,5,17431.96,3,1,1,5
3679,83,13,64985.91,2,5,5,12
3680,19,16,55764.36,4,5,4,13
3681,4,7,50144.939999999995,5,2,4,11
3682,70,8,57717.41,2,3,5,10
3683,49,9,53088.200000000004,3,3,4,10
3684,112,6,37175.79,1,2,3,6
3685,60,6,37235.7,3,2,3,8
3686,62,8,61795.65,3,3,5,11
3687,8,8,37518.56,5,3,3,11
3688,72,9,48413.68,2,3,4,9
3689,255,9,56875.15,1,3,4,8
3690,16,6,33226.99,4,2,2,8
3691,64,6,48362.17,2,2,4,8
3692,118,8,31524.75,1,3,2,6
3693,13,8,34005.770000000004,5,3,2,10
3694,250,2,20806.68,1,1,1,3
3695,96,9,45752.229999999996,2,3,4,9
3696,58,5,12620.35,3,1,1,5
3697,32,13,57779.9,4,5,5,14
3698,233,6,39120.950000000004,1,2,3,6
3699,22,10,56973.58,4,4,5,13
3700,58,13,71177.29,3,5,5,13
3701,168,9,52401.96,1,3,4,8
3702,90,4,15147.04,2,1,1,4
3703,2,3,8977.42,5,1,1,7
3704,145,2,865.3299999999999,1,1,1,3
3705,67,7,45184.03,2,2,4,8
3706,59,8,25226.04,3,3,2,8
3707,88,13,61378.49,2,5,5,12
3708,14,6,27074.03,5,2,2,9
3709,87,14,56512.78,2,5,4,11
3710,62,6,49163.399999999994,3,2,4,9
3711,39,9,58330.16,3,3,5,11
3712,40,11,64158.59,3,5,5,13
3713,44,8,26872.71,3,3,2,8
3714,71,10,56242.060000000005,2,4,4,10
3715,12,11,38445.89,5,5,3,13
3716,198,8,23095.97,1,3,1,5
3717,2,10,47832.18,5,4,4,13
3718,2,7,38641.23,5,2,3,10
3719,66,8,34816.72,2,3,2,7
3720,3,7,31702.45,5,2,2,9
3721,31,7,38418.43,4,2,3,9
3722,18,14,80669.38,4,5,5,14
3723,2,12,57269.729999999996,5,5,5,15
3724,130,8,39566.240000000005,1,3,3,7
3725,61,8,20986.65,3,3,1,7
3726,130,9,61137.88,1,3,5,9
3727,65,4,23001.49,2,1,1,4
3728,33,4,30865.35,4,1,2,7
3729,99,8,38835.91,2,3,3,8
3730,79,3,25342.74,2,1,2,5
3731,25,7,38515.04,4,2,3,9
3732,74,5,20873.71,2,1,1,4
3733,17,8,30966.11,4,3,2,9
3734,92,11,86499.58,2,5,5,12
3735,88,8,51836.200000000004,2,3,4,9
3736,126,5,24518.9,1,1,1,3
3737,82,7,42300.409999999996,2,2,3,7
3738,35,8,65932.09,4,3,5,12
3739,2,10,73394.42,5,4,5,14
3740,64,17,87071.64,2,5,5,12
3741,15,6,20096.0,5,2,1,8
3742,48,11,53799.76,3,5,4,12
3743,13,7,40422.630000000005,5,2,3,10
3744,14,15,59916.170000000006,5,5,5,15
3745,8,8,69889.22,5,3,5,13
3746,29,4,17409.739999999998,4,1,1,6
3747,34,11,71392.6,4,5,5,14
3748,1,8,57474.45,5,3,5,13
3749,316,5,33968.49,1,1,2,4
3750,3,8,50966.630000000005,5,3,4,12
3751,9,6,33748.83,5,2,2,9
3752,145,3,10916.220000000001,1,1,1,3
3753,41,9,51469.619999999995,3,3,4,10
3754,43,12,58615.1,3,5,5,13
3755,176,6,24271.87,1,2,1,4
3756,45,4,19102.96,3,1,1,5
3757,18,6,44166.0,4,2,3,9
3758,86,8,38162.22,2,3,3,8
3759,22,8,40675.93,4,3,3,10
3760,13,11,56099.22,5,5,4,14
3761,74,12,100285.43000000001,2,5,5,12
3762,22,10,58603.07,4,4,5,13
3763,4,9,27057.93,5,3,2,10
3764,8,8,34484.880000000005,5,3,2,10
3765,57,6,28289.98,3,2,2,7
3766,60,9,46161.09,3,4,4,11
3767,15,6,23758.21,5,2,1,8
3768,19,7,34234.21,4,2,2,8
3769,34,5,16255.4,4,1,1,6
3770,95,9,62315.869999999995,2,4,5,11
3771,138,7,27825.66,1,2,2,5
3772,11,10,68277.35,5,4,5,14
3773,61,8,39773.159999999996,3,3,3,9
3774,7,9,40884.25,5,4,3,12
3775,67,11,47057.43,2,5,4,11
3776,234,10,49719.04,1,4,4,9
3777,2,6,24905.489999999998,5,2,1,8
3778,83,7,25688.45,2,2,2,6
3779,35,12,62473.97,4,5,5,14
3780,3,6,20010.2,5,2,1,8
3781,10,10,54108.18,5,4,4,13
3782,208,4,31832.090000000004,1,1,2,4
3783,189,13,97610.59,1,5,5,11
3784,48,8,48808.67,3,3,4,10
3785,2,12,58557.82,5,5,5,15
3786,126,8,21467.21,1,3,1,5
3787,76,11,49547.08,2,5,4,11
3788,139,7,28921.09,1,2,2,5
3789,137,8,34042.29,1,3,2,6
3790,92,3,18708.25,2,1,1,4
3791,65,8,36378.21,2,3,3,8
3792,9,12,61486.45,5,5,5,15
3793,78,8,33389.72,2,3,2,7
3794,90,6,24810.109999999997,2,2,1,5
3795,250,6,26100.33,1,2,2,5
3796,55,12,47912.58,3,5,4,12
3797,24,10,59707.92,4,4,5,13
3798,181,10,38746.08,1,4,3,8
3799,74,9,54088.81,2,4,4,10
3800,30,8,31660.45,4,3,2,9
3801,3,9,57801.45,5,4,5,14
3802,221,6,25347.239999999998,1,2,2,5
3803,192,5,23728.36,1,1,1,3
3804,93,9,51573.41,2,4,4,10
3805,57,10,54680.44,3,4,4,11
3806,77,9,42549.99,2,4,3,9
3807,5,8,36853.56,5,3,3,11
3808,44,12,39196.689999999995,3,5,3,11
3809,36,11,47021.83,3,5,4,12
3810,86,8,29929.75,2,3,2,7
3811,70,10,73823.9,2,4,5,11
3812,28,7,23060.55,4,2,1,7
3813,95,8,33777.979999999996,2,3,2,7
3814,37,9,24240.11,3,4,1,8
3815,159,7,30594.23,1,2,2,5
3816,165,5,36047.119999999995,1,1,3,5
3817,11,8,34254.03,5,3,2,10
3818,12,13,90429.17,5,5,5,15
3819,107,6,30978.870000000003,2,2,2,6
3820,9,9,44217.5,5,4,3,12
3821,38,6,34414.21,3,2,2,7
3822,33,5,25347.3,4,1,2,7
3823,27,11,78973.94,4,5,5,14
3824,65,8,50659.75,2,3,4,9
3825,17,10,86255.34,4,4,5,13
3826,61,6,19960.27,3,2,1,6
3827,52,10,77946.27,3,4,5,12
3828,20,11,36023.05,4,5,3,12
3829,96,6,23700.78,2,2,1,5
3830,25,11,47805.8,4,5,4,13
3831,69,8,21825.79,2,3,1,6
3832,29,10,48132.89,4,4,4,12
3833,19,10,44887.32,4,4,4,12
3834,101,4,17749.04,2,1,1,4
3835,63,4,31291.539999999997,2,1,2,5
3836,45,13,52010.66,3,5,4,12
3837,35,8,58414.869999999995,4,3,5,12
3838,4,10,33558.19,5,4,2,11
3839,6,13,79642.89,5,5,5,15
3840,209,5,18247.54,1,1,1,3
3841,36,6,52806.57,3,2,4,9
3842,95,7,36862.83,2,2,3,7
3843,97,6,32776.79,2,2,2,6
3844,56,10,35549.87,3,4,3,10
3845,13,11,41367.39,5,5,3,13
3846,101,9,33326.25,2,4,2,8
3847,142,8,29850.34,1,3,2,6
3848,86,9,36198.29,2,4,3,9
3849,89,9,46047.72,2,4,4,10
3850,30,10,46306.71,4,4,4,12
3851,91,8,32404.63,2,3,2,7
3852,115,8,40427.78,1,3,3,7
3853,47,14,59786.04,3,5,5,13
3854,9,10,32105.54,5,4,2,11
3855,23,7,41540.380000000005,4,2,3,9
3856,17,11,73637.01000000001,4,5,5,14
3857,29,8,35950.41,4,3,3,10
3858,4,9,58346.33,5,4,5,14
3859,25,5,19118.54,4,1,1,6
3860,31,9,26077.94,4,4,2,10
3861,139,6,47055.0,1,2,4,7
3862,84,9,60981.78,2,4,5,11
3863,87,12,50417.37,2,5,4,11
3864,43,11,46492.270000000004,3,5,4,12
3865,141,4,14446.74,1,1,1,3
3866,90,8,39969.75,2,3,3,8
3867,1,6,39931.15,5,2,3,10
3868,154,6,23584.59,1,2,1,4
3869,16,8,30278.5,4,3,2,9
3870,22,14,74372.51000000001,4,5,5,14
3871,219,7,33289.85,1,2,2,5
3872,105,5,17680.59,2,1,1,4
3873,18,9,42471.75,4,4,3,11
3874,93,10,40725.75,2,4,3,9
3875,63,8,38922.35,2,3,3,8
3876,22,13,59126.75,4,5,5,14
3877,184,9,49601.08,1,4,4,9
3878,132,8,43582.76,1,3,3,7
3879,12,12,45163.770000000004,5,5,4,14
3880,78,12,36300.73,2,5,3,10
3881,23,9,39949.979999999996,4,4,3,11
3882,451,2,7051.61,1,1,1,3
3883,8,9,33762.9,5,4,2,11
3884,19,4,25357.65,4,1,2,7
3885,25,8,39573.409999999996,4,3,3,10
3886,32,9,50242.93,4,4,4,12
3887,1,14,69374.57,5,5,5,15
3888,76,12,35588.3,2,5,3,10
3889,121,4,29711.02,1,1,2,4
3890,183,4,12078.04,1,1,1,3
3891,21,14,93320.91,4,5,5,14
3892,46,4,9054.76,3,1,1,5
3893,1,12,57660.61,5,5,5,15
3894,121,6,41890.4,1,2,3,6
3895,59,7,22843.57,3,2,1,6
3896,14,11,48805.92,5,5,4,14
3897,12,11,62808.71,5,5,5,15
3898,29,9,50878.74,4,4,4,12
3899,18,10,70513.97,4,4,5,13
3900,44,9,29719.1,3,4,2,9
3901,3,6,14527.8,5,2,1,8
3902,39,11,61654.990000000005,3,5,5,13
3903,151,7,23936.940000000002,1,2,1,4
3904,298,3,13657.369999999999,1,1,1,3
3905,234,5,22559.61,1,1,1,3
3906,174,10,65086.2,1,4,5,10
3907,18,11,67761.4,4,5,5,14
3908,132,8,30096.34,1,3,2,6
3909,72,7,26117.73,2,2,2,6
3910,47,7,25953.23,3,2,2,7
3911,18,12,52981.69,4,5,4,13
3912,11,13,76378.27,5,5,5,15
3913,60,9,44133.28,3,4,3,10
3914,206,6,27808.47,1,2,2,5
3915,30,10,34263.43,4,4,2,10
3916,12,14,42541.42,5,5,3,13
3917,15,8,42774.47,5,3,3,11
3918,25,9,45021.06,4,4,4,12
3919,18,11,84594.43000000001,4,5,5,14
3920,5,6,18632.05,5,2,1,8
3921,333,4,20633.879999999997,1,1,1,3
3922,13,9,31295.79,5,4,2,11
3923,19,8,25673.71,4,3,2,9
3924,44,10,42628.92,3,4,3,10
3925,44,5,33490.91,3,1,2,6
3926,87,11,45361.88,2,5,4,11
3927,10,6,34476.53,5,2,2,9
3928,41,8,42143.770000000004,3,3,3,9
3929,113,9,51971.02,1,4,4,9
3930,165,4,30077.1,1,1,2,4
3931,5,10,32322.5,5,4,2,11
3932,30,10,61282.39,4,4,5,13
3933,6,8,42214.99,5,3,3,11
3934,189,5,26495.120000000003,1,1,2,4
3935,32,10,61587.65,4,4,5,13
3936,7,11,40580.41,5,5,3,13
3937,199,6,14926.98,1,2,1,4
3938,46,11,55257.42,3,5,4,12
3939,82,7,27424.25,2,2,2,6
3940,63,5,18753.29,2,1,1,4
3941,54,9,44154.89,3,4,3,10
3942,22,8,20924.84,4,3,1,8
3943,17,9,46112.979999999996,4,4,4,12
3944,36,11,39039.46,3,5,3,11
3945,43,8,49270.270000000004,3,3,4,10
3946,182,9,56426.61,1,4,4,9
3947,42,4,13356.99,3,1,1,5
3948,102,9,44334.53,2,4,3,9
3949,128,7,43317.380000000005,1,2,3,6
3950,45,9,43547.29,3,4,3,10
3951,80,8,48332.9,2,3,4,9
3952,117,6,39244.31,1,2,3,6
3953,7,10,46665.9,5,4,4,13
3954,51,15,79347.19,3,5,5,13
3955,40,6,43509.35,3,2,3,8
3956,2,9,46044.38,5,4,4,13
3957,8,7,30166.690000000002,5,2,2,9
3958,175,4,22251.02,1,1,1,3
3959,139,7,52393.69,1,2,4,7
3960,14,8,55430.89,5,3,4,12
3961,37,9,51997.21,3,4,4,11
3962,133,5,41544.55,1,1,3,5
3963,158,5,18904.4,1,1,1,3
3965,2,9,47510.619999999995,5,4,4,13
3966,126,5,43351.61,1,1,3,5
3967,237,7,25476.6,1,2,2,5
3968,25,8,61715.03,4,3,5,12
3969,13,10,40444.26,5,4,3,12
3970,127,4,18330.48,1,1,1,3
3971,29,12,76862.76,4,5,5,14
3972,9,11,52069.13,5,5,4,14
3973,144,5,9600.82,1,1,1,3
3974,8,7,45122.4,5,2,4,11
3975,104,5,21930.19,2,1,1,4
3976,9,7,43765.75,5,2,3,10
3977,108,8,36656.11,2,3,3,8
3978,4,13,59934.37,5,5,5,15
3979,37,10,34550.89,3,4,2,9
3980,97,6,45103.26,2,2,4,8
3981,166,12,53891.41,1,5,4,10
3982,50,6,48075.36,3,2,4,9
3983,14,12,74148.92,5,5,5,15
3984,39,6,14450.42,3,2,1,6
3985,58,11,60681.35,3,5,5,13
3986,34,9,53200.55,4,4,4,12
3987,26,8,29600.4,4,3,2,9
3988,43,10,55401.5,3,4,4,11
3989,71,9,57063.94,2,4,5,11
3990,34,8,55520.29,4,3,4,11
3991,25,10,59439.66,4,4,5,13
3992,50,6,38378.15,3,2,3,8
3993,27,11,44641.19,4,5,4,13
3994,74,8,62762.72,2,3,5,10
3995,35,10,35446.72,4,4,3,11
3996,83,5,26728.77,2,1,2,5
3997,18,9,45623.33,4,4,4,12
3998,198,10,49509.229999999996,1,4,4,9
3999,32,9,58227.92,4,4,5,13
4000,20,9,31666.43,4,4,2,10
4001,101,10,47227.28,2,4,4,10
4002,88,5,15421.83,2,1,1,4
4003,10,6,34317.659999999996,5,2,2,9
4004,22,7,34201.18,4,2,2,8
4005,132,3,22317.07,1,1,1,3
4006,25,13,62180.92,4,5,5,14
4007,478,1,7540.2,1,1,1,3
4008,48,11,45736.07,3,5,4,12
4009,4,8,31138.53,5,3,2,10
4010,142,4,18292.35,1,1,1,3
4011,148,4,12192.06,1,1,1,3
4012,229,9,49379.42,1,4,4,9
4013,94,4,16001.41,2,1,1,4
4014,82,9,38624.04,2,4,3,9
4015,85,8,56885.86,2,3,4,9
4016,19,7,51311.26,4,2,4,10
4017,59,8,40495.95,3,3,3,9
4018,8,12,59506.67,5,5,5,15
4019,23,3,17161.42,4,1,1,6
4020,1,12,62844.39,5,5,5,15
4021,26,9,46509.44,4,4,4,12
4022,11,9,47582.03,5,4,4,13
4023,106,8,29844.010000000002,2,3,2,7
4024,84,12,50706.7,2,5,4,11
4025,124,9,35169.31,1,4,3,8
4026,144,6,47490.0,1,2,4,7
4027,158,12,81280.37,1,5,5,11
4028,81,8,55715.89,2,3,4,9
4029,51,9,29774.59,3,4,2,9
4030,26,11,63501.369999999995,4,5,5,14
4031,77,5,12458.45,2,1,1,4
4032,93,9,47787.12,2,4,4,10
4033,2,10,51266.259999999995,5,4,4,13
4034,18,8,74045.51,4,3,5,12
4035,65,8,53551.42,2,3,4,9
4036,188,9,66811.36,1,4,5,10
4037,16,12,63642.3,4,5,5,14
4038,35,5,41276.649999999994,4,1,3,8
4039,58,7,36350.57,3,2,3,8
4040,56,9,43793.28,3,4,3,10
4041,3,10,16975.48,5,4,1,10
4042,162,8,26602.82,1,3,2,6
4043,167,7,33815.44,1,2,2,5
4044,34,8,26877.89,4,3,2,9
4045,29,12,38115.56,4,5,3,12
4046,101,9,65425.3,2,4,5,11
4047,17,6,36183.17,4,2,3,9
4048,8,12,81324.12,5,5,5,15
4049,32,10,62295.590000000004,4,4,5,13
4050,14,7,25582.77,5,2,2,9
4051,1,7,37040.64,5,2,3,10
4052,107,7,46361.17,2,2,4,8
4053,52,9,48113.19,3,4,4,11
4054,51,5,11934.460000000001,3,1,1,5
4055,13,9,47202.54,5,4,4,13
4056,13,6,29893.36,5,2,2,9
4057,97,9,22592.36,2,4,1,7
4058,18,12,68719.04,4,5,5,14
4059,51,9,69825.76,3,4,5,12
4060,9,14,71785.48,5,5,5,15
4061,37,6,29511.55,3,2,2,7
4062,40,13,69459.04000000001,3,5,5,13
4063,74,7,36466.06,2,2,3,7
4064,51,11,45081.59,3,5,4,12
4065,3,7,43202.01,5,2,3,10
4066,21,5,32488.59,4,1,2,7
4067,30,4,10206.95,4,1,1,6
4068,53,12,84117.43,3,5,5,13
4069,49,6,44456.340000000004,3,2,3,8
4070,12,8,28529.82,5,3,2,10
4071,33,12,80636.68000000001,4,5,5,14
4072,45,6,22863.48,3,2,1,6
4073,44,6,21752.440000000002,3,2,1,6
4074,35,10,69726.01,4,4,5,13
4075,105,7,35439.36,2,2,3,7
4076,34,11,48949.51,4,5,4,13
4077,31,9,29397.84,4,4,2,10
4078,147,9,57663.97,1,4,5,10
4079,315,2,5838.110000000001,1,1,1,3
4080,23,9,53759.03,4,4,4,12
4081,14,5,18350.14,5,1,1,7
4082,114,8,29671.269999999997,1,3,2,6
4083,4,8,36955.18,5,3,3,11
4084,37,9,88996.43,3,4,5,12
4085,98,9,39572.14,2,4,3,9
4086,86,9,47475.63,2,4,4,10
4087,12,8,47994.11,5,3,4,12
4088,5,7,61001.09,5,2,5,12
4089,36,7,29243.26,3,2,2,7
4090,3,7,34625.58,5,2,2,9
4091,80,9,32328.920000000002,2,4,2,8
4092,79,8,53811.08,2,3,4,9
4093,4,6,30109.449999999997,5,2,2,9
4094,62,11,49812.76,3,5,4,12
4095,138,5,27247.59,1,1,2,4
4096,44,9,26577.51,3,4,2,9
4097,115,8,40722.69,1,3,3,7
4098,35,13,69485.75,4,5,5,14
4099,44,10,89459.33,3,4,5,12
4100,99,4,17446.64,2,1,1,4
4101,26,8,65999.5,4,3,5,12
4102,51,9,52685.59,3,4,4,11
4103,19,6,38352.21,4,2,3,9
4104,10,5,11943.34,5,1,1,7
4105,37,5,43095.52,3,1,3,7
4106,13,9,21021.71,5,4,1,10
4107,30,6,23065.37,4,2,1,7
4108,12,7,48182.07,5,2,4,11
4109,188,4,29328.04,1,1,2,4
4110,200,4,10173.23,1,1,1,3
4111,12,11,58692.4,5,5,5,15
4112,14,2,21352.97,5,1,1,7
4113,14,13,96536.47,5,5,5,15
4114,21,10,60499.770000000004,4,4,5,13
4115,10,13,58124.43,5,5,5,15
4116,33,13,79508.68,4,5,5,14
4117,34,14,96923.73999999999,4,5,5,14
4118,126,6,47637.6,1,2,4,7
4119,53,11,80597.70999999999,3,5,5,13
4120,70,12,72981.89,2,5,5,12
4121,25,6,22121.809999999998,4,2,1,7
4122,39,6,26805.56,3,2,2,7
4123,57,6,29585.86,3,2,2,7
4124,105,9,69796.69,2,4,5,11
4125,32,6,28628.54,4,2,2,8
4126,63,11,68063.13,2,5,5,12
4127,255,4,24124.78,1,1,1,3
4128,201,5,36437.25,1,1,3,5
4129,8,8,43235.880000000005,5,3,3,11
4130,49,7,34393.39,3,2,2,7
4131,40,5,37544.59,3,1,3,7
4132,5,6,23920.39,5,2,1,8
4133,23,11,54886.72,4,5,4,13
4134,269,6,37113.9,1,2,3,6
4135,65,6,27858.11,2,2,2,6
4136,26,10,41051.46,4,4,3,11
4137,121,7,34921.14,1,2,3,6
4138,44,7,20818.38,3,2,1,6
4139,59,8,53389.770000000004,3,3,4,10
4140,20,9,53482.9,4,4,4,12
4141,27,10,32095.96,4,4,2,10
4142,114,8,49438.43,1,3,4,8
4143,26,10,45145.39,4,4,4,12
4144,78,11,65028.08,2,5,5,12
4145,58,5,23095.83,3,1,1,5
4146,31,9,74809.37,4,4,5,13
4147,30,7,48869.62,4,2,4,10
4148,37,11,66610.63,3,5,5,13
4149,99,7,37832.11,2,2,3,7
4150,141,8,45161.16,1,3,4,8
4151,86,8,43495.87,2,3,3,8
4152,148,5,34343.3,1,1,2,4
4153,20,7,39820.39,4,2,3,9
4154,148,5,26784.98,1,1,2,4
4155,223,5,32470.85,1,1,2,4
4156,6,7,40670.31,5,2,3,10
4157,11,9,42617.090000000004,5,4,3,12
4158,8,12,53686.87,5,5,4,14
4159,76,10,39767.5,2,4,3,9
4160,60,7,23387.24,3,2,1,6
4161,88,14,53048.57,2,5,4,11
4162,145,4,22677.24,1,1,1,3
4163,42,12,67335.45,3,5,5,13
4164,8,9,43988.94,5,4,3,12
4165,41,8,20887.14,3,3,1,7
4166,12,11,52812.67,5,5,4,14
4167,371,2,10182.41,1,1,1,3
4168,44,6,33962.55,3,2,2,7
4169,32,5,24969.85,4,1,1,6
4170,88,10,44008.48,2,4,3,9
4171,30,8,28730.09,4,3,2,9
4172,23,10,49450.6,4,4,4,12
4173,124,6,32958.67,1,2,2,5
4174,156,5,12184.8,1,1,1,3
4175,40,6,42431.81,3,2,3,8
4176,4,13,78779.81999999999,5,5,5,15
4177,50,6,42246.22,3,2,3,8
4178,66,11,57493.17,2,5,5,12
4179,36,9,17845.53,3,4,1,8
4180,15,7,19616.79,5,2,1,8
4181,42,7,41229.95,3,2,3,8
4182,27,9,38948.07,4,4,3,11
4183,26,11,92154.81,4,5,5,14
4184,90,9,47544.59,2,4,4,10
4185,106,11,45042.47,2,5,4,11
4186,22,7,20192.42,4,2,1,7
4187,143,9,38063.520000000004,1,4,3,8
4188,9,10,40935.81,5,4,3,12
4189,23,5,23634.7,4,1,1,6
4190,10,12,79992.64,5,5,5,15
4191,38,5,34716.9,3,1,2,6
4192,11,5,19735.95,5,1,1,7
4193,150,4,18883.24,1,1,1,3
4194,84,10,57317.37,2,4,5,11
4195,87,4,18236.760000000002,2,1,1,4
4196,254,5,25743.0,1,1,2,4
4197,52,10,58813.16,3,4,5,12
4198,54,6,37917.14,3,2,3,8
4199,37,10,59843.55,3,4,5,12
4200,165,4,21201.1,1,1,1,3
4201,70,7,28769.260000000002,2,2,2,6
4202,57,6,41301.92,3,2,3,8
4203,1,13,102674.48,5,5,5,15
4204,73,13,63792.98,2,5,5,12
4205,33,13,78598.27,4,5,5,14
4206,1,8,16122.03,5,3,1,9
4207,171,7,25065.59,1,2,1,4
4208,69,8,43994.04,2,3,3,8
4209,12,14,64015.7,5,5,5,15
4210,53,8,56313.41,3,3,4,10
4211,25,12,57800.41,4,5,5,14
4212,13,9,55145.87,5,4,4,13
4213,43,7,52842.740000000005,3,2,4,9
4214,14,7,46760.64,5,2,4,11
4215,438,2,11180.14,1,1,1,3
4216,21,10,50667.09,4,4,4,12
4217,30,7,34272.19,4,2,2,8
4218,19,11,48567.11,4,5,4,13
4219,132,5,18945.59,1,1,1,3
4220,6,10,53709.7,5,4,4,13
4221,72,7,28240.11,2,2,2,6
4222,28,7,36759.82,4,2,3,9
4223,24,12,41592.33,4,5,3,12
4224,10,10,70838.06,5,4,5,14
4225,215,4,17137.75,1,1,1,3
4226,101,8,35822.95,2,3,3,8
4227,38,7,22749.25,3,2,1,6
4228,79,13,70486.33,2,5,5,12
4229,16,7,28775.61,4,2,2,8
4230,4,11,53672.81,5,5,4,14
4231,51,8,38749.33,3,3,3,9
4232,23,10,51920.05,4,4,4,12
4233,2,11,59111.369999999995,5,5,5,15
4234,37,8,33303.66,3,3,2,8
4235,45,10,66906.01,3,4,5,12
4236,154,3,16360.08,1,1,1,3
4237,111,2,8682.03,1,1,1,3
4238,15,12,66156.3,5,5,5,15
4239,1,6,19808.72,5,2,1,8
4240,4,13,65181.22,5,5,5,15
4241,206,7,28449.53,1,2,2,5
4242,115,6,30919.47,1,2,2,5
4243,123,6,28613.09,1,2,2,5
4244,198,8,36094.14,1,3,3,7
4245,132,4,6214.3,1,1,1,3
4246,205,3,23023.29,1,1,1,3
4247,21,5,40490.11,4,1,3,8
4248,73,6,28184.48,2,2,2,6
4249,76,7,43199.48,2,2,3,7
4250,81,5,40476.74,2,1,3,6
4251,109,4,24803.620000000003,2,1,1,4
4252,1,10,79910.78,5,4,5,14
4253,101,9,46344.14,2,4,4,10
4254,19,11,37358.41,4,5,3,12
4255,93,8,51609.96,2,3,4,9
4256,31,7,26260.38,4,2,2,8
4257,77,8,32991.17,2,3,2,7
4258,29,10,54134.74,4,4,4,12
4259,269,5,20130.24,1,1,1,3
4260,29,11,75585.35,4,5,5,14
4261,63,6,23119.95,2,2,1,5
4262,2,7,33196.73,5,2,2,9
4263,182,10,45333.45,1,4,4,9
4264,45,7,49051.64,3,2,4,9
4265,124,12,55318.97,1,5,4,10
4266,70,9,50999.19,2,4,4,10
4267,27,6,23321.62,4,2,1,7
4268,77,6,31874.75,2,2,2,6
4269,104,5,16704.97,2,1,1,4
4270,185,6,27162.64,1,2,2,5
4271,23,8,30193.21,4,3,2,9
4272,109,10,39618.049999999996,2,4,3,9
4273,39,11,66229.02,3,5,5,13
4274,10,11,68713.31999999999,5,5,5,15
4275,97,11,64782.26,2,5,5,12
4276,13,8,53300.1,5,3,4,12
4277,106,8,56862.479999999996,2,3,4,9
4278,126,7,25329.12,1,2,2,5
4279,64,4,14359.17,2,1,1,4
4280,123,6,42469.630000000005,1,2,3,6
4281,57,9,63102.26,3,4,5,12
4282,28,11,29941.239999999998,4,5,2,11
4283,70,8,23032.87,2,3,1,6
4284,34,6,55019.1,4,2,4,10
4285,38,10,43420.44,3,4,3,10
4286,95,6,37358.130000000005,2,2,3,7
4287,76,12,63952.97,2,5,5,12
4288,14,11,53733.51,5,5,4,14
4289,74,6,27277.04,2,2,2,6
4290,461,3,24231.83,1,1,1,3
4291,20,10,52379.369999999995,4,4,4,12
4292,5,9,35311.55,5,4,3,12
4293,166,10,37629.369999999995,1,4,3,8
4294,185,8,32394.43,1,3,2,6
4295,4,5,22946.449999999997,5,1,1,7
4296,86,8,30560.82,2,3,2,7
4297,18,10,45897.09,4,4,4,12
4298,167,7,47946.4,1,2,4,7
4299,132,6,27509.9,1,2,2,5
4300,96,7,33708.060000000005,2,2,2,6
4301,58,6,13159.82,3,2,1,6
4302,84,7,39746.72,2,2,3,7
4303,36,7,37238.84,3,2,3,8
4304,134,6,45288.97,1,2,4,7
4305,16,8,45983.86,4,3,4,11
4306,14,7,49675.15,5,2,4,11
4307,33,11,55012.97,4,5,4,13
4308,86,4,24638.85,2,1,1,4
4309,18,14,71068.59,4,5,5,14
4310,29,7,32465.5,4,2,2,8
4311,40,7,26580.21,3,2,2,7
4312,101,9,35638.16,2,4,3,9
4313,9,7,44192.91,5,2,3,10
4314,47,8,46264.33,3,3,4,10
4315,131,5,27895.84,1,1,2,4
4316,113,4,29788.62,1,1,2,4
4317,110,6,36085.94,2,2,3,7
4318,18,10,35985.86,4,4,3,11
4319,51,5,29166.420000000002,3,1,2,6
4320,8,7,28154.68,5,2,2,9
4321,5,9,45105.41,5,4,4,13
4322,282,3,37221.05,1,1,3,5
4323,14,8,45601.4,5,3,4,12
4324,64,7,45806.259999999995,2,2,4,8
4325,42,8,35599.02,3,3,3,9
4326,53,6,23382.19,3,2,1,6
4327,31,6,36975.28,4,2,3,9
4328,82,8,17730.82,2,3,1,6
4329,207,12,74515.11,1,5,5,11
4330,11,14,47742.68,5,5,4,14
4331,78,11,53300.08,2,5,4,11
4332,6,7,38995.95,5,2,3,10
4333,308,1,4440.76,1,1,1,3
4334,171,10,29660.61,1,4,2,7
4335,229,5,25037.38,1,1,1,3
4336,189,12,47454.049999999996,1,5,4,10
4337,68,8,41907.47,2,3,3,8
4338,37,16,86381.08,3,5,5,13
4339,21,12,49157.92,4,5,4,13
4340,28,8,44356.32,4,3,3,10
4341,33,9,28380.04,4,4,2,10
4342,43,6,34862.05,3,2,2,7
4343,38,9,46463.45,3,4,4,11
4344,48,5,27889.33,3,1,2,6
4345,20,8,73721.09,4,3,5,12
4346,320,8,32647.0,1,3,2,6
4347,18,8,33469.46,4,3,2,9
4348,51,10,63737.38,3,4,5,12
4349,39,6,58598.66,3,2,5,10
4350,86,8,57273.57,2,3,5,10
4351,12,10,41585.07,5,4,3,12
4352,61,11,50128.83,3,5,4,12
4353,82,9,65314.83,2,4,5,11
4354,55,5,27733.82,3,1,2,6
4355,153,6,32164.480000000003,1,2,2,5
4356,25,13,57364.6,4,5,5,14
4357,196,6,23809.04,1,2,1,4
4358,6,5,23691.3,5,1,1,7
4359,182,7,46871.77,1,2,4,7
4360,83,11,61398.659999999996,2,5,5,12
4361,19,7,22349.87,4,2,1,7
4362,163,6,36836.14,1,2,3,6
4363,99,7,30041.969999999998,2,2,2,6
4364,27,9,47672.45,4,4,4,12
4365,39,14,72829.95,3,5,5,13
4366,178,8,47822.270000000004,1,3,4,8
4367,104,8,22273.21,2,3,1,6
4368,25,7,36046.31,4,2,3,9
4369,137,8,50249.9,1,3,4,8
4370,52,9,45290.43,3,4,4,11
4371,32,10,52983.64,4,4,4,12
4372,164,5,22991.41,1,1,1,3
4373,81,9,50207.57,2,4,4,10
4374,122,7,28220.7,1,2,2,5
4375,29,7,65411.39,4,2,5,11
4376,220,6,24339.6,1,2,1,4
4377,34,6,46745.1,4,2,4,10
4378,204,3,21443.46,1,1,1,3
4379,22,8,64012.17,4,3,5,12
4380,14,7,25940.06,5,2,2,9
4381,25,8,27593.75,4,3,2,9
4382,203,5,32033.46,1,1,2,4
4383,7,14,67061.94,5,5,5,15
4384,138,6,28013.879999999997,1,2,2,5
4385,5,9,46652.64,5,4,4,13
4386,11,14,57438.16,5,5,5,15
4387,30,7,21997.77,4,2,1,7
4388,32,9,83443.61,4,4,5,13
4389,12,8,49774.25,5,3,4,12
4390,56,9,28209.27,3,4,2,9
4391,47,4,35116.06,3,1,3,7
4392,104,12,45136.08,2,5,4,11
4393,166,8,40042.58,1,3,3,7
4394,61,10,39525.65,3,4,3,10
4395,18,14,91611.51,4,5,5,14
4396,9,7,32718.129999999997,5,2,2,9
4397,220,6,27075.370000000003,1,2,2,5
4398,36,10,67417.83,3,4,5,12
4399,76,9,49455.87,2,4,4,10
4400,35,10,31987.57,4,4,2,10
4401,274,5,30026.38,1,1,2,4
4402,15,9,49181.92,5,4,4,13
4403,14,7,46821.81,5,2,4,11
4404,102,6,30611.629999999997,2,2,2,6
4405,165,7,28462.559999999998,1,2,2,5
4406,169,6,6779.21,1,2,1,4
4407,39,6,28632.13,3,2,2,7
4408,9,9,55416.76,5,4,4,13
4409,58,11,37349.33,3,5,3,11
4410,225,6,34760.92,1,2,2,5
4411,203,3,11993.81,1,1,1,3
4412,34,5,18141.77,4,1,1,6
4413,70,10,47149.54,2,4,4,10
4414,17,4,28370.02,4,1,2,7
4415,261,6,33397.14,1,2,2,5
4416,18,10,41416.29,4,4,3,11
4417,13,4,17841.61,5,1,1,7
4418,44,5,51448.17,3,1,4,8
4419,71,5,18513.920000000002,2,1,1,4
4420,135,9,29489.54,1,4,2,7
4421,36,6,29193.16,3,2,2,7
4422,38,8,14901.89,3,3,1,7
4423,5,12,57379.09,5,5,5,15
4424,5,7,77974.38,5,2,5,12
4425,101,10,64520.53,2,4,5,11
4426,42,5,22894.88,3,1,1,5
4427,43,7,30259.699999999997,3,2,2,7
4428,212,7,19520.38,1,2,1,4
4429,23,9,51480.64,4,4,4,12
4430,35,3,32522.02,4,1,2,7
4431,22,6,13998.260000000002,4,2,1,7
4432,13,6,46856.71,5,2,4,11
4433,42,10,62338.77,3,4,5,12
4434,40,5,29778.92,3,1,2,6
4435,13,11,52346.37,5,5,4,14
4436,17,4,11663.060000000001,4,1,1,6
4437,146,9,34253.16,1,4,2,7
4438,2,7,45206.16,5,2,4,11
4439,40,10,42620.32,3,4,3,10
4440,8,12,52067.04,5,5,4,14
4441,49,5,25642.02,3,1,2,6
4442,134,3,8939.71,1,1,1,3
4443,63,7,38197.11,2,2,3,7
4444,75,9,70076.17,2,4,5,11
4445,52,10,47470.06,3,4,4,11
4446,96,11,43479.82,2,5,3,10
4447,18,13,96992.29,4,5,5,14
4448,46,12,62272.880000000005,3,5,5,13
4449,66,8,44312.130000000005,2,3,3,8
4450,128,9,17974.66,1,4,1,6
4451,53,8,65728.65,3,3,5,11
4452,75,14,63295.89,2,5,5,12
4453,111,7,18269.39,1,2,1,4
4454,38,8,28605.23,3,3,2,8
4455,43,6,32858.15,3,2,2,7
4456,48,10,27653.48,3,4,2,9
4457,36,7,41050.14,3,2,3,8
4458,134,6,36154.0,1,2,3,6
4459,191,8,33125.11,1,3,2,6
4460,29,6,30675.06,4,2,2,8
4461,93,8,30574.15,2,3,2,7
4462,2,11,80290.38,5,5,5,15
4463,40,9,52790.340000000004,3,4,4,11
4464,46,9,48711.88,3,4,4,11
4465,14,11,51801.39,5,5,4,14
4466,99,7,32051.42,2,2,2,6
4467,16,9,29509.33,4,4,2,10
4468,30,4,23234.93,4,1,1,6
4469,36,6,18685.45,3,2,1,6
4470,52,9,53999.87,3,4,4,11
4471,152,10,43422.17,1,4,3,8
4472,2,14,63154.69,5,5,5,15
4473,78,9,50956.240000000005,2,4,4,10
4474,61,9,40338.41,3,4,3,10
4475,137,8,45288.53,1,3,4,8
4476,142,7,44180.55,1,2,3,6
4477,36,9,33545.65,3,4,2,9
4478,61,9,53881.8,3,4,4,11
4479,8,7,24285.55,5,2,1,8
4480,85,6,26094.59,2,2,2,6
4481,84,10,69961.28,2,4,5,11
4482,142,6,18779.9,1,2,1,4
4483,8,14,81141.38,5,5,5,15
4484,7,14,68726.17,5,5,5,15
4485,2,7,37077.200000000004,5,2,3,10
4486,134,7,35337.34,1,2,3,6
4487,95,11,64984.23,2,5,5,12
4488,44,4,18655.670000000002,3,1,1,5
4489,53,4,22071.07,3,1,1,5
4490,97,9,39000.49,2,4,3,9
4491,15,7,44880.54,5,2,4,11
4492,13,7,22427.84,5,2,1,8
4493,21,8,20416.75,4,3,1,8
4494,11,9,34672.3,5,4,2,11
4495,20,12,43014.79,4,5,3,12
4496,19,3,30796.34,4,1,2,7
4497,87,7,37770.82,2,2,3,7
4498,70,13,60154.87,2,5,5,12
4499,28,7,27269.91,4,2,2,8
4500,12,8,78829.4,5,3,5,13
4501,240,4,21366.100000000002,1,1,1,3
4502,97,3,13240.909999999998,2,1,1,4
4503,163,7,34706.66,1,2,2,5
4504,85,10,65875.07,2,4,5,11
4505,17,6,52963.78,4,2,4,10
4506,98,9,52419.97,2,4,4,10
4507,306,7,34219.28,1,2,2,5
4508,7,7,21978.77,5,2,1,8
4509,1,11,70671.84,5,5,5,15
4510,12,9,37936.55,5,4,3,12
4511,9,7,40875.92,5,2,3,10
4512,67,9,31267.67,2,4,2,8
4513,75,7,30341.86,2,2,2,6
4514,31,7,36982.8,4,2,3,9
4515,116,7,17943.34,1,2,1,4
4516,24,7,40447.340000000004,4,2,3,9
4517,7,11,61584.87,5,5,5,15
4518,98,8,36898.24,2,3,3,8
4519,16,12,53466.450000000004,4,5,4,13
4520,23,7,49655.26,4,2,4,10
4521,59,12,84972.61,3,5,5,13
4522,46,10,21375.08,3,4,1,8
4523,64,8,53229.0,2,3,4,9
4524,22,8,66019.21,4,3,5,12
4525,325,5,21425.17,1,1,1,3
4526,345,2,1011.0899999999999,1,1,1,3
4527,118,12,86428.29,1,5,5,11
4528,114,7,43270.56,1,2,3,6
4529,213,3,17484.48,1,1,1,3
4530,1,12,68907.56,5,5,5,15
4531,28,7,43693.9,4,2,3,9
4532,141,9,53716.33,1,4,4,9
4533,323,2,8932.89,1,1,1,3
4534,98,8,47631.47,2,3,4,9
4535,91,11,48951.91,2,5,4,11
4536,36,11,44218.64,3,5,3,11
4537,80,10,35113.73,2,4,3,9
4538,88,6,47623.45,2,2,4,8
4539,33,13,76007.57,4,5,5,14
4540,15,8,40305.17999999999,5,3,3,11
4541,40,7,43108.95,3,2,3,8
4542,119,10,29551.769999999997,1,4,2,7
4543,8,9,32767.46,5,4,2,11
4544,17,8,64000.35,4,3,5,12
4545,68,12,48689.2,2,5,4,11
4546,234,4,18720.22,1,1,1,3
4547,12,11,41524.93,5,5,3,13
4548,25,3,21115.12,4,1,1,6
4549,3,6,32770.24,5,2,2,9
4550,18,10,33611.1,4,4,2,10
4551,102,6,29385.52,2,2,2,6
4552,67,13,94250.52,2,5,5,12
4553,172,4,8728.16,1,1,1,3
4554,17,10,55889.36,4,4,4,12
4555,98,5,23134.39,2,1,1,4
4556,193,2,10957.88,1,1,1,3
4557,95,8,52973.93,2,3,4,9
4558,66,4,14591.380000000001,2,1,1,4
4559,222,5,13700.97,1,1,1,3
4560,25,9,52232.58,4,4,4,12
4561,103,20,97001.91,2,5,5,12
4562,68,7,36424.58,2,2,3,7
4563,294,8,38191.380000000005,1,3,3,7
4564,159,7,33788.59,1,2,2,5
4565,178,7,80500.83,1,2,5,8
4566,13,13,54705.25,5,5,4,14
4567,67,8,47352.1,2,3,4,9
4568,158,7,36509.45,1,2,3,6
4569,42,5,21287.56,3,1,1,5
4570,23,8,29018.05,4,3,2,9
4571,71,8,26481.42,2,3,2,7
4572,135,7,26856.010000000002,1,2,2,5
4573,54,8,34635.48,3,3,2,8
4574,19,7,37711.24,4,2,3,9
4575,218,1,8788.15,1,1,1,3
4576,67,11,57119.759999999995,2,5,5,12
4577,84,7,40662.45,2,2,3,7
4578,19,12,59179.37,4,5,5,14
4579,184,7,20852.42,1,2,1,4
4580,113,2,12467.28,1,1,1,3
4581,68,8,32397.32,2,3,2,7
4582,151,5,33019.759999999995,1,1,2,4
4583,7,10,50687.92999999999,5,4,4,13
4584,58,9,59746.41,3,4,5,12
4585,1,8,34533.4,5,3,2,10
4586,102,8,27023.32,2,3,2,7
4587,4,15,63283.04,5,5,5,15
4588,295,4,30342.35,1,1,2,4
4589,173,7,51310.8,1,2,4,7
4590,27,6,35078.09,4,2,3,9
4591,230,5,15765.33,1,1,1,3
4592,89,8,33908.81,2,3,2,7
4593,36,12,60620.85,3,5,5,13
4594,73,9,49098.91,2,4,4,10
4595,23,7,29825.64,4,2,2,8
4596,47,6,20421.39,3,2,1,6
4597,65,9,44828.92,2,4,4,10
4598,117,8,30785.35,1,3,2,6
4599,59,8,39517.95,3,3,3,9
4600,4,7,32778.79,5,2,2,9
4601,3,8,37207.42,5,3,3,11
4602,31,8,36411.35,4,3,3,10
4603,84,8,39538.89,2,3,3,8
4604,55,9,51554.83,3,4,4,11
4605,180,7,30198.219999999998,1,2,2,5
4606,58,11,44730.58,3,5,4,12
4607,79,15,82968.75,2,5,5,12
4608,102,7,32618.66,2,2,2,6
4609,193,7,38826.5,1,2,3,6
4610,9,4,24094.96,5,1,1,7
4611,177,7,23437.47,1,2,1,4
4612,26,7,67762.4,4,2,5,11
4613,50,6,35750.6,3,2,3,8
4614,105,9,48354.03,2,4,4,10
4615,62,9,35101.92,3,4,3,10
4616,96,8,31631.34,2,3,2,7
4617,40,9,40119.3,3,4,3,10
4618,8,6,16913.35,5,2,1,8
4619,58,11,63346.39,3,5,5,13
4620,6,10,35792.19,5,4,3,12
4621,35,9,37580.899999999994,4,4,3,11
4622,30,11,48771.02,4,5,4,13
4623,74,6,24790.14,2,2,1,5
4624,155,2,13777.07,1,1,1,3
4625,5,7,30172.019999999997,5,2,2,9
4626,42,10,54523.03,3,4,4,11
4627,21,5,7365.82,4,1,1,6
4628,10,7,26372.15,5,2,2,9
4629,115,8,45222.35,1,3,4,8
4630,39,9,33248.99,3,4,2,9
4631,224,5,16816.66,1,1,1,3
4632,50,7,48951.27,3,2,4,9
4633,43,11,56749.1,3,5,4,12
4634,71,9,48797.93,2,4,4,10
4635,40,5,19567.19,3,1,1,5
4636,71,7,40860.729999999996,2,2,3,7
4637,26,8,29746.35,4,3,2,9
4638,11,7,37129.17,5,2,3,10
4639,105,9,53324.77,2,4,4,10
4640,25,8,42833.97,4,3,3,10
4641,21,11,67996.97,4,5,5,14
4642,38,4,15647.46,3,1,1,5
4643,11,7,39002.65,5,2,3,10
4644,209,3,30663.96,1,1,2,4
4645,63,6,41795.0,2,2,3,7
4646,43,9,63874.689999999995,3,4,5,12
4647,26,6,43690.8,4,2,3,9
4648,57,6,6730.78,3,2,1,6
4649,211,4,15562.050000000001,1,1,1,3
4650,146,6,28303.29,1,2,2,5
4651,44,7,35853.6,3,2,3,8
4652,11,8,39556.08,5,3,3,11
4653,202,5,25174.85,1,1,1,3
4654,126,11,63715.99,1,5,5,11
4655,46,8,26133.780000000002,3,3,2,8
4656,94,4,26308.28,2,1,2,5
4657,61,6,21611.09,3,2,1,6
4658,145,3,8714.91,1,1,1,3
4659,75,13,56515.45,2,5,4,11
4660,37,7,18836.03,3,2,1,6
4661,174,3,16551.47,1,1,1,3
4662,28,12,38952.759999999995,4,5,3,12
4663,22,4,19066.09,4,1,1,6
4664,95,7,38865.41,2,2,3,7
4665,259,5,14871.41,1,1,1,3
4666,57,10,55706.75,3,4,4,11
4667,142,2,24291.04,1,1,1,3
4668,129,7,49168.89,1,2,4,7
4669,36,7,31144.129999999997,3,2,2,7
4670,31,4,17660.75,4,1,1,6
4671,314,1,3210.11,1,1,1,3
4672,15,10,50142.799999999996,5,4,4,13
4673,18,10,40329.520000000004,4,4,3,11
4674,509,1,3587.5,1,1,1,3
4675,9,11,70753.25,5,5,5,15
4676,11,5,40346.2,5,1,3,9
4677,12,9,45363.159999999996,5,4,4,13
4678,314,4,11371.33,1,1,1,3
4679,33,5,36395.92,4,1,3,8
4680,63,10,43327.24,2,4,3,9
4681,18,12,51845.090000000004,4,5,4,13
4682,21,17,67004.24,4,5,5,14
4683,133,5,32998.85,1,1,2,4
4684,103,12,70161.26,2,5,5,12
4685,39,4,8479.05,3,1,1,5
4686,1,7,37753.18,5,2,3,10
4687,40,3,19366.5,3,1,1,5
4688,38,9,43283.95,3,4,3,10
4689,8,14,74559.49,5,5,5,15
4690,224,9,43732.240000000005,1,4,3,8
4691,128,7,31249.68,1,2,2,5
4692,61,10,38942.549999999996,3,4,3,10
4693,62,11,66010.46,3,5,5,13
4694,65,5,26448.15,2,1,2,5
4695,6,8,26307.57,5,3,2,10
4696,5,6,28649.81,5,2,2,9
4697,7,8,38637.759999999995,5,3,3,11
4698,51,8,41145.09,3,3,3,9
4699,85,7,22337.86,2,2,1,5
4700,101,7,45247.0,2,2,4,8
4701,43,9,48635.0,3,4,4,11
4702,60,8,46283.770000000004,3,3,4,10
4703,21,6,33301.65,4,2,2,8
4704,103,6,20894.04,2,2,1,5
4705,150,5,9178.64,1,1,1,3
4706,59,11,70251.03,3,5,5,13
4707,10,7,15598.26,5,2,1,8
4708,57,6,36217.5,3,2,3,8
4709,53,7,27592.39,3,2,2,7
4710,13,10,37107.9,5,4,3,12
4711,3,9,42017.7,5,4,3,12
4712,14,12,72596.45999999999,5,5,5,15
4713,24,11,56164.32,4,5,4,13
4714,132,11,58805.1,1,5,5,11
4715,6,8,49447.95,5,3,4,12
4716,89,8,34425.64,2,3,2,7
4717,22,13,72010.88,4,5,5,14
4718,389,5,47438.259999999995,1,1,4,6
4719,50,5,15235.830000000002,3,1,1,5
4720,167,5,20243.370000000003,1,1,1,3
4721,141,12,72225.62000000001,1,5,5,11
4722,14,6,41946.46,5,2,3,10
4723,173,5,8393.25,1,1,1,3
4724,74,9,56476.07,2,4,4,10
4725,245,5,34779.85,1,1,2,4
4726,74,6,40199.25,2,2,3,7
4727,160,6,50507.7,1,2,4,7
4728,56,4,21046.129999999997,3,1,1,5
4729,72,7,32873.1,2,2,2,6
4730,17,6,24696.36,4,2,1,7
4731,84,7,37480.6,2,2,3,7
4732,5,6,33113.53,5,2,2,9
4733,42,7,28653.27,3,2,2,7
4734,62,11,62538.47,3,5,5,13
4735,133,6,27895.96,1,2,2,5
4736,39,4,16687.739999999998,3,1,1,5
4737,88,9,66297.40000000001,2,4,5,11
4738,40,9,46837.43,3,4,4,11
4739,70,8,35466.74,2,3,3,8
4740,4,6,54680.45,5,2,4,11
4741,112,9,41566.380000000005,1,4,3,8
4742,80,8,69485.56,2,3,5,10
4743,46,9,22269.16,3,4,1,8
4744,154,4,16392.94,1,1,1,3
4745,21,7,19317.91,4,2,1,7
4746,267,6,36427.8,1,2,3,6
4747,82,5,24717.14,2,1,1,4
4748,2,8,50695.44,5,3,4,12
4749,112,11,40114.21,1,5,3,9
4750,6,6,18572.379999999997,5,2,1,8
4751,125,9,58837.65,1,4,5,10
4752,16,6,24324.07,4,2,1,7
4753,86,5,35623.77,2,1,3,6
4754,52,11,68517.23,3,5,5,13
4755,37,12,62325.96000000001,3,5,5,13
4756,63,9,38145.270000000004,2,4,3,9
4757,13,9,38689.590000000004,5,4,3,12
4758,107,10,58823.53,2,4,5,11
4759,10,7,32730.49,5,2,2,9
4760,13,11,50455.38,5,5,4,14
4761,22,5,27017.38,4,1,2,7
4762,208,6,25276.329999999998,1,2,2,5
4763,19,11,44194.85,4,5,3,12
4764,25,7,37252.46,4,2,3,9
4765,109,6,28090.53,2,2,2,6
4766,18,9,68948.81,4,4,5,13
4767,108,10,40787.1,2,4,3,9
4768,311,5,28795.55,1,1,2,4
4769,148,2,17501.329999999998,1,1,1,3
4770,2,11,65391.23,5,5,5,15
4771,154,4,15972.33,1,1,1,3
4772,70,6,10206.939999999999,2,2,1,5
4773,2,9,37417.34,5,4,3,12
4774,47,4,11264.41,3,1,1,5
4775,1,16,84776.05,5,5,5,15
4776,25,9,51961.76,4,4,4,12
4777,203,4,19410.05,1,1,1,3
4778,18,9,47301.58,4,4,4,12
4779,4,6,37168.06,5,2,3,10
4780,105,5,31762.269999999997,2,1,2,5
4781,56,13,77018.13,3,5,5,13
4782,57,6,56379.21,3,2,4,9
4783,41,9,31217.16,3,4,2,9
4784,174,7,27219.46,1,2,2,5
4785,41,13,83734.19,3,5,5,13
4786,49,9,83331.72,3,4,5,12
4787,45,7,24375.68,3,2,1,6
4788,2,10,52580.97,5,4,4,13
4789,91,9,62805.23,2,4,5,11
4790,34,6,38934.31,4,2,3,9
4791,51,11,52520.450000000004,3,5,4,12
4792,72,7,31348.86,2,2,2,6
4793,61,6,30597.239999999998,3,2,2,7
4794,131,6,14381.64,1,2,1,4
4795,14,7,36514.96,5,2,3,10
4796,39,4,22033.31,3,1,1,5
4797,291,3,19050.87,1,1,1,3
4798,70,9,54606.55,2,4,4,10
4799,75,5,19975.260000000002,2,1,1,4
4800,100,10,68650.49,2,4,5,11
4801,15,14,57362.979999999996,5,5,5,15
4802,151,6,16863.37,1,2,1,4
4803,278,5,39156.630000000005,1,1,3,5
4804,95,11,52994.64,2,5,4,11
4805,142,9,45721.89,1,4,4,9
4806,29,6,30332.85,4,2,2,8
4807,70,8,44797.83,2,3,4,9
4808,60,6,19825.45,3,2,1,6
4809,23,12,61511.549999999996,4,5,5,14
4810,96,6,9547.4,2,2,1,5
4811,184,5,12761.93,1,1,1,3
4812,89,4,11463.869999999999,2,1,1,4
4813,21,13,94009.82,4,5,5,14
4814,125,8,29399.84,1,3,2,6
4815,310,4,11413.93,1,1,1,3
4816,91,5,18316.789999999997,2,1,1,4
4817,72,7,36849.26,2,2,3,7
4818,36,5,41803.909999999996,3,1,3,7
4819,65,13,71995.38,2,5,5,12
4820,42,9,38059.68,3,4,3,10
4821,77,9,76896.03,2,4,5,11
4822,95,6,59813.93,2,2,5,9
4823,137,6,65094.03,1,2,5,8
4824,57,7,53393.38,3,2,4,9
4825,3,13,67508.89,5,5,5,15
4826,19,10,38451.2,4,4,3,11
4827,4,9,45919.78,5,4,4,13
4828,156,7,16935.82,1,2,1,4
4829,231,4,12466.71,1,1,1,3
4830,101,5,17333.03,2,1,1,4
4831,34,4,19221.75,4,1,1,6
4832,39,14,65341.27,3,5,5,13
4833,67,5,10606.42,2,1,1,4
4834,176,9,43442.22,1,4,3,8
4835,141,9,24797.52,1,4,1,6
4836,13,9,57420.17,5,4,5,14
4837,52,11,46049.08,3,5,4,12
4838,54,10,46784.76,3,4,4,11
4839,8,7,25590.63,5,2,2,9
4840,7,8,41600.35,5,3,3,11
4841,14,7,37012.5,5,2,3,10
4842,59,10,49101.72,3,4,4,11
4843,41,4,9932.31,3,1,1,5
4844,127,8,55542.57,1,3,4,8
4845,10,11,68392.72,5,5,5,15
4846,192,5,30480.75,1,1,2,4
4847,207,3,14561.03,1,1,1,3
4848,83,10,38345.700000000004,2,4,3,9
4849,22,2,13378.84,4,1,1,6
4850,83,11,52962.2,2,5,4,11
4851,20,9,44897.33,4,4,4,12
4852,100,6,28550.64,2,2,2,6
4853,72,6,24605.53,2,2,1,5
4854,139,8,20799.309999999998,1,3,1,5
4855,99,6,20162.83,2,2,1,5
4856,237,4,13105.79,1,1,1,3
4857,21,7,47897.9,4,2,4,10
4858,14,10,58304.24,5,4,5,14
4859,123,5,9927.61,1,1,1,3
4860,84,7,36384.26,2,2,3,7
4861,11,8,37088.909999999996,5,3,3,11
4862,20,14,52547.74,4,5,4,13
4863,61,9,50373.73,3,4,4,11
4864,146,6,32207.21,1,2,2,5
4865,16,11,41033.12,4,5,3,12
4866,10,9,34360.71,5,4,2,11
4867,11,10,73770.13,5,4,5,14
4868,70,5,44752.14,2,1,4,7
4869,16,10,48916.44,4,4,4,12
4870,6,7,26219.85,5,2,2,9
4871,169,4,9522.7,1,1,1,3
4872,35,8,36406.93,4,3,3,10
4873,83,5,40895.78,2,1,3,6
4874,24,9,39138.17,4,4,3,11
4875,4,10,39692.93,5,4,3,12
4876,181,6,30285.72,1,2,2,5
4877,77,7,37680.009999999995,2,2,3,7
4878,272,4,27312.449999999997,1,1,2,4
4879,36,11,82968.68000000001,3,5,5,13
4880,364,4,13848.619999999999,1,1,1,3
4881,56,11,71553.61,3,5,5,13
4882,81,9,57202.58,2,4,5,11
4883,7,6,22848.83,5,2,1,8
4884,138,7,35818.2,1,2,3,6
4885,13,10,68434.66,5,4,5,14
4886,5,5,33933.5,5,1,2,8
4887,184,7,25233.05,1,2,2,5
4888,8,14,35903.159999999996,5,5,3,13
4889,13,16,72443.48,5,5,5,15
4890,192,8,31911.93,1,3,2,6
4891,17,9,65789.82,4,4,5,13
4892,15,10,34226.56,5,4,2,11
4893,115,6,34507.08,1,2,2,5
4894,19,9,46374.98,4,4,4,12
4895,108,3,15780.46,2,1,1,4
4896,44,7,52563.6,3,2,4,9
4897,45,8,42349.409999999996,3,3,3,9
4898,5,8,27650.77,5,3,2,10
4899,92,5,32095.89,2,1,2,5
4900,98,8,37592.79,2,3,3,8
4901,4,9,68174.18000000001,5,4,5,14
4902,80,6,14364.97,2,2,1,5
4903,86,12,22479.5,2,5,1,8
4904,17,9,43191.86,4,4,3,11
4905,45,12,64033.58,3,5,5,13
4906,82,5,14280.06,2,1,1,4
4907,3,5,26419.0,5,1,2,8
4908,95,8,73801.26,2,3,5,10
4909,53,8,28209.4,3,3,2,8
4910,101,8,30674.31,2,3,2,7
4911,27,5,23264.21,4,1,1,6
4912,104,9,69498.55,2,4,5,11
4913,17,11,71499.91,4,5,5,14
4914,20,7,37793.25,4,2,3,9
4915,59,5,8992.919999999998,3,1,1,5
4916,84,9,44739.149999999994,2,4,4,10
4917,3,8,36347.39,5,3,3,11
4918,43,8,29719.84,3,3,2,8
4919,50,6,35991.64,3,2,3,8
4920,41,9,62611.11,3,4,5,12
4921,19,8,29681.269999999997,4,3,2,9
4922,223,8,49658.56,1,3,4,8
4923,13,8,37283.65,5,3,3,11
4924,81,10,39973.35,2,4,3,9
4925,92,10,60192.88,2,4,5,11
4926,95,11,36251.520000000004,2,5,3,10
4927,24,7,29363.739999999998,4,2,2,8
4928,64,6,14733.42,2,2,1,5
4929,20,5,38129.42,4,1,3,8
4930,38,6,27598.61,3,2,2,7
4931,32,13,84282.54,4,5,5,14
4932,35,9,56580.600000000006,4,4,4,12
4933,31,8,39508.87,4,3,3,10
4934,92,5,27758.489999999998,2,1,2,5
4935,65,8,38567.14,2,3,3,8
4936,35,8,45612.25,4,3,4,11
4937,139,5,13103.96,1,1,1,3
4938,92,6,38410.42,2,2,3,7
4939,126,6,35741.01,1,2,3,6
4940,54,8,27533.899999999998,3,3,2,8
4941,84,12,68336.08,2,5,5,12
4942,52,13,56973.18,3,5,5,13
4943,20,6,55784.84,4,2,4,10
4944,59,9,50633.36,3,4,4,11
4945,40,5,34873.51,3,1,3,7
4946,52,9,29936.66,3,4,2,9
4947,53,10,38969.87,3,4,3,10
4948,225,6,25592.260000000002,1,2,2,5
4949,186,5,32271.81,1,1,2,4
4950,53,4,9880.509999999998,3,1,1,5
4951,50,5,11429.8,3,1,1,5
4952,78,13,76487.63,2,5,5,12
4953,25,10,69374.98,4,4,5,13
4954,103,12,88916.92,2,5,5,12
4955,14,10,44659.14,5,4,4,13
4956,4,8,55608.27,5,3,4,12
4957,46,7,16489.75,3,2,1,6
4958,30,11,66277.1,4,5,5,14
4959,270,5,20535.68,1,1,1,3
4960,7,9,57155.91,5,4,5,14
4961,17,12,46781.23,4,5,4,13
4962,8,13,54191.15,5,5,4,14
4963,84,9,61950.39,2,4,5,11
4964,10,8,32207.19,5,3,2,10
4965,96,10,66542.34,2,4,5,11
4966,137,9,51166.74,1,4,4,9
4967,31,12,52313.52,4,5,4,13
4968,81,5,17821.9,2,1,1,4
4969,36,7,45024.41,3,2,4,9
4970,26,7,45971.43,4,2,4,10
4971,74,5,16832.48,2,1,1,4
4972,55,8,39111.9,3,3,3,9
4973,7,8,46999.17,5,3,4,12
4974,39,11,33148.38,3,5,2,10
4975,4,10,35291.16,5,4,3,12
4976,112,4,17079.94,1,1,1,3
4977,276,9,54948.229999999996,1,4,4,9
4978,8,14,63760.81,5,5,5,15
4979,9,8,22994.22,5,3,1,9
4980,237,6,32548.22,1,2,2,5
4981,68,10,43010.89,2,4,3,9
4982,138,11,68165.93,1,5,5,11
4983,20,11,66283.55,4,5,5,14
4984,34,8,37664.52,4,3,3,10
4985,252,8,57979.13,1,3,5,9
4986,49,9,39914.92,3,4,3,10
4987,58,8,56980.020000000004,3,3,5,11
4988,36,6,54654.26,3,2,4,9
4989,70,9,44983.37,2,4,4,10
4990,9,4,19852.68,5,1,1,7
4991,28,8,35583.61,4,3,3,10
4992,18,8,43314.450000000004,4,3,3,10
4993,184,6,32261.17,1,2,2,5
4994,173,6,40776.97,1,2,3,6
4995,54,7,31505.579999999998,3,2,2,7
4996,34,7,41874.35,4,2,3,9
4997,1,13,88123.63,5,5,5,15
4998,96,8,36482.97,2,3,3,8
4999,212,3,15694.99,1,1,1,3
5000,16,11,54800.96,4,5,4,13
5001,107,12,56766.6,2,5,4,11
5002,151,7,51745.67,1,2,4,7
5003,25,12,62890.12,4,5,5,14
5004,4,8,43033.22,5,3,3,11
5005,71,7,39067.74,2,2,3,7
5006,20,7,28962.5,4,2,2,8
5007,163,6,39208.9,1,2,3,6
5008,13,12,51191.97,5,5,4,14
5009,72,8,51011.84,2,3,4,9
5010,48,9,28192.76,3,4,2,9
5011,47,9,52866.51,3,4,4,11
5012,143,7,24485.489999999998,1,2,1,4
5013,209,8,36505.98,1,3,3,7
5014,47,7,18469.43,3,2,1,6
5015,41,8,51179.299999999996,3,3,4,10
5016,106,14,72544.92,2,5,5,12
5017,44,10,64908.88,3,4,5,12
5018,230,7,27482.98,1,2,2,5
5019,80,7,33946.88,2,2,2,6
5020,59,8,42013.729999999996,3,3,3,9
5021,15,12,81250.34,5,5,5,15
5022,69,10,31582.96,2,4,2,8
5023,50,4,17857.52,3,1,1,5
5024,85,3,32202.38,2,1,2,5
5025,178,6,37048.58,1,2,3,6
5026,305,5,29191.75,1,1,2,4
5027,22,7,39127.08,4,2,3,9
5028,43,7,41626.42,3,2,3,8
5029,248,7,38862.13,1,2,3,6
5030,9,12,76372.34,5,5,5,15
5031,56,9,36043.09,3,4,3,10
5032,6,15,86361.06,5,5,5,15
5033,91,7,41187.43,2,2,3,7
5034,86,5,35922.270000000004,2,1,3,6
5035,148,10,62659.33,1,4,5,10
5036,135,7,28304.25,1,2,2,5
5037,38,10,42997.82,3,4,3,10
5038,67,5,27185.8,2,1,2,5
5039,21,6,22830.22,4,2,1,7
5040,35,15,90354.98,4,5,5,14
5041,3,10,34319.23,5,4,2,11
5042,47,11,73331.72,3,5,5,13
5043,10,8,51755.98,5,3,4,12
5044,36,11,61330.05,3,5,5,13
5045,299,6,44728.04,1,2,4,7
5046,11,9,28882.960000000003,5,4,2,11
5047,9,5,35591.579999999994,5,1,3,9
5048,21,14,74995.36,4,5,5,14
5049,50,10,42578.479999999996,3,4,3,10
5050,8,7,64751.630000000005,5,2,5,12
5051,82,3,10279.17,2,1,1,4
5052,63,9,41296.99,2,4,3,9
5053,1,6,37233.6,5,2,3,10
5054,6,7,39526.22,5,2,3,10
5055,43,7,38835.92,3,2,3,8
5056,63,6,23427.08,2,2,1,5
5057,35,7,43965.49,4,2,3,9
5058,47,12,59154.3,3,5,5,13
5059,156,6,26564.22,1,2,2,5
5060,10,9,42747.369999999995,5,4,3,12
5061,38,8,52030.32,3,3,4,10
5062,12,10,47310.57,5,4,4,13
5063,7,4,12602.140000000001,5,1,1,7
5064,87,8,53370.82,2,3,4,9
5065,70,8,20591.52,2,3,1,6
5066,63,5,30340.92,2,1,2,5
5067,76,5,23919.59,2,1,1,4
5068,111,10,38892.94,1,4,3,8
5069,2,11,63001.96,5,5,5,15
5070,18,11,49188.03,4,5,4,13
5071,51,12,60745.630000000005,3,5,5,13
5072,1,12,72252.41,5,5,5,15
5073,154,2,8329.44,1,1,1,3
5074,244,3,11400.84,1,1,1,3
5075,36,14,110185.84,3,5,5,13
5076,318,4,24793.5,1,1,1,3
5077,41,10,71242.43,3,4,5,12
5078,99,7,59172.71,2,2,5,9
5079,136,4,22539.71,1,1,1,3
5080,66,10,36648.869999999995,2,4,3,9
5081,132,7,37003.229999999996,1,2,3,6
5082,98,9,38979.03,2,4,3,9
5083,65,6,35009.19,2,2,3,7
5084,154,6,38357.020000000004,1,2,3,6
5085,32,8,53862.85,4,3,4,11
5086,12,9,50287.82,5,4,4,13
5087,2,9,32699.79,5,4,2,11
5088,20,10,37500.81,4,4,3,11
5089,11,7,43062.2,5,2,3,10
5090,17,11,50726.69,4,5,4,13
5091,107,8,67679.42,2,3,5,10
5092,58,5,13710.22,3,1,1,5
5093,53,10,41169.0,3,4,3,10
5094,18,10,44413.2,4,4,3,11
5095,44,8,23408.38,3,3,1,7
5096,11,10,75664.56,5,4,5,14
5097,37,9,48092.69,3,4,4,11
5098,4,7,49270.55,5,2,4,11
5099,28,10,63639.020000000004,4,4,5,13
5100,26,6,22196.03,4,2,1,7
5101,44,10,71729.11,3,4,5,12
5102,113,13,55471.22,1,5,4,10
5103,113,12,60384.11,1,5,5,11
5104,206,12,46607.67,1,5,4,10
5105,108,12,48397.64,2,5,4,11
5106,145,3,25024.3,1,1,1,3
5107,31,10,49364.46,4,4,4,12
5108,40,6,33552.41,3,2,2,7
5109,27,8,27299.48,4,3,2,9
5110,41,6,31724.3,3,2,2,7
5111,8,8,25564.14,5,3,2,10
5112,39,4,15350.83,3,1,1,5
5113,195,7,29239.48,1,2,2,5
5114,9,8,38323.98,5,3,3,11
5115,9,11,64729.1,5,5,5,15
5116,3,9,37741.51,5,4,3,12
5117,114,11,57026.36,1,5,5,11
5118,307,3,18714.59,1,1,1,3
5119,21,8,27576.86,4,3,2,9
5120,60,9,45888.200000000004,3,4,4,11
5121,53,10,46584.87,3,4,4,11
5122,6,7,32869.53,5,2,2,9
5123,11,5,21812.989999999998,5,1,1,7
5124,30,7,38490.68,4,2,3,9
5125,29,9,24291.21,4,4,1,9
5126,9,8,29227.33,5,3,2,10
5127,163,5,13490.869999999999,1,1,1,3
5128,58,12,59950.76,3,5,5,13
5129,130,7,26616.58,1,2,2,5
5130,86,6,11848.59,2,2,1,5
5131,185,7,33153.47,1,2,2,5
5132,33,12,87439.6,4,5,5,14
5133,15,7,23982.57,5,2,1,8
5134,137,7,33817.65,1,2,2,5
5135,49,9,43874.840000000004,3,4,3,10
5136,10,12,77632.89,5,5,5,15
5137,157,5,16529.17,1,1,1,3
5138,148,7,43370.33,1,2,3,6
5139,206,4,4264.75,1,1,1,3
5140,118,12,47045.83,1,5,4,10
5141,250,4,34204.72,1,1,2,4
5142,77,10,95305.45,2,4,5,11
5143,56,14,82189.38,3,5,5,13
5144,202,3,15529.65,1,1,1,3
5145,140,4,6926.320000000001,1,1,1,3
5146,105,7,29075.87,2,2,2,6
5147,19,8,46103.46,4,3,4,11
5148,117,12,88175.42,1,5,5,11
5149,13,7,45678.55,5,2,4,11
5150,54,9,30204.2,3,4,2,9
5151,138,5,38680.39,1,1,3,5
5152,53,11,63169.0,3,5,5,13
5153,9,11,56410.55,5,5,4,14
5154,104,10,49984.4,2,4,4,10
5155,28,12,66362.73,4,5,5,14
5156,40,12,81914.94,3,5,5,13
5157,70,9,57065.78,2,4,5,11
5158,30,9,43546.95,4,4,3,11
5159,39,10,77584.93,3,4,5,12
5160,334,6,30361.649999999998,1,2,2,5
5161,39,4,20193.32,3,1,1,5
5162,18,7,26041.19,4,2,2,8
5163,211,5,22018.57,1,1,1,3
5164,141,9,40244.159999999996,1,4,3,8
5165,131,7,25555.07,1,2,2,5
5166,65,2,11061.94,2,1,1,4
5167,109,5,39249.119999999995,2,1,3,6
5168,14,8,43886.58,5,3,3,11
5169,25,2,7592.47,4,1,1,6
5170,37,13,80184.26999999999,3,5,5,13
5171,179,6,33615.880000000005,1,2,2,5
5172,6,5,19406.92,5,1,1,7
5173,54,11,53043.41,3,5,4,12
5174,35,8,57999.91,4,3,5,12
5175,99,8,23095.35,2,3,1,6
5176,108,6,44782.11,2,2,4,8
5177,27,3,10099.73,4,1,1,6
5178,50,7,39930.44,3,2,3,8
5179,179,9,30486.31,1,4,2,7
5180,14,9,62120.18,5,4,5,14
5181,18,8,19758.699999999997,4,3,1,8
5182,83,7,32086.89,2,2,2,6
5183,52,10,39118.42,3,4,3,10
5184,63,7,40912.72,2,2,3,7
5185,11,8,29044.1,5,3,2,10
5186,52,4,31916.89,3,1,2,6
5187,51,10,64006.42,3,4,5,12
5188,341,4,8213.86,1,1,1,3
5189,116,8,36426.65,1,3,3,7
5190,48,16,75385.15,3,5,5,13
5191,56,6,35658.73,3,2,3,8
5192,28,2,13492.06,4,1,1,6
5193,59,10,41155.33,3,4,3,10
5194,29,5,38857.33,4,1,3,8
5195,10,11,60041.8,5,5,5,15
5196,14,4,32979.05,5,1,2,8
5197,181,8,44050.46,1,3,3,7
5198,28,9,52456.25,4,4,4,12
5199,102,11,55705.42,2,5,4,11
5200,83,7,23385.329999999998,2,2,1,5
5201,129,5,30858.23,1,1,2,4
5202,150,10,51709.28,1,4,4,9
5203,112,11,59446.39,1,5,5,11
5204,43,6,26353.77,3,2,2,7
5205,78,13,43619.520000000004,2,5,3,10
5206,11,8,22925.68,5,3,1,9
5207,74,8,45415.15,2,3,4,9
5208,81,11,60349.15,2,5,5,12
5209,211,5,28757.08,1,1,2,4
5210,2,4,15813.43,5,1,1,7
5211,60,7,27383.84,3,2,2,7
5212,15,11,70579.72,5,5,5,15
5213,104,9,28891.18,2,4,2,8
5214,202,4,12014.84,1,1,1,3
5215,28,11,62665.850000000006,4,5,5,14
5216,134,8,48828.31,1,3,4,8
5217,7,8,48234.22,5,3,4,12
5218,474,2,2812.98,1,1,1,3
5219,3,13,86030.77,5,5,5,15
5220,18,10,32171.09,4,4,2,10
5221,47,12,63542.29,3,5,5,13
5222,92,10,53398.62,2,4,4,10
5223,213,9,41791.75,1,4,3,8
5224,28,10,65342.409999999996,4,4,5,13
5225,96,9,67410.73,2,4,5,11
5226,11,11,39613.85,5,5,3,13
5227,86,11,86789.37,2,5,5,12
5228,37,8,23468.64,3,3,1,7
5229,43,9,33939.479999999996,3,4,2,9
5230,3,10,78819.45999999999,5,4,5,14
5231,33,9,22794.030000000002,4,4,1,9
5232,80,13,97240.3,2,5,5,12
5233,70,14,83150.64,2,5,5,12
5234,19,9,27445.27,4,4,2,10
5235,6,10,46276.37,5,4,4,13
5236,51,12,72137.7,3,5,5,13
5237,63,5,28694.0,2,1,2,5
5238,123,11,40826.06,1,5,3,9
5239,3,8,46162.56,5,3,4,12
5240,1,6,38468.1,5,2,3,10
5241,285,3,27179.95,1,1,2,4
5242,52,7,28649.409999999996,3,2,2,7
5243,110,7,41573.520000000004,2,2,3,7
5244,94,6,28513.579999999998,2,2,2,6
5245,12,6,17321.87,5,2,1,8
5246,17,7,28125.78,4,2,2,8
5247,33,12,79726.23000000001,4,5,5,14
5248,38,9,35485.14,3,4,3,10
5249,3,9,53293.68,5,4,4,13
5250,123,5,28103.65,1,1,2,4
5251,47,12,78325.86,3,5,5,13
5252,59,9,65993.59999999999,3,4,5,12
5253,40,10,78078.35,3,4,5,12
5254,11,11,42604.44,5,5,3,13
5255,95,5,39369.86,2,1,3,6
5256,23,10,49189.39,4,4,4,12
5257,92,9,30894.82,2,4,2,8
5258,261,4,3871.7799999999997,1,1,1,3
5259,80,9,84211.96,2,4,5,11
5260,145,5,17614.1,1,1,1,3
5261,16,15,83441.97,4,5,5,14
5262,56,11,55126.79,3,5,4,12
5263,196,5,13598.48,1,1,1,3
5264,78,10,59138.83,2,4,5,11
5265,94,9,65229.29,2,4,5,11
5266,37,7,54283.01,3,2,4,9
5267,91,13,49543.06,2,5,4,11
5268,37,10,57143.41,3,4,5,12
5269,142,4,18349.52,1,1,1,3
5270,72,9,52354.89,2,4,4,10
5271,128,2,11938.259999999998,1,1,1,3
5272,115,10,41668.27,1,4,3,8
5273,97,9,44726.07,2,4,4,10
5274,93,13,64975.509999999995,2,5,5,12
5275,34,6,19938.01,4,2,1,7
5276,36,8,42409.82,3,3,3,9
5277,15,10,54656.36,5,4,4,13
5278,97,9,42950.3,2,4,3,9
5279,264,8,18487.36,1,3,1,5
5280,27,9,42497.729999999996,4,4,3,11
5281,12,7,43339.85,5,2,3,10
5282,4,7,21260.829999999998,5,2,1,8
5283,24,10,39612.34,4,4,3,11
5284,162,5,34521.26,1,1,2,4
5285,330,3,36365.14,1,1,3,5
5286,90,9,34152.32,2,4,2,8
5287,37,13,68705.88,3,5,5,13
5288,25,12,46685.79,4,5,4,13
5289,44,11,59718.08,3,5,5,13
5290,26,7,13798.91,4,2,1,7
5291,112,10,33268.84,1,4,2,7
5292,31,8,42199.26,4,3,3,10
5293,9,9,29870.63,5,4,2,11
5294,124,8,54747.71,1,3,4,8
5295,29,9,62078.16,4,4,5,13
5296,10,13,56235.79,5,5,4,14
5297,8,8,69112.06,5,3,5,13
5298,58,10,53025.93,3,4,4,11
5299,123,8,29164.11,1,3,2,6
5300,134,8,39780.46,1,3,3,7
5301,22,9,59567.02,4,4,5,13
5302,76,6,24283.36,2,2,1,5
5303,115,10,53578.19,1,4,4,9
5304,72,9,26487.14,2,4,2,8
5305,58,7,40033.91,3,2,3,8
5306,108,5,28303.78,2,1,2,5
5307,29,12,46733.74,4,5,4,13
5308,86,9,49573.06,2,4,4,10
5309,35,10,67776.31999999999,4,4,5,13
5310,61,7,33403.61,3,2,2,7
5311,47,5,19348.019999999997,3,1,1,5
5312,34,6,31381.53,4,2,2,8
5313,96,4,23928.5,2,1,1,4
5314,42,14,72350.24,3,5,5,13
5315,141,9,68811.22,1,4,5,10
5316,13,7,18191.78,5,2,1,8
5317,26,11,43820.74,4,5,3,12
5318,10,7,55216.6,5,2,4,11
5319,75,9,26163.85,2,4,2,8
5320,27,7,46678.64,4,2,4,10
5321,1,3,9858.98,5,1,1,7
5322,26,8,44712.16,4,3,4,11
5323,14,6,20781.62,5,2,1,8
5324,1,14,59489.7,5,5,5,15
5325,17,8,63682.09,4,3,5,12
5326,27,6,18315.59,4,2,1,7
5327,36,7,55386.840000000004,3,2,4,9
5328,45,9,29358.77,3,4,2,9
5329,441,1,18293.67,1,1,1,3
5330,47,10,63053.61,3,4,5,12
5331,3,6,35608.9,5,2,3,10
5332,150,7,32438.25,1,2,2,5
5333,2,7,39588.270000000004,5,2,3,10
5334,55,6,24307.86,3,2,1,6
5335,81,10,53830.899999999994,2,4,4,10
5336,18,12,81893.99,4,5,5,14
5337,15,5,29355.329999999998,5,1,2,8
5338,51,8,17669.63,3,3,1,7
5339,22,6,24664.36,4,2,1,7
5340,97,7,33643.14,2,2,2,6
5341,62,7,25640.42,3,2,2,7
5342,112,7,29876.94,1,2,2,5
5343,55,7,55851.75,3,2,4,9
5344,23,14,69203.79,4,5,5,14
5345,35,8,41309.51,4,3,3,10
5346,69,7,48931.89,2,2,4,8
5347,9,10,51523.62,5,4,4,13
5348,4,6,10463.0,5,2,1,8
5349,129,8,49424.68,1,3,4,8
5350,31,5,14136.02,4,1,1,6
5351,32,9,49116.990000000005,4,4,4,12
5352,85,5,16815.28,2,1,1,4
5353,55,11,21193.41,3,5,1,9
5354,6,11,73716.97,5,5,5,15
5355,161,4,26196.92,1,1,2,4
5356,250,9,46514.18,1,4,4,9
5357,18,8,34238.46,4,3,2,9
5358,69,8,31311.42,2,3,2,7
5359,16,12,70610.8,4,5,5,14
5360,43,8,34299.89,3,3,2,8
5361,32,5,41588.48,4,1,3,8
5362,22,5,40034.68,4,1,3,8
5363,78,5,12832.939999999999,2,1,1,4
5364,35,9,26320.99,4,4,2,10
5365,135,7,21553.74,1,2,1,4
5366,33,7,40215.49,4,2,3,9
5367,1,7,33953.520000000004,5,2,2,9
5368,27,7,28109.25,4,2,2,8
5369,22,8,59345.95,4,3,5,12
5370,5,13,61667.05,5,5,5,15
5371,4,11,36388.6,5,5,3,13
5372,38,10,43550.19,3,4,3,10
5373,140,6,24247.480000000003,1,2,1,4
5374,81,4,44600.259999999995,2,1,4,7
5375,54,6,25002.1,3,2,1,6
5376,12,7,34168.82,5,2,2,9
5377,24,9,57268.47,4,4,5,13
5378,34,6,21370.4,4,2,1,7
5379,21,5,12430.910000000002,4,1,1,6
5380,43,5,23586.67,3,1,1,5
5381,23,7,53005.89,4,2,4,10
5382,165,6,29424.42,1,2,2,5
5383,155,7,22001.53,1,2,1,4
5384,43,11,46524.94,3,5,4,12
5385,27,7,43056.1,4,2,3,9
5386,184,4,11527.119999999999,1,1,1,3
5387,290,4,28833.06,1,1,2,4
5388,85,9,53576.87,2,4,4,10
5389,44,7,24548.83,3,2,1,6
5390,73,10,36909.86,2,4,3,9
5391,114,9,33925.47,1,4,2,7
5392,87,5,23829.11,2,1,1,4
5393,240,5,31532.17,1,1,2,4
5394,121,6,28528.21,1,2,2,5
5395,23,7,55836.62,4,2,4,10
5396,5,11,66543.09,5,5,5,15
5397,35,9,48539.87,4,4,4,12
5398,102,6,37271.93,2,2,3,7
5399,164,10,31412.32,1,4,2,7
5400,25,7,9453.5,4,2,1,7
5401,92,11,66910.06999999999,2,5,5,12
5402,10,10,45490.01,5,4,4,13
5403,95,11,49229.6,2,5,4,11
5404,12,7,35382.18,5,2,3,10
5405,53,9,85043.06,3,4,5,12
5406,86,5,36106.07,2,1,3,6
5407,35,10,31747.34,4,4,2,10
5408,45,7,46317.619999999995,3,2,4,9
5409,198,3,15499.74,1,1,1,3
5410,66,3,22096.39,2,1,1,4
5411,24,10,54963.350000000006,4,4,4,12
5412,145,9,89279.09,1,4,5,10
5413,79,7,37287.3,2,2,3,7
5414,18,9,34120.17,4,4,2,10
5415,17,17,95645.3,4,5,5,14
5416,72,9,34343.02,2,4,2,8
5417,49,5,10500.029999999999,3,1,1,5
5418,37,13,87294.62,3,5,5,13
5419,162,5,25746.57,1,1,2,4
5420,39,8,37649.41,3,3,3,9
5421,57,7,36000.54,3,2,3,8
5422,46,7,35449.05,3,2,3,8
5423,61,9,56172.68,3,4,4,11
5424,176,5,14235.65,1,1,1,3
5425,47,11,65444.04,3,5,5,13
5426,15,8,41254.61,5,3,3,11
5427,26,8,54838.82,4,3,4,11
5428,16,12,49094.99,4,5,4,13
5429,3,6,36494.6,5,2,3,10
5430,57,9,23918.53,3,4,1,8
5431,85,8,45185.43,2,3,4,9
5432,2,11,47504.16,5,5,4,14
5433,14,10,54362.31,5,4,4,13
5434,88,6,22733.69,2,2,1,5
5435,9,14,49907.42,5,5,4,14
5436,30,6,37642.94,4,2,3,9
5437,54,8,26994.36,3,3,2,8
5438,71,10,50891.58,2,4,4,10
5439,44,10,78758.37,3,4,5,12
5440,9,5,20227.39,5,1,1,7
5441,52,5,33621.729999999996,3,1,2,6
5442,3,14,83527.08,5,5,5,15
5443,130,8,33001.979999999996,1,3,2,6
5444,25,6,18434.54,4,2,1,7
5445,69,8,13261.19,2,3,1,6
5446,29,13,71585.33,4,5,5,14
5447,108,6,23169.65,2,2,1,5
5448,4,7,39517.85,5,2,3,10
5449,5,10,38106.89,5,4,3,12
5450,93,3,15585.55,2,1,1,4
5451,79,5,9365.3,2,1,1,4
5452,80,9,30399.13,2,4,2,8
5453,4,14,59926.5,5,5,5,15
5454,108,6,42562.17,2,2,3,7
5455,179,8,51843.14,1,3,4,8
5456,26,12,40780.22,4,5,3,12
5457,116,8,32846.83,1,3,2,6
5458,196,5,20132.050000000003,1,1,1,3
5459,155,7,25299.399999999998,1,2,2,5
5460,31,6,47518.05,4,2,4,10
5461,71,8,34829.93,2,3,2,7
5462,33,5,32504.34,4,1,2,7
5463,72,10,57085.729999999996,2,4,5,11
5464,36,11,39438.46,3,5,3,11
5465,8,10,39293.83,5,4,3,12
5466,23,8,47922.79,4,3,4,11
5467,86,8,46997.06,2,3,4,9
5468,41,14,66231.81,3,5,5,13
5469,28,11,61224.75,4,5,5,14
5470,105,6,19190.22,2,2,1,5
5471,224,7,38010.61,1,2,3,6
5472,60,7,22668.95,3,2,1,6
5473,41,8,53171.78,3,3,4,10
5474,33,12,78864.61,4,5,5,14
5475,107,6,35093.7,2,2,3,7
5476,1,8,49428.81,5,3,4,12
5477,18,9,33851.299999999996,4,4,2,10
5478,15,8,69932.43000000001,5,3,5,13
5479,37,10,51875.73,3,4,4,11
5480,90,13,33957.96,2,5,2,9
5481,124,4,24129.71,1,1,1,3
5482,34,9,39674.990000000005,4,4,3,11
5483,43,7,42282.89,3,2,3,8
5484,65,5,23026.33,2,1,1,4
5485,27,7,26063.41,4,2,2,8
5486,3,5,38367.130000000005,5,1,3,9
5487,107,4,15162.31,2,1,1,4
5488,70,5,19577.78,2,1,1,4
5489,9,10,62771.450000000004,5,4,5,14
5490,15,11,63398.11,5,5,5,15
5491,51,8,27468.29,3,3,2,8
5492,94,6,18900.55,2,2,1,5
5493,62,10,56137.37,3,4,4,11
5494,35,6,52740.36,4,2,4,10
5495,110,11,60824.58,2,5,5,12
5496,16,8,49962.729999999996,4,3,4,11
5497,40,8,38748.4,3,3,3,9
5498,259,5,8816.72,1,1,1,3
5499,32,8,44264.130000000005,4,3,3,10
5500,6,12,83765.97,5,5,5,15
5501,239,11,45767.33,1,5,4,10
5502,48,4,18206.079999999998,3,1,1,5
5503,171,6,27384.43,1,2,2,5
5504,98,5,19877.17,2,1,1,4
5505,10,10,51879.39,5,4,4,13
5506,28,7,15988.88,4,2,1,7
5507,58,6,48502.950000000004,3,2,4,9
5508,73,6,30059.690000000002,2,2,2,6
5509,81,6,21426.12,2,2,1,5
5510,17,18,80024.15,4,5,5,14
5511,32,7,32514.559999999998,4,2,2,8
5512,315,5,11125.99,1,1,1,3
5513,145,8,31896.620000000003,1,3,2,6
5514,168,3,20505.68,1,1,1,3
5515,31,9,56138.61,4,4,4,12
5516,105,9,38936.01,2,4,3,9
5517,14,7,16791.98,5,2,1,8
5518,5,7,28637.44,5,2,2,9
5519,20,9,43075.9,4,4,3,11
5520,50,11,53164.26,3,5,4,12
5521,42,6,38065.82,3,2,3,8
5522,15,13,79720.42,5,5,5,15
5523,73,3,18767.82,2,1,1,4
5524,18,9,35056.98,4,4,3,11
5525,152,9,35040.46,1,4,3,8
5526,34,13,62266.31,4,5,5,14
5527,5,12,62681.76,5,5,5,15
5528,66,12,80266.22,2,5,5,12
5529,150,8,68436.31,1,3,5,9
5530,9,9,25781.940000000002,5,4,2,11
5531,36,9,44416.46000000001,3,4,3,10
5532,105,8,26171.27,2,3,2,7
5533,28,7,33670.2,4,2,2,8
5534,230,3,13131.26,1,1,1,3
5535,83,7,45210.15,2,2,4,8
5536,75,9,38526.2,2,4,3,9
5537,85,9,37216.69,2,4,3,9
5538,18,5,32933.6,4,1,2,7
5539,123,11,65824.66,1,5,5,11
5540,22,7,35006.09,4,2,3,9
5541,6,14,93727.98,5,5,5,15
5542,29,10,37442.25,4,4,3,11
5543,42,10,25550.79,3,4,2,9
5544,36,11,92384.72,3,5,5,13
5545,162,3,16431.93,1,1,1,3
5546,9,11,55880.41,5,5,4,14
5547,67,8,41352.85,2,3,3,8
5548,73,12,82307.04,2,5,5,12
5549,61,8,40967.37,3,3,3,9
5550,10,8,54724.65,5,3,4,12
5551,129,3,7830.410000000001,1,1,1,3
5552,59,11,49275.61,3,5,4,12
5553,18,9,45350.19,4,4,4,12
5554,52,7,40833.12,3,2,3,8
5555,74,5,38964.630000000005,2,1,3,6
5556,31,11,67348.36,4,5,5,14
5557,7,8,34288.0,5,3,2,10
5558,50,9,30301.1,3,4,2,9
5559,116,5,39641.92,1,1,3,5
5560,39,9,69621.11,3,4,5,12
5561,10,7,26210.63,5,2,2,9
5562,31,5,30144.530000000002,4,1,2,7
5563,21,14,58594.44,4,5,5,14
5564,16,7,51279.61,4,2,4,10
5565,94,12,84459.88,2,5,5,12
5566,40,4,41846.44,3,1,3,7
5567,133,4,14150.490000000002,1,1,1,3
5568,41,14,97174.61,3,5,5,13
5569,25,10,60451.14,4,4,5,13
5570,2,6,28706.67,5,2,2,9
5571,45,8,50680.43,3,3,4,10
5572,3,12,56638.98,5,5,4,14
5573,151,5,15096.31,1,1,1,3
5574,24,8,48301.19,4,3,4,11
5575,60,8,57036.11,3,3,5,11
5576,25,3,12610.14,4,1,1,6
5577,29,9,70819.13,4,4,5,13
5578,61,6,26487.03,3,2,2,7
5579,30,11,62262.479999999996,4,5,5,14
5580,33,8,27900.44,4,3,2,9
5581,336,4,14841.380000000001,1,1,1,3
5582,6,10,55671.07,5,4,4,13
5583,48,8,54777.63,3,3,4,10
5584,89,5,19937.85,2,1,1,4
5585,57,14,51510.02,3,5,4,12
5586,43,4,28520.17,3,1,2,6
5587,107,5,42401.48,2,1,3,6
5588,166,6,45824.72,1,2,4,7
5589,54,11,40251.33,3,5,3,11
5590,97,15,56375.189999999995,2,5,4,11
5591,64,7,41003.68,2,2,3,7
5592,68,9,28902.149999999998,2,4,2,8
5593,5,6,44308.53,5,2,3,10
5594,91,5,15580.49,2,1,1,4
5595,32,11,53982.02,4,5,4,13
5596,95,8,29635.78,2,3,2,7
5597,55,7,33225.18,3,2,2,7
5598,36,11,41915.270000000004,3,5,3,11
5599,12,8,37077.979999999996,5,3,3,11
5600,41,7,25394.78,3,2,2,7
5601,30,9,43892.45,4,4,3,11
5602,43,8,46894.4,3,3,4,10
5603,70,9,60084.91,2,4,5,11
5604,49,13,68369.03,3,5,5,13
5605,61,6,27181.21,3,2,2,7
5606,156,9,43745.95,1,4,3,8
5607,165,8,49076.31,1,3,4,8
5608,14,5,47922.92,5,1,4,10
5609,26,7,45286.979999999996,4,2,4,10
5610,22,7,16648.89,4,2,1,7
5611,14,10,38255.15,5,4,3,12
5612,11,15,95181.06,5,5,5,15
5613,228,8,58817.87,1,3,5,9
5614,75,6,39626.700000000004,2,2,3,7
5615,61,10,33924.67,3,4,2,9
5616,62,10,55454.36,3,4,4,11
5617,144,3,16301.8,1,1,1,3
5618,76,6,33115.64,2,2,2,6
5619,63,8,30476.46,2,3,2,7
5620,46,8,25788.76,3,3,2,8
5621,106,8,31231.29,2,3,2,7
5622,105,8,31011.26,2,3,2,7
5623,265,5,32019.72,1,1,2,4
5624,102,8,53407.79,2,3,4,9
5625,55,7,33962.01,3,2,2,7
5626,3,7,37868.13,5,2,3,10
5627,53,12,59219.990000000005,3,5,5,13
5628,16,6,53812.68,4,2,4,10
5629,29,15,74095.73000000001,4,5,5,14
5630,10,4,33529.73,5,1,2,8
5631,9,9,31432.68,5,4,2,11
5632,17,7,24921.300000000003,4,2,1,7
5633,39,5,27805.839999999997,3,1,2,6
5634,16,13,66430.59,4,5,5,14
5635,56,8,35073.770000000004,3,3,3,9
5636,7,9,38704.22,5,4,3,12
5637,8,17,89861.22,5,5,5,15
5638,25,8,30469.47,4,3,2,9
5639,80,8,34950.46,2,3,3,8
5640,349,5,37858.0,1,1,3,5
5641,115,4,22536.53,1,1,1,3
5642,69,4,20553.71,2,1,1,4
5643,19,8,35196.12,4,3,3,10
5644,62,5,15809.56,3,1,1,5
5645,16,12,56578.229999999996,4,5,4,13
5646,9,6,24349.39,5,2,1,8
5647,70,12,59390.67,2,5,5,12
5648,172,8,28066.28,1,3,2,6
5649,30,8,49055.9,4,3,4,11
5650,56,8,42320.47,3,3,3,9
5651,2,9,48450.92,5,4,4,13
5652,74,10,63387.97,2,4,5,11
5653,44,7,22813.510000000002,3,2,1,6
5654,185,3,19658.85,1,1,1,3
5655,68,9,44278.56,2,4,3,9
5656,236,1,6226.98,1,1,1,3
5657,120,10,52977.68,1,4,4,9
5658,11,4,14941.32,5,1,1,7
5659,54,9,33497.76,3,4,2,9
5660,69,14,110464.86,2,5,5,12
5661,21,10,65998.17,4,4,5,13
5662,26,7,51316.16,4,2,4,10
5663,72,9,85354.73,2,4,5,11
5664,55,5,30526.87,3,1,2,6
5665,28,12,64277.14,4,5,5,14
5666,25,11,71621.02,4,5,5,14
5667,52,10,45131.81,3,4,4,11
5668,163,5,26643.27,1,1,2,4
5669,46,14,91638.39,3,5,5,13
5670,13,7,46165.0,5,2,4,11
5671,46,13,51696.0,3,5,4,12
5672,64,10,46858.8,2,4,4,10
5673,116,10,66064.47,1,4,5,10
5674,31,9,41347.87,4,4,3,11
5675,18,6,19875.98,4,2,1,7
5676,17,13,75377.58,4,5,5,14
5677,16,8,47519.29,4,3,4,11
5678,36,14,124846.4,3,5,5,13
5679,11,11,65132.61,5,5,5,15
5680,244,9,46625.13,1,4,4,9
5681,216,3,8967.339999999998,1,1,1,3
5682,1,9,67471.98000000001,5,4,5,14
5683,44,6,12698.189999999999,3,2,1,6
5684,10,7,18360.449999999997,5,2,1,8
5685,21,7,23496.35,4,2,1,7
5686,5,5,44625.28,5,1,4,10
5687,251,2,16771.24,1,1,1,3
5688,104,4,30535.7,2,1,2,5
5689,3,10,79658.22,5,4,5,14
5690,107,9,36161.67,2,4,3,9
5691,13,7,36789.58,5,2,3,10
5692,134,1,2896.36,1,1,1,3
5693,41,10,73663.67,3,4,5,12
5694,146,5,22938.699999999997,1,1,1,3
5695,13,11,66015.99,5,5,5,15
5696,53,11,68189.57,3,5,5,13
5697,20,13,52511.34,4,5,4,13
5698,200,6,31659.68,1,2,2,5
5699,132,10,32508.71,1,4,2,7
5700,46,10,81856.67,3,4,5,12
5701,3,13,72555.06,5,5,5,15
5702,31,10,66647.56,4,4,5,13
5703,13,7,39506.1,5,2,3,10
5704,97,7,19993.11,2,2,1,5
5705,95,9,38324.09,2,4,3,9
5706,38,10,37116.340000000004,3,4,3,10
5707,55,9,60090.869999999995,3,4,5,12
5708,38,7,48479.53,3,2,4,9
5709,1,5,21109.63,5,1,1,7
5710,120,6,35089.68,1,2,3,6
5711,65,9,47103.24,2,4,4,10
5712,63,12,44982.39,2,5,4,11
5713,46,4,34622.61,3,1,2,6
5714,41,6,26843.79,3,2,2,7
5715,4,8,22103.27,5,3,1,9
5716,371,3,1668.47,1,1,1,3
5717,18,12,75570.19,4,5,5,14
5718,25,7,50029.67,4,2,4,10
5719,75,8,26186.32,2,3,2,7
5720,136,8,18767.420000000002,1,3,1,5
5721,72,12,51497.23,2,5,4,11
5722,85,12,56427.26,2,5,4,11
5723,22,9,48747.16,4,4,4,12
5724,12,7,30882.329999999998,5,2,2,9
5725,29,11,56634.38,4,5,4,13
5726,84,8,49315.18,2,3,4,9
5727,113,11,59761.0,1,5,5,11
5728,2,9,36821.83,5,4,3,12
5729,49,7,27502.739999999998,3,2,2,7
5730,1,15,68891.27,5,5,5,15
5731,10,5,20475.06,5,1,1,7
5732,12,13,57984.67,5,5,5,15
5733,160,8,40058.61,1,3,3,7
5734,186,4,14098.98,1,1,1,3
5735,42,9,27051.83,3,4,2,9
5736,16,12,41452.22,4,5,3,12
5737,82,7,25605.62,2,2,2,6
5738,28,8,39081.98,4,3,3,10
5739,37,10,64727.84,3,4,5,12
5740,54,10,58913.34,3,4,5,12
5741,112,6,17332.72,1,2,1,4
5742,57,9,33901.54,3,4,2,9
5743,5,12,66650.86,5,5,5,15
5744,40,10,44312.270000000004,3,4,3,10
5745,8,10,61498.31,5,4,5,14
5746,175,5,37861.38,1,1,3,5
5747,11,14,65770.83,5,5,5,15
5748,32,14,79873.58,4,5,5,14
5749,19,10,54095.25,4,4,4,12
5750,48,12,44847.95,3,5,4,12
5751,6,9,19830.46,5,4,1,10
5752,39,5,32809.16,3,1,2,6
5753,2,8,64695.84,5,3,5,13
5754,58,7,36624.24,3,2,3,8
5755,58,10,64510.79,3,4,5,12
5756,80,10,29550.940000000002,2,4,2,8
5757,27,8,51210.92,4,3,4,11
5758,31,10,42229.82,4,4,3,11
5759,89,12,49671.99,2,5,4,11
5760,18,9,48608.94,4,4,4,12
5761,1,14,32905.090000000004,5,5,2,12
5762,14,6,35786.0,5,2,3,10
5763,25,12,76515.8,4,5,5,14
5764,101,3,1912.11,2,1,1,4
5765,48,6,27425.11,3,2,2,7
5766,106,5,33636.3,2,1,2,5
5767,8,10,37780.05,5,4,3,12
5768,10,7,47441.22,5,2,4,11
5769,40,8,50096.35,3,3,4,10
5770,122,12,100131.95,1,5,5,11
5771,29,6,42876.07,4,2,3,9
5772,58,6,19879.88,3,2,1,6
5773,117,3,5867.6,1,1,1,3
5774,113,6,27040.1,1,2,2,5
5775,44,12,72411.09,3,5,5,13
5776,45,6,41620.95,3,2,3,8
5777,42,13,59494.31,3,5,5,13
5778,65,9,34024.87,2,4,2,8
5779,80,6,29863.3,2,2,2,6
5780,37,7,32220.49,3,2,2,7
5781,76,8,43507.12,2,3,3,8
5782,81,6,37059.42,2,2,3,7
5783,89,4,18144.3,2,1,1,4
5784,236,5,24942.53,1,1,1,3
5785,117,7,31857.010000000002,1,2,2,5
5786,29,8,53865.5,4,3,4,11
5787,27,10,58574.799999999996,4,4,5,13
5788,11,9,66275.46,5,4,5,14
5789,63,6,32967.76,2,2,2,6
5790,40,12,48488.94,3,5,4,12
5791,2,9,89172.53,5,4,5,14
5792,43,6,38144.3,3,2,3,8
5793,20,4,16107.91,4,1,1,6
5794,24,9,50026.68,4,4,4,12
5795,237,5,22550.56,1,1,1,3
5796,198,5,32463.28,1,1,2,4
5797,3,9,46622.03,5,4,4,13
5798,42,7,43765.490000000005,3,2,3,8
5799,39,11,66141.61,3,5,5,13
5800,26,7,46908.63,4,2,4,10
5801,358,2,11994.59,1,1,1,3
5802,3,11,56050.07,5,5,4,14
5803,10,11,34437.78,5,5,2,12
5804,57,6,42321.43,3,2,3,8
5805,199,10,52405.770000000004,1,4,4,9
5806,12,7,32936.14,5,2,2,9
5807,42,7,36499.4,3,2,3,8
5808,6,9,25379.23,5,4,2,11
5809,111,7,27642.68,1,2,2,5
5810,47,7,31008.289999999997,3,2,2,7
5811,42,12,70836.01,3,5,5,13
5812,23,10,61744.899999999994,4,4,5,13
5813,52,8,31734.7,3,3,2,8
5814,91,6,26043.96,2,2,2,6
5815,57,12,55268.25,3,5,4,12
5816,93,9,27462.79,2,4,2,8
5817,78,10,34011.76,2,4,2,8
5818,148,8,17278.26,1,3,1,5
5819,127,9,39927.57,1,4,3,8
5820,97,5,37192.95,2,1,3,6
5821,56,6,24599.479999999996,3,2,1,6
5822,4,12,83175.76999999999,5,5,5,15
5823,6,7,26292.07,5,2,2,9
5824,71,10,68266.85,2,4,5,11
5825,55,7,45759.07,3,2,4,9
5826,129,6,44369.119999999995,1,2,3,6
5827,31,6,37457.86,4,2,3,9
5828,61,6,42589.24,3,2,3,8
5829,38,6,25388.29,3,2,2,7
5830,17,12,56877.99,4,5,4,13
5831,59,7,26037.36,3,2,2,7
5832,61,6,25481.44,3,2,2,7
5833,32,11,42372.51,4,5,3,12
5834,100,9,26721.36,2,4,2,8
5835,21,17,81220.37,4,5,5,14
5836,5,10,55062.46,5,4,4,13
5837,8,9,37809.16,5,4,3,12
5838,17,11,67780.39,4,5,5,14
5839,149,7,44887.97,1,2,4,7
5840,56,8,23271.34,3,3,1,7
5841,231,3,5682.53,1,1,1,3
5842,135,8,47506.96,1,3,4,8
5843,126,4,10084.7,1,1,1,3
5844,68,11,61516.99,2,5,5,12
5845,85,7,46925.770000000004,2,2,4,8
5846,73,11,61498.65,2,5,5,12
5847,4,13,68124.63,5,5,5,15
5848,11,7,26827.88,5,2,2,9
5849,28,13,101261.41,4,5,5,14
5850,58,4,14240.23,3,1,1,5
5851,3,8,42015.87,5,3,3,11
5852,29,5,27283.15,4,1,2,7
5853,227,10,45666.12,1,4,4,9
5854,31,10,57422.04,4,4,5,13
5855,243,4,9890.04,1,1,1,3
5856,11,15,95350.47,5,5,5,15
5857,3,9,49009.189999999995,5,4,4,13
5858,1,10,42115.47,5,4,3,12
5859,123,7,36921.72,1,2,3,6
5860,72,15,89108.8,2,5,5,12
5861,21,7,27973.9,4,2,2,8
5862,13,11,65783.07,5,5,5,15
5863,3,12,64477.33,5,5,5,15
5864,6,9,46752.85,5,4,4,13
5865,97,5,38536.68,2,1,3,6
5866,1,9,49651.369999999995,5,4,4,13
5867,7,9,52810.649999999994,5,4,4,13
5868,48,11,64837.600000000006,3,5,5,13
5869,93,7,42037.94,2,2,3,7
5870,121,12,48294.89,1,5,4,10
5871,32,6,21435.98,4,2,1,7
5872,59,6,25847.36,3,2,2,7
5873,21,8,47796.39,4,3,4,11
5874,200,5,18017.4,1,1,1,3
5875,87,5,19090.59,2,1,1,4
5876,3,4,32944.58,5,1,2,8
5877,100,9,39447.01,2,4,3,9
5878,74,10,62524.69,2,4,5,11
5879,61,6,30515.41,3,2,2,7
5880,123,7,38525.380000000005,1,2,3,6
5881,4,10,47917.0,5,4,4,13
5882,126,6,15681.94,1,2,1,4
5883,83,7,35812.47,2,2,3,7
5884,94,8,24151.79,2,3,1,6
5885,137,5,7660.03,1,1,1,3
5886,5,10,62160.4,5,4,5,14
5887,19,6,30626.65,4,2,2,8
5888,140,6,46671.62,1,2,4,7
5889,7,10,56221.81,5,4,4,13
5890,74,15,59479.82,2,5,5,12
5891,2,6,32417.06,5,2,2,9
5892,46,6,40173.479999999996,3,2,3,8
5893,97,13,65475.09,2,5,5,12
5894,36,7,35711.13,3,2,3,8
5895,33,6,30800.64,4,2,2,8
5896,127,4,28500.83,1,1,2,4
5897,250,5,29847.9,1,1,2,4
5898,52,5,10273.03,3,1,1,5
5899,106,5,30942.45,2,1,2,5
5900,65,10,76931.66,2,4,5,11
5901,33,8,28914.3,4,3,2,9
5902,97,9,55577.229999999996,2,4,4,10
5903,144,6,26275.989999999998,1,2,2,5
5904,98,9,52159.85,2,4,4,10
5905,61,5,22259.94,3,1,1,5
5906,4,4,13232.32,5,1,1,7
5907,1,8,45332.84,5,3,4,12
5908,77,7,19553.01,2,2,1,5
5909,2,9,42574.560000000005,5,4,3,12
5910,28,8,32932.35,4,3,2,9
5911,2,10,32701.190000000002,5,4,2,11
5912,55,10,58310.76,3,4,5,12
5913,78,12,51965.5,2,5,4,11
5914,22,10,45489.979999999996,4,4,4,12
5915,22,8,37271.84,4,3,3,10
5916,59,6,38357.4,3,2,3,8
5917,63,13,80567.95999999999,2,5,5,12
5918,31,11,56072.909999999996,4,5,4,13
5919,144,9,36569.35,1,4,3,8
5920,16,7,25523.58,4,2,2,8
5921,71,6,23412.21,2,2,1,5
5922,17,14,69602.79,4,5,5,14
5923,8,11,63013.37,5,5,5,15
5924,48,7,43928.24,3,2,3,8
5925,48,9,73966.51,3,4,5,12
5926,50,6,31105.059999999998,3,2,2,7
5927,23,11,65376.9,4,5,5,14
5928,112,5,27595.43,1,1,2,4
5929,33,9,35787.52,4,4,3,11
5930,9,9,57677.27,5,4,5,14
5931,29,9,47015.64,4,4,4,12
5932,1,18,89209.96,5,5,5,15
5933,22,9,17576.0,4,4,1,9
5934,53,5,28682.94,3,1,2,6
5935,42,5,24802.969999999998,3,1,1,5
5936,21,10,53726.22,4,4,4,12
5937,59,9,50358.34,3,4,4,11
5938,74,11,77056.87,2,5,5,12
5939,141,5,22387.91,1,1,1,3
5940,30,7,18825.54,4,2,1,7
5941,47,8,51065.57,3,3,4,10
5942,79,12,49227.520000000004,2,5,4,11
5943,127,13,67299.05,1,5,5,11
5944,35,6,38263.33,4,2,3,9
5945,7,9,42043.729999999996,5,4,3,12
5946,175,4,16998.21,1,1,1,3
5947,148,10,35699.380000000005,1,4,3,8
5948,83,8,42005.44,2,3,3,8
5949,68,5,26352.89,2,1,2,5
5950,2,14,51035.33,5,5,4,14
5951,18,9,48688.53,4,4,4,12
5952,46,3,23724.18,3,1,1,5
5953,40,11,96374.63,3,5,5,13
5954,10,10,48794.6,5,4,4,13
5955,274,4,18956.620000000003,1,1,1,3
5956,38,8,37685.65,3,3,3,9
5957,2,9,25274.41,5,4,2,11
5958,4,11,75973.42,5,5,5,15
5959,5,6,23537.32,5,2,1,8
5960,16,10,32830.68,4,4,2,10
5961,82,6,17009.49,2,2,1,5
5962,18,10,65527.75,4,4,5,13
5963,174,5,16619.54,1,1,1,3
5964,182,5,14395.869999999999,1,1,1,3
5965,274,8,38601.74,1,3,3,7
5966,46,4,9767.95,3,1,1,5
5967,16,11,61971.0,4,5,5,14
5968,150,8,41403.81,1,3,3,7
5969,338,5,24328.75,1,1,1,3
5970,17,11,41525.12,4,5,3,12
5971,316,6,27474.54,1,2,2,5
5972,227,4,26923.629999999997,1,1,2,4
5973,127,11,66243.67,1,5,5,11
5974,109,5,19021.17,2,1,1,4
5975,36,4,12340.78,3,1,1,5
5976,198,6,16563.36,1,2,1,4
5977,76,8,43562.909999999996,2,3,3,8
5978,48,6,41185.57,3,2,3,8
5979,101,8,37651.55,2,3,3,8
5980,25,7,38458.21,4,2,3,9
5981,85,6,22603.7,2,2,1,5
5982,5,4,28490.98,5,1,2,8
5983,56,4,11139.75,3,1,1,5
5984,40,6,23943.96,3,2,1,6
5985,167,3,8393.77,1,1,1,3
5986,103,8,58481.86,2,3,5,10
5987,99,15,79271.32,2,5,5,12
5988,2,4,13685.779999999999,5,1,1,7
5989,53,8,35059.59,3,3,3,9
5990,30,8,12786.97,4,3,1,8
5991,31,9,33460.65,4,4,2,10
5992,2,10,43784.45,5,4,3,12
5993,153,7,22963.48,1,2,1,4
5994,26,7,34211.25,4,2,2,8
5995,1,9,34343.17,5,4,2,11
5996,150,10,63345.0,1,4,5,10
5997,21,6,22053.75,4,2,1,7
5998,6,8,52031.57,5,3,4,12
5999,79,6,49510.85,2,2,4,8
6000,216,9,45835.43,1,4,4,9
6001,8,6,32193.260000000002,5,2,2,9
6002,93,10,41215.09,2,4,3,9
6003,37,7,35509.520000000004,3,2,3,8
6004,52,14,64066.9,3,5,5,13
6005,61,7,40692.28,3,2,3,8
6006,17,9,31191.940000000002,4,4,2,10
6007,63,8,44641.26,2,3,4,9
6008,231,5,39390.61,1,1,3,5
6009,40,7,22781.91,3,2,1,6
6010,138,10,54347.560000000005,1,4,4,9
6011,7,11,69421.91,5,5,5,15
6012,40,6,26123.39,3,2,2,7
6013,38,6,25758.980000000003,3,2,2,7
6014,39,9,41852.77,3,4,3,10
6015,106,5,29066.35,2,1,2,5
6016,104,6,18389.24,2,2,1,5
6017,2,6,35755.65,5,2,3,10
6018,95,9,45687.92,2,4,4,10
6019,4,8,27006.03,5,3,2,10
6020,66,12,75569.62,2,5,5,12
6021,15,9,42679.13,5,4,3,12
6022,59,7,47660.51,3,2,4,9
6023,241,6,25883.089999999997,1,2,2,5
6024,92,5,17046.46,2,1,1,4
6025,89,11,43528.5,2,5,3,10
6026,47,8,18682.42,3,3,1,7
6027,19,6,28871.96,4,2,2,8
6028,48,8,26058.95,3,3,2,8
6029,8,4,29476.64,5,1,2,8
6030,92,13,79465.78,2,5,5,12
6031,44,8,48241.42,3,3,4,10
6032,2,11,33783.5,5,5,2,12
6033,15,11,51234.17,5,5,4,14
6034,66,6,25512.6,2,2,2,6
6035,231,9,53673.61,1,4,4,9
6036,37,8,46988.36,3,3,4,10
6037,17,11,69947.28,4,5,5,14
6038,3,16,84033.13,5,5,5,15
6039,74,4,14624.509999999998,2,1,1,4
6040,26,5,17339.93,4,1,1,6
6041,35,13,38283.39,4,5,3,12
6042,90,8,20192.88,2,3,1,6
6043,120,6,30495.11,1,2,2,5
6044,23,6,22567.07,4,2,1,7
6045,59,10,44142.049999999996,3,4,3,10
6046,112,10,72311.09,1,4,5,10
6047,75,8,42785.0,2,3,3,8
6048,13,5,12131.92,5,1,1,7
6049,38,11,38979.66,3,5,3,11
6050,29,8,42246.090000000004,4,3,3,10
6051,10,8,62405.11,5,3,5,13
6052,34,7,28095.09,4,2,2,8
6053,64,5,32666.11,2,1,2,5
6054,23,12,56620.29,4,5,4,13
6055,16,11,44818.85,4,5,4,13
6056,155,4,18285.22,1,1,1,3
6057,18,6,13576.24,4,2,1,7
6058,59,16,87703.52,3,5,5,13
6059,43,5,20289.03,3,1,1,5
6060,11,14,82773.23,5,5,5,15
6061,7,12,55599.36,5,5,4,14
6062,1,2,11251.07,5,1,1,7
6063,58,8,43292.78,3,3,3,9
6064,17,8,71743.57,4,3,5,12
6065,26,9,36247.090000000004,4,4,3,11
6066,76,10,38571.41,2,4,3,9
6067,10,13,48142.53,5,5,4,14
6068,87,7,26794.129999999997,2,2,2,6
6069,89,6,30021.96,2,2,2,6
6070,313,2,7179.42,1,1,1,3
6071,15,8,38515.479999999996,5,3,3,11
6072,173,9,56943.81,1,4,4,9
6073,56,7,33300.81,3,2,2,7
6074,31,12,72932.63,4,5,5,14
6075,15,8,64300.36,5,3,5,13
6076,19,7,19510.239999999998,4,2,1,7
6077,37,4,13593.56,3,1,1,5
6078,27,6,41447.51,4,2,3,9
6079,27,9,56453.590000000004,4,4,4,12
6080,162,3,13300.779999999999,1,1,1,3
6081,130,9,51758.54,1,4,4,9
6082,26,13,71416.46,4,5,5,14
6083,15,11,55463.8,5,5,4,14
6084,7,12,48321.4,5,5,4,14
6085,20,9,52940.63,4,4,4,12
6086,138,7,27433.31,1,2,2,5
6087,50,9,55652.71,3,4,4,11
6088,3,10,37618.49,5,4,3,12
6089,70,8,20068.29,2,3,1,6
6090,98,10,53243.32,2,4,4,10
6091,110,10,69497.89,2,4,5,11
6092,214,6,22389.090000000004,1,2,1,4
6093,34,8,58155.2,4,3,5,12
6094,52,8,31476.32,3,3,2,8
6095,125,8,32934.12,1,3,2,6
6096,40,8,32423.62,3,3,2,8
6097,70,5,35213.45,2,1,3,6
6098,66,8,40530.38,2,3,3,8
6099,71,13,65462.02,2,5,5,12
6100,18,11,48508.19,4,5,4,13
6101,177,7,31470.03,1,2,2,5
6102,10,13,60977.97,5,5,5,15
6103,46,12,58451.86,3,5,5,13
6104,20,6,44865.47,4,2,4,10
6105,18,11,58691.880000000005,4,5,5,14
6106,61,10,68140.2,3,4,5,12
6107,34,5,44069.96,4,1,3,8
6108,15,5,51744.01,5,1,4,10
6109,24,11,43570.33,4,5,3,12
6110,56,4,19366.46,3,1,1,5
6111,65,6,44228.200000000004,2,2,3,7
6112,183,9,42832.24,1,4,3,8
6113,80,9,52213.1,2,4,4,10
6114,25,10,69387.58,4,4,5,13
6115,65,4,8819.59,2,1,1,4
6116,83,9,34193.19,2,4,2,8
6117,22,11,78915.2,4,5,5,14
6118,23,11,63342.159999999996,4,5,5,14
6119,13,6,30709.78,5,2,2,9
6120,100,10,38971.34,2,4,3,9
6121,52,4,9038.46,3,1,1,5
6122,22,5,18518.760000000002,4,1,1,6
6123,55,9,39742.42,3,4,3,10
6124,48,5,48657.15,3,1,4,8
6125,85,8,23063.88,2,3,1,6
6126,41,8,31764.45,3,3,2,8
6127,111,6,21966.2,1,2,1,4
6128,5,6,16016.130000000001,5,2,1,8
6129,157,5,13452.98,1,1,1,3
6130,31,5,23459.7,4,1,1,6
6131,99,6,45666.31,2,2,4,8
6132,132,5,24904.98,1,1,1,3
6133,21,10,54047.98,4,4,4,12
6134,19,13,57209.53,4,5,5,14
6135,2,8,55698.280000000006,5,3,4,12
6136,28,10,38149.32,4,4,3,11
6137,81,6,34732.65,2,2,2,6
6138,67,8,25930.62,2,3,2,7
6139,23,11,65094.200000000004,4,5,5,14
6140,5,11,62067.65,5,5,5,15
6141,45,10,51129.32,3,4,4,11
6142,52,8,39395.93,3,3,3,9
6143,40,7,38791.22,3,2,3,8
6144,26,11,85839.9,4,5,5,14
6145,4,10,40132.18,5,4,3,12
6146,92,8,34600.66,2,3,2,7
6147,210,7,45097.49,1,2,4,7
6148,28,6,10273.56,4,2,1,7
6149,62,5,21777.7,3,1,1,5
6150,128,10,36028.12,1,4,3,8
6151,39,11,65054.91,3,5,5,13
6152,52,9,39263.05,3,4,3,10
6153,27,8,42493.81,4,3,3,10
6154,11,11,62503.61,5,5,5,15
6155,8,7,32616.71,5,2,2,9
6156,1,11,56051.8,5,5,4,14
6157,18,12,66746.89,4,5,5,14
6158,89,5,27526.35,2,1,2,5
6159,90,7,43170.26,2,2,3,7
6160,3,13,73714.01000000001,5,5,5,15
6161,4,6,48685.29,5,2,4,11
6162,2,5,11752.7,5,1,1,7
6163,134,19,136343.29,1,5,5,11
6164,22,10,37295.16,4,4,3,11
6165,82,5,13004.36,2,1,1,4
6166,19,8,30003.11,4,3,2,9
6167,22,13,43253.04,4,5,3,12
6168,28,9,32669.52,4,4,2,10
6169,26,7,51899.85,4,2,4,10
6170,54,5,42465.11,3,1,3,7
6171,20,7,37509.479999999996,4,2,3,9
6172,144,10,54475.18,1,4,4,9
6173,58,6,30142.38,3,2,2,7
6174,52,12,88222.14,3,5,5,13
6175,101,10,43799.71,2,4,3,9
6176,133,4,18126.65,1,1,1,3
6177,318,6,26797.27,1,2,2,5
6178,22,8,39976.75,4,3,3,10
6179,44,14,63337.14,3,5,5,13
6180,29,11,45472.14,4,5,4,13
6181,140,8,41684.42,1,3,3,7
6182,34,11,47491.03,4,5,4,13
6183,16,11,53970.12,4,5,4,13
6184,7,9,44639.130000000005,5,4,4,13
6185,8,12,72916.29,5,5,5,15
6186,199,3,19252.93,1,1,1,3
6187,15,7,42498.51,5,2,3,10
6188,1,13,73203.19,5,5,5,15
6189,28,9,33086.18,4,4,2,10
6190,235,3,13529.740000000002,1,1,1,3
6191,31,7,55544.35,4,2,4,10
6192,40,6,53318.81,3,2,4,9
6193,30,3,21891.489999999998,4,1,1,6
6194,97,5,20068.260000000002,2,1,1,4
6195,13,11,51010.53,5,5,4,14
6196,30,5,27343.65,4,1,2,7
6197,103,4,4764.87,2,1,1,4
6198,6,8,44234.36,5,3,3,11
6199,145,5,13983.14,1,1,1,3
6200,195,8,44126.88,1,3,3,7
6201,259,6,20790.66,1,2,1,4
6202,2,4,23903.11,5,1,1,7
6203,78,8,31416.75,2,3,2,7
6204,6,5,30596.22,5,1,2,8
6205,21,7,37918.52,4,2,3,9
6206,132,6,35963.11,1,2,3,6
6207,159,5,26370.73,1,1,2,4
6208,10,5,31822.31,5,1,2,8
6209,89,7,38357.61,2,2,3,7
6210,23,7,26990.79,4,2,2,8
6211,51,5,45478.119999999995,3,1,4,8
6212,16,11,44257.04,4,5,3,12
6213,80,5,19911.01,2,1,1,4
6214,107,4,24167.74,2,1,1,4
6215,48,6,32154.59,3,2,2,7
6216,132,4,19583.09,1,1,1,3
6217,116,3,19677.56,1,1,1,3
6218,167,3,17846.66,1,1,1,3
6219,51,12,76936.79000000001,3,5,5,13
6220,83,9,41099.09,2,4,3,9
6221,23,4,22662.7,4,1,1,6
6222,164,8,19166.87,1,3,1,5
6223,7,4,17386.3,5,1,1,7
6224,120,6,29528.43,1,2,2,5
6225,10,5,10033.74,5,1,1,7
6226,11,5,38365.33,5,1,3,9
6227,29,7,25030.550000000003,4,2,1,7
6228,6,7,34629.549999999996,5,2,2,9
6229,26,11,41218.43,4,5,3,12
6230,307,4,32976.8,1,1,2,4
6231,1,7,39628.34,5,2,3,10
6232,38,11,52711.98,3,5,4,12
6233,52,7,29232.58,3,2,2,7
6234,36,9,57626.95,3,4,5,12
6235,56,7,39822.8,3,2,3,8
6236,5,10,43122.89,5,4,3,12
6237,27,9,33118.88,4,4,2,10
6238,137,3,16423.77,1,1,1,3
6239,6,10,49849.6,5,4,4,13
6240,25,13,47827.65,4,5,4,13
6241,66,9,60303.31,2,4,5,11
6242,3,12,78606.07,5,5,5,15
6243,3,11,37924.71,5,5,3,13
6244,24,14,79742.86,4,5,5,14
6245,34,12,24967.45,4,5,1,10
6246,12,8,36113.630000000005,5,3,3,11
6247,46,7,17918.66,3,2,1,6
6248,136,5,32506.2,1,1,2,4
6249,50,11,67709.44,3,5,5,13
6250,261,5,25639.550000000003,1,1,2,4
6251,1,12,61396.5,5,5,5,15
6252,54,8,43342.05,3,3,3,9
6253,26,7,54313.5,4,2,4,10
6254,139,1,13146.16,1,1,1,3
6255,19,9,40673.33,4,4,3,11
6256,81,5,21657.82,2,1,1,4
6257,185,3,17629.37,1,1,1,3
6258,39,9,64307.869999999995,3,4,5,12
6259,172,12,32901.89,1,5,2,8
6260,47,10,58384.99,3,4,5,12
6261,71,8,38559.0,2,3,3,8
6262,32,6,52408.33,4,2,4,10
6263,30,6,32828.18,4,2,2,8
6264,4,5,36865.33,5,1,3,9
6265,164,13,72813.67,1,5,5,11
6266,10,5,16383.3,5,1,1,7
6267,135,10,33825.99,1,4,2,7
6268,21,8,33928.17,4,3,2,9
6269,46,6,23941.79,3,2,1,6
6270,64,11,74761.73,2,5,5,12
6271,33,10,47605.58,4,4,4,12
6272,64,10,52128.08,2,4,4,10
6273,23,9,40932.81,4,4,3,11
6274,201,11,66303.85,1,5,5,11
6275,47,9,37049.05,3,4,3,10
6276,7,7,21059.02,5,2,1,8
6277,64,9,36021.67,2,4,3,9
6278,59,11,58208.340000000004,3,5,5,13
6279,78,4,14386.119999999999,2,1,1,4
6280,269,3,8353.6,1,1,1,3
6281,47,11,58019.72,3,5,5,13
6282,41,9,63607.770000000004,3,4,5,12
6283,56,7,28990.18,3,2,2,7
6284,428,6,33516.1,1,2,2,5
6285,15,11,49315.58,5,5,4,14
6286,69,13,84000.81999999999,2,5,5,12
6287,63,6,7738.96,2,2,1,5
6288,24,8,32110.309999999998,4,3,2,9
6289,26,8,28762.24,4,3,2,9
6290,194,8,21092.61,1,3,1,5
6291,27,5,13101.82,4,1,1,6
6292,31,14,53991.939999999995,4,5,4,13
6293,41,6,44996.12,3,2,4,9
6294,36,8,61912.93,3,3,5,11
6295,16,11,44888.729999999996,4,5,4,13
6296,55,6,27980.64,3,2,2,7
6297,72,6,23747.1,2,2,1,5
6298,213,6,49145.06,1,2,4,7
6299,318,6,23714.559999999998,1,2,1,4
6300,9,10,44786.840000000004,5,4,4,13
6301,123,7,25826.809999999998,1,2,2,5
6302,17,8,39629.6,4,3,3,10
6303,59,6,39237.08,3,2,3,8
6304,293,7,40929.4,1,2,3,6
6305,36,11,36308.08,3,5,3,11
6306,28,9,39367.020000000004,4,4,3,11
6307,6,10,54960.68,5,4,4,13
6308,83,7,16273.52,2,2,1,5
6309,16,12,51193.83,4,5,4,13
6310,122,7,50082.31,1,2,4,7
6311,59,8,20185.32,3,3,1,7
6312,130,10,48728.7,1,4,4,9
6313,25,12,62731.18,4,5,5,14
6314,175,5,23054.460000000003,1,1,1,3
6315,83,6,28770.65,2,2,2,6
6316,145,9,37654.53,1,4,3,8
6317,35,13,50402.7,4,5,4,13
6318,18,8,28322.28,4,3,2,9
6319,4,13,52679.5,5,5,4,14
6320,41,10,35396.67,3,4,3,10
6321,3,11,63961.76,5,5,5,15
6322,72,8,25110.82,2,3,1,6
6323,2,8,34865.83,5,3,2,10
6324,192,4,18200.8,1,1,1,3
6325,27,12,65751.12,4,5,5,14
6326,131,7,43546.09,1,2,3,6
6327,205,5,25322.66,1,1,2,4
6328,321,3,32489.21,1,1,2,4
6329,14,9,66753.52,5,4,5,14
6330,16,12,48925.85,4,5,4,13
6331,180,5,20735.54,1,1,1,3
6332,134,8,50067.65,1,3,4,8
6333,92,9,57117.92,2,4,5,11
6334,99,9,46317.17,2,4,4,10
6335,57,4,24832.86,3,1,1,5
6336,2,9,43713.74,5,4,3,12
6337,22,9,56972.4,4,4,5,13
6338,217,7,17258.9,1,2,1,4
6339,56,10,45776.65,3,4,4,11
6340,45,9,33333.76,3,4,2,9
6341,86,10,30114.37,2,4,2,8
6342,15,4,15974.94,5,1,1,7
6343,44,10,31245.8,3,4,2,9
6344,24,7,60608.05,4,2,5,11
6345,19,8,49156.54,4,3,4,11
6346,14,12,54214.880000000005,5,5,4,14
6347,45,11,59231.22,3,5,5,13
6348,50,9,56485.65,3,4,4,11
6349,110,6,20157.98,2,2,1,5
6350,30,9,38255.5,4,4,3,11
6351,6,11,54165.93,5,5,4,14
6352,28,4,11206.990000000002,4,1,1,6
6353,12,10,45284.25,5,4,4,13
6354,54,13,87676.51,3,5,5,13
6355,15,11,64643.89,5,5,5,15
6356,16,15,78713.18,4,5,5,14
6357,33,9,57171.69,4,4,5,13
6358,4,11,50340.41,5,5,4,14
6359,132,8,19585.0,1,3,1,5
6360,103,8,27401.07,2,3,2,7
6361,61,6,45260.57,3,2,4,9
6362,2,9,68863.02,5,4,5,14
6363,29,9,31049.73,4,4,2,10
6364,33,11,51669.96,4,5,4,13
6365,44,15,113553.03,3,5,5,13
6366,3,11,63706.44,5,5,5,15
6367,113,8,14467.57,1,3,1,5
6368,54,8,44987.5,3,3,4,10
6369,87,12,61475.600000000006,2,5,5,12
6370,111,4,25863.08,1,1,2,4
6371,33,12,81674.81,4,5,5,14
6372,157,3,16710.05,1,1,1,3
6373,75,7,42059.98,2,2,3,7
6374,21,10,53637.77,4,4,4,12
6375,48,10,49354.36,3,4,4,11
6376,34,11,41481.06,4,5,3,12
6377,56,12,74870.57,3,5,5,13
6378,193,9,67189.61,1,4,5,10
6379,28,13,60714.06,4,5,5,14
6380,15,11,64073.770000000004,5,5,5,15
6381,16,12,56773.35,4,5,4,13
6382,101,6,29238.54,2,2,2,6
6383,112,5,33191.74,1,1,2,4
6384,38,6,7296.72,3,2,1,6
6385,45,6,48598.12,3,2,4,9
6386,150,12,70482.39,1,5,5,11
6387,7,8,28903.21,5,3,2,10
6388,18,6,17628.34,4,2,1,7
6389,59,8,56034.07,3,3,4,10
6390,160,4,23416.67,1,1,1,3
6391,137,4,18619.99,1,1,1,3
6392,97,7,16960.38,2,2,1,5
6393,22,14,75818.62,4,5,5,14
6394,67,7,22262.16,2,2,1,5
6395,84,8,27030.1,2,3,2,7
6396,91,10,37729.49,2,4,3,9
6397,12,14,64135.060000000005,5,5,5,15
6398,36,9,66119.26,3,4,5,12
6399,7,5,22812.739999999998,5,1,1,7
6400,4,11,58394.47,5,5,5,15
6401,24,10,53767.78,4,4,4,12
6402,313,7,53617.41,1,2,4,7
6403,63,5,20966.8,2,1,1,4
6404,134,7,48244.369999999995,1,2,4,7
6405,13,11,58392.8,5,5,5,15
6406,74,7,31033.64,2,2,2,6
6407,79,9,46372.79,2,4,4,10
6408,11,5,18836.890000000003,5,1,1,7
6409,46,8,31467.64,3,3,2,8
6410,121,3,20300.58,1,1,1,3
6411,121,8,51364.630000000005,1,3,4,8
6412,43,9,38157.54,3,4,3,10
6413,122,7,22541.69,1,2,1,4
6414,50,8,42694.49,3,3,3,9
6415,47,8,30146.03,3,3,2,8
6416,24,15,72819.29,4,5,5,14
6417,6,12,85762.41,5,5,5,15
6418,101,10,79629.7,2,4,5,11
6419,119,8,62588.4,1,3,5,9
6420,29,12,49057.75,4,5,4,13
6421,6,5,19067.64,5,1,1,7
6422,13,9,43521.62,5,4,3,12
6423,101,8,15727.86,2,3,1,6
6424,6,11,48968.28,5,5,4,14
6425,86,6,31580.87,2,2,2,6
6426,1,9,27772.37,5,4,2,11
6427,191,4,13109.62,1,1,1,3
6428,26,13,37945.12,4,5,3,12
6429,15,8,56525.82,5,3,4,12
6430,62,2,17591.6,3,1,1,5
6431,21,6,30304.72,4,2,2,8
6432,47,12,63888.130000000005,3,5,5,13
6433,15,11,77498.77,5,5,5,15
6434,31,12,54252.22,4,5,4,13
6435,7,7,39685.75,5,2,3,10
6436,12,9,52978.22,5,4,4,13
6437,160,4,12715.6,1,1,1,3
6438,2,8,39563.89,5,3,3,11
6439,36,7,40021.73,3,2,3,8
6440,12,8,34041.630000000005,5,3,2,10
6441,20,10,78418.39,4,4,5,13
6442,41,11,65023.0,3,5,5,13
6443,56,11,40810.28,3,5,3,11
6444,85,4,14271.24,2,1,1,4
6445,28,8,39426.96,4,3,3,10
6446,169,8,47398.8,1,3,4,8
6447,81,3,27065.84,2,1,2,5
6448,165,10,59596.08,1,4,5,10
6449,114,6,38734.369999999995,1,2,3,6
6450,109,5,21237.14,2,1,1,4
6451,75,6,43312.26,2,2,3,7
6452,67,13,53032.27,2,5,4,11
6453,132,4,27579.71,1,1,2,4
6454,25,12,62866.55,4,5,5,14
6455,70,9,33300.35,2,4,2,8
6456,24,11,64154.25,4,5,5,14
6457,3,8,36388.86,5,3,3,11
6458,185,4,21654.84,1,1,1,3
6459,8,5,29941.14,5,1,2,8
6460,63,9,48509.020000000004,2,4,4,10
6461,1,9,41261.9,5,4,3,12
6462,13,4,26627.420000000002,5,1,2,8
6463,108,14,58357.53,2,5,5,12
6464,2,5,14593.289999999999,5,1,1,7
6465,7,9,39116.31,5,4,3,12
6466,45,11,64757.75,3,5,5,13
6467,97,10,74887.33,2,4,5,11
6468,142,4,21907.57,1,1,1,3
6469,3,12,70256.5,5,5,5,15
6470,25,12,31042.43,4,5,2,11
6471,93,10,57022.29,2,4,5,11
6472,57,6,47841.54,3,2,4,9
6473,2,6,21939.59,5,2,1,8
6474,26,10,29004.57,4,4,2,10
6475,19,17,75013.03,4,5,5,14
6476,143,10,27811.97,1,4,2,7
6477,16,4,13425.25,4,1,1,6
6478,75,8,46452.22,2,3,4,9
6479,88,4,17055.25,2,1,1,4
6480,17,7,27057.75,4,2,2,8
6481,66,7,20289.09,2,2,1,5
6482,15,12,60937.85,5,5,5,15
6483,206,7,24920.96,1,2,1,4
6484,5,7,41155.39,5,2,3,10
6485,49,12,54780.58,3,5,4,12
6486,118,8,29819.47,1,3,2,6
6487,98,12,67009.55,2,5,5,12
6488,76,11,45636.96,2,5,4,11
6489,136,7,35070.92,1,2,3,6
6490,17,16,93081.11,4,5,5,14
6491,53,6,19253.37,3,2,1,6
6492,44,12,50318.409999999996,3,5,4,12
6493,30,9,56895.060000000005,4,4,4,12
6494,43,11,56883.72,3,5,4,12
6495,14,8,36923.14,5,3,3,11
6496,100,11,49802.12,2,5,4,11
6497,49,6,35499.649999999994,3,2,3,8
6498,196,3,18409.61,1,1,1,3
6499,57,10,47695.99,3,4,4,11
6500,10,14,60017.54,5,5,5,15
6501,11,8,37610.090000000004,5,3,3,11
6502,36,6,41669.87,3,2,3,8
6503,17,10,49037.49,4,4,4,12
6504,261,4,7405.01,1,1,1,3
6505,32,14,66648.56999999999,4,5,5,14
6506,81,11,62645.12,2,5,5,12
6507,110,12,66497.43000000001,2,5,5,12
6508,37,5,31672.629999999997,3,1,2,6
6509,70,3,29084.35,2,1,2,5
6510,2,6,32033.61,5,2,2,9
6511,15,9,68929.94,5,4,5,14
6512,64,6,36678.91,2,2,3,7
6513,69,6,17655.11,2,2,1,5
6514,102,9,47792.37,2,4,4,10
6515,63,4,12674.18,2,1,1,4
6516,53,12,40780.5,3,5,3,11
6517,30,9,38532.81,4,4,3,11
6518,177,5,17663.08,1,1,1,3
6519,225,7,39355.16,1,2,3,6
6520,247,5,29473.5,1,1,2,4
6521,93,8,33352.58,2,3,2,7
6522,17,11,43833.26,4,5,3,12
6523,354,5,51067.15,1,1,4,6
6524,24,9,49745.99,4,4,4,12
6525,62,8,33206.27,3,3,2,8
6526,17,12,49619.5,4,5,4,13
6527,28,11,32539.12,4,5,2,11
6528,8,8,47712.11,5,3,4,12
6529,50,12,81426.07,3,5,5,13
6530,23,4,14311.6,4,1,1,6
6531,27,9,45928.39,4,4,4,12
6532,5,7,41690.68,5,2,3,10
6533,31,8,38429.15,4,3,3,10
6534,82,8,44542.93,2,3,3,8
6535,52,5,9509.54,3,1,1,5
6536,107,6,45457.63,2,2,4,8
6537,133,8,28798.39,1,3,2,6
6538,1,8,51080.15,5,3,4,12
6539,64,8,43722.94,2,3,3,8
6540,72,9,52444.3,2,4,4,10
6541,28,11,57433.11,4,5,5,14
6542,25,8,55413.51,4,3,4,11
6543,23,11,81418.97,4,5,5,14
6544,75,7,36930.7,2,2,3,7
6545,41,8,33643.92,3,3,2,8
6546,75,6,33409.97,2,2,2,6
6547,139,9,61555.549999999996,1,4,5,10
6548,99,12,70048.73999999999,2,5,5,12
6549,68,6,34932.03,2,2,3,7
6550,40,9,48977.2,3,4,4,11
6551,31,10,60707.6,4,4,5,13
6552,129,9,28412.62,1,4,2,7
6553,221,5,21342.92,1,1,1,3
6554,11,11,31353.510000000002,5,5,2,12
6555,193,7,49038.43,1,2,4,7
6556,94,9,51049.53,2,4,4,10
6557,22,13,85879.43,4,5,5,14
6558,62,13,68540.35,3,5,5,13
6559,39,9,44892.909999999996,3,4,4,11
6560,49,9,32616.77,3,4,2,9
6561,26,9,50846.590000000004,4,4,4,12
6562,3,12,55436.07,5,5,4,14
6563,7,6,36538.58,5,2,3,10
6564,26,13,35750.2,4,5,3,12
6565,23,12,68380.11,4,5,5,14
6566,12,16,112287.9,5,5,5,15
6567,40,6,56195.020000000004,3,2,4,9
6568,2,13,61671.759999999995,5,5,5,15
6569,88,7,31274.690000000002,2,2,2,6
6570,74,11,66288.2,2,5,5,12
6571,369,2,16793.84,1,1,1,3
6572,2,14,67741.69,5,5,5,15
6573,2,9,41330.479999999996,5,4,3,12
6574,26,11,41830.520000000004,4,5,3,12
6575,4,10,59232.1,5,4,5,14
6576,54,9,30214.42,3,4,2,9
6577,15,7,32081.83,5,2,2,9
6578,7,9,28472.469999999998,5,4,2,11
6579,7,12,66432.74,5,5,5,15
6580,48,9,28211.57,3,4,2,9
6581,45,16,112513.87000000001,3,5,5,13
6582,2,12,108855.22,5,5,5,15
6583,53,13,76502.07,3,5,5,13
6584,79,6,48148.479999999996,2,2,4,8
6585,6,9,48833.590000000004,5,4,4,13
6586,104,8,51212.35,2,3,4,9
6587,11,6,17625.39,5,2,1,8
6588,133,7,33914.07,1,2,2,5
6589,175,6,20872.03,1,2,1,4
6590,64,6,33623.85,2,2,2,6
6591,124,5,32677.15,1,1,2,4
6592,7,9,35963.34,5,4,3,12
6593,10,9,50668.98,5,4,4,13
6594,18,7,29326.370000000003,4,2,2,8
6595,82,6,40837.12,2,2,3,7
6596,176,5,49064.33,1,1,4,6
6597,148,7,38537.64,1,2,3,6
6598,72,5,20605.739999999998,2,1,1,4
6599,39,16,66127.9,3,5,5,13
6600,98,15,77073.44,2,5,5,12
6601,43,9,38338.78,3,4,3,10
6602,4,12,70320.8,5,5,5,15
6603,51,9,52271.0,3,4,4,11
6604,128,3,20841.08,1,1,1,3
6605,30,10,49640.31,4,4,4,12
6606,108,8,37624.52,2,3,3,8
6607,11,9,53238.55,5,4,4,13
6608,98,6,39899.03,2,2,3,7
6609,40,8,28745.809999999998,3,3,2,8
6610,41,6,16059.29,3,2,1,6
6611,2,14,52345.15,5,5,4,14
6612,74,8,44261.57,2,3,3,8
6613,38,10,62038.43,3,4,5,12
6614,85,8,44425.62,2,3,3,8
6615,49,12,68638.67,3,5,5,13
6616,33,4,2012.46,4,1,1,6
6617,125,5,25111.2,1,1,1,3
6618,18,10,69727.18,4,4,5,13
6619,34,13,61427.79,4,5,5,14
6620,44,9,27904.059999999998,3,4,2,9
6621,61,10,32999.7,3,4,2,9
6622,25,12,62152.61,4,5,5,14
6623,33,8,44167.33,4,3,3,10
6624,41,11,68096.53,3,5,5,13
6625,164,5,43961.0,1,1,3,5
6626,83,8,46278.78,2,3,4,9
6627,74,9,75587.56,2,4,5,11
6628,39,8,35386.04,3,3,3,9
6629,115,10,37832.090000000004,1,4,3,8
6630,11,4,26236.13,5,1,2,8
6631,23,9,37326.97,4,4,3,11
6632,38,7,24518.09,3,2,1,6
6633,68,10,56471.27,2,4,4,10
6634,92,13,91545.81999999999,2,5,5,12
6635,36,4,29504.989999999998,3,1,2,6
6636,108,7,25887.280000000002,2,2,2,6
6637,32,6,21970.07,4,2,1,7
6638,26,3,6048.04,4,1,1,6
6639,2,12,56744.21,5,5,4,14
6640,100,9,49266.24,2,4,4,10
6641,86,10,56246.6,2,4,4,10
6642,46,8,23507.559999999998,3,3,1,7
6643,118,7,36790.880000000005,1,2,3,6
6644,22,8,46303.549999999996,4,3,4,11
6645,32,9,42575.53,4,4,3,11
6646,227,7,27232.91,1,2,2,5
6647,50,9,26900.18,3,4,2,9
6648,75,7,18598.67,2,2,1,5
6649,3,11,62271.79,5,5,5,15
6650,115,10,35773.14,1,4,3,8
6651,15,11,39537.18,5,5,3,13
6652,11,9,44713.81,5,4,4,13
6653,94,3,8718.24,2,1,1,4
6654,56,6,18950.129999999997,3,2,1,6
6655,154,8,60485.56,1,3,5,9
6656,31,8,23974.58,4,3,1,8
6657,4,10,51932.24,5,4,4,13
6658,41,7,19745.01,3,2,1,6
6659,2,7,54029.07,5,2,4,11
6660,32,9,66044.47,4,4,5,13
6661,1,9,33694.09,5,4,2,11
6662,7,9,40541.71,5,4,3,12
6663,2,11,68412.24,5,5,5,15
6664,59,7,27599.35,3,2,2,7
6665,110,6,41160.53,2,2,3,7
6666,34,13,37713.11,4,5,3,12
6667,196,5,40503.78,1,1,3,5
6668,254,4,19593.75,1,1,1,3
6669,49,11,60699.17,3,5,5,13
6670,1,8,42166.5,5,3,3,11
6671,1,6,28957.68,5,2,2,9
6672,132,8,66847.26,1,3,5,9
6673,120,7,33846.53,1,2,2,5
6674,110,7,29809.399999999998,2,2,2,6
6675,115,12,70382.9,1,5,5,11
6676,13,7,40663.17,5,2,3,10
6677,25,12,44503.0,4,5,3,12
6678,34,8,27696.68,4,3,2,9
6679,20,9,31298.47,4,4,2,10
6680,9,7,18616.98,5,2,1,8
6681,15,11,62434.25,5,5,5,15
6682,85,8,41427.79,2,3,3,8
6683,54,9,52767.98,3,4,4,11
6684,21,6,39683.64,4,2,3,9
6685,39,8,51970.06,3,3,4,10
6686,1,10,65676.98,5,4,5,14
6687,27,7,39580.51,4,2,3,9
6688,64,11,63082.63,2,5,5,12
6689,16,14,66638.13,4,5,5,14
6690,23,7,30869.0,4,2,2,8
6691,100,8,23849.8,2,3,1,6
6692,86,11,51392.97,2,5,4,11
6693,61,9,30490.86,3,4,2,9
6694,8,8,66783.64,5,3,5,13
6695,69,6,33233.84,2,2,2,6
6696,223,7,45950.810000000005,1,2,4,7
6697,67,8,45168.06,2,3,4,9
6698,82,10,31744.010000000002,2,4,2,8
6699,9,3,26963.48,5,1,2,8
6700,101,4,25456.93,2,1,2,5
6701,277,6,29409.07,1,2,2,5
6702,11,6,21276.0,5,2,1,8
6703,95,2,13090.720000000001,2,1,1,4
6704,12,14,81393.93,5,5,5,15
6705,157,7,39868.12,1,2,3,6
6706,14,12,80026.36,5,5,5,15
6707,1,9,69744.69,5,4,5,14
6708,6,15,77493.92,5,5,5,15
6709,47,7,47897.04,3,2,4,9
6710,60,11,59220.2,3,5,5,13
6711,1,8,39345.95,5,3,3,11
6712,12,13,67383.82,5,5,5,15
6713,47,7,37548.65,3,2,3,8
6714,30,13,87456.37,4,5,5,14
6715,135,6,44341.46,1,2,3,6
6716,38,3,20119.02,3,1,1,5
6717,1,9,29214.17,5,4,2,11
6718,24,10,55045.02,4,4,4,12
6719,56,4,27001.68,3,1,2,6
6720,104,8,40046.14,2,3,3,8
6721,51,10,42365.48,3,4,3,10
6722,2,12,62340.880000000005,5,5,5,15
6723,40,11,70178.5,3,5,5,13
6724,81,4,25516.059999999998,2,1,2,5
6725,163,10,51769.98,1,4,4,9
6726,2,7,36327.67,5,2,3,10
6727,52,7,42611.75,3,2,3,8
6728,37,8,28737.3,3,3,2,8
6729,81,12,38862.85,2,5,3,10
6730,265,5,20973.059999999998,1,1,1,3
6731,89,3,1802.51,2,1,1,4
6732,54,11,28267.17,3,5,2,10
6733,218,4,10410.49,1,1,1,3
6734,211,5,27709.95,1,1,2,4
6735,156,6,16230.62,1,2,1,4
6736,52,11,55325.46,3,5,4,12
6737,72,7,26684.95,2,2,2,6
6738,107,10,47195.35,2,4,4,10
6739,1,6,16133.63,5,2,1,8
6740,62,10,48904.23,3,4,4,11
6741,7,7,49211.020000000004,5,2,4,11
6742,126,9,53966.2,1,4,4,9
6743,191,4,7751.320000000001,1,1,1,3
6744,87,9,50348.229999999996,2,4,4,10
6745,40,11,76102.61,3,5,5,13
6746,31,10,54725.4,4,4,4,12
6747,144,5,16396.31,1,1,1,3
6748,44,9,41265.37,3,4,3,10
6749,19,4,32788.22,4,1,2,7
6750,159,10,46566.96,1,4,4,9
6751,116,7,48665.96,1,2,4,7
6752,1,11,50524.46,5,5,4,14
6753,8,5,19264.78,5,1,1,7
6754,151,5,28335.85,1,1,2,4
6755,15,10,69620.68,5,4,5,14
6756,13,12,77091.56,5,5,5,15
6757,22,7,30840.120000000003,4,2,2,8
6758,11,9,41651.39,5,4,3,12
6759,15,5,28306.34,5,1,2,8
6760,77,5,20384.69,2,1,1,4
6761,44,10,42306.56,3,4,3,10
6762,35,4,4006.18,4,1,1,6
6763,35,10,42412.6,4,4,3,11
6764,11,8,24682.86,5,3,1,9
6765,101,10,40786.14,2,4,3,9
6766,103,3,10487.699999999999,2,1,1,4
6767,67,11,25915.05,2,5,2,9
6768,104,4,35840.92,2,1,3,6
6769,97,8,29333.21,2,3,2,7
6770,63,9,45401.21,2,4,4,10
6771,12,7,42409.78999999999,5,2,3,10
6772,37,7,39502.88,3,2,3,8
6773,109,10,65631.42,2,4,5,11
6774,2,13,72278.97,5,5,5,15
6775,8,8,42161.13,5,3,3,11
6776,100,7,40533.04,2,2,3,7
6777,4,12,59916.73,5,5,5,15
6778,297,7,28994.77,1,2,2,5
6779,25,9,34343.61,4,4,2,10
6780,23,6,31148.27,4,2,2,8
6781,81,6,50633.020000000004,2,2,4,8
6782,68,9,36093.7,2,4,3,9
6783,42,5,27703.489999999998,3,1,2,6
6784,20,5,30607.88,4,1,2,7
6785,28,14,71793.06,4,5,5,14
6786,83,8,41715.97,2,3,3,8
6787,22,8,47830.36,4,3,4,11
6788,195,2,4524.91,1,1,1,3
6789,7,5,22649.71,5,1,1,7
6790,1,12,59340.97,5,5,5,15
6791,26,8,26689.21,4,3,2,9
6792,35,11,50852.47,4,5,4,13
6793,221,8,41798.68,1,3,3,7
6794,34,15,96632.72,4,5,5,14
6795,19,11,65880.9,4,5,5,14
6796,25,8,37189.520000000004,4,3,3,10
6797,187,11,46750.37,1,5,4,10
6798,30,12,72916.11,4,5,5,14
6799,39,8,32712.62,3,3,2,8
6800,283,4,14630.65,1,1,1,3
6801,58,6,51221.939999999995,3,2,4,9
6802,3,12,51531.13,5,5,4,14
6803,74,9,42699.47,2,4,3,9
6804,96,8,64188.119999999995,2,3,5,10
6805,256,6,40616.38,1,2,3,6
6806,12,6,30714.97,5,2,2,9
6807,125,4,23768.61,1,1,1,3
6808,22,10,46000.21,4,4,4,12
6809,56,6,45588.55,3,2,4,9
6810,40,6,33695.68,3,2,2,7
6811,29,8,35686.54,4,3,3,10
6812,7,11,45193.91,5,5,4,14
6813,21,7,22196.65,4,2,1,7
6814,61,9,30647.67,3,4,2,9
6815,140,10,41084.85,1,4,3,8
6816,71,10,40163.15,2,4,3,9
6817,2,11,66135.74,5,5,5,15
6818,15,7,37179.51,5,2,3,10
6819,131,10,52390.27,1,4,4,9
6820,183,5,26296.350000000002,1,1,2,4
6821,70,10,28941.84,2,4,2,8
6822,76,6,14443.369999999999,2,2,1,5
6823,44,13,109136.91,3,5,5,13
6824,2,7,44106.409999999996,5,2,3,10
6825,7,12,66708.48,5,5,5,15
6826,159,6,20978.04,1,2,1,4
6827,15,13,103114.78,5,5,5,15
6828,40,13,60845.32,3,5,5,13
6829,42,14,85159.69,3,5,5,13
6830,52,10,38264.53,3,4,3,10
6831,10,3,18592.059999999998,5,1,1,7
6832,29,11,75323.74,4,5,5,14
6833,23,8,46632.94,4,3,4,11
6834,1,9,37857.4,5,4,3,12
6835,26,8,34633.84,4,3,2,9
6836,47,13,60123.69,3,5,5,13
6837,28,8,35108.71,4,3,3,10
6838,337,8,25173.85,1,3,1,5
6839,9,6,45255.39,5,2,4,11
6840,112,6,39347.4,1,2,3,6
6841,240,9,80043.32,1,4,5,10
6842,36,18,96746.0,3,5,5,13
6843,18,13,58877.43,4,5,5,14
6844,26,9,53371.07,4,4,4,12
6845,42,14,78472.22,3,5,5,13
6846,76,13,48074.68,2,5,4,11
6847,34,6,27792.67,4,2,2,8
6848,76,12,72891.64,2,5,5,12
6849,65,9,50780.990000000005,2,4,4,10
6850,6,9,40889.0,5,4,3,12
6851,139,13,52390.83,1,5,4,10
6852,57,8,28768.84,3,3,2,8
6853,18,14,103034.09,4,5,5,14
6854,31,11,70372.13,4,5,5,14
6855,81,6,27896.47,2,2,2,6
6856,39,5,25514.39,3,1,2,6
6857,114,9,42555.83,1,4,3,8
6858,62,6,12605.95,3,2,1,6
6859,35,12,41387.21,4,5,3,12
6860,1,4,19681.190000000002,5,1,1,7
6861,87,12,67319.64,2,5,5,12
6862,17,9,34734.83,4,4,2,10
6863,1,11,53318.08,5,5,4,14
6864,177,7,46891.16,1,2,4,7
6865,195,6,34503.31,1,2,2,5
6866,73,3,24162.92,2,1,1,4
6867,134,8,41921.8,1,3,3,7
6868,106,6,44172.11,2,2,3,7
6869,8,7,59549.44,5,2,5,12
6870,30,5,16658.239999999998,4,1,1,6
6871,1,12,57491.380000000005,5,5,5,15
6872,8,16,101534.92,5,5,5,15
6873,73,11,53296.39,2,5,4,11
6874,24,7,34336.770000000004,4,2,2,8
6875,166,8,47519.78,1,3,4,8
6876,6,7,37892.08,5,2,3,10
6877,156,10,48423.65,1,4,4,9
6878,33,6,19164.61,4,2,1,7
6879,57,8,56946.7,3,3,4,10
6880,139,6,15431.349999999999,1,2,1,4
6881,97,2,17699.1,2,1,1,4
6882,85,7,26570.2,2,2,2,6
6883,48,8,55354.97,3,3,4,10
6884,31,12,66291.12,4,5,5,14
6885,16,8,34242.2,4,3,2,9
6886,30,12,64342.450000000004,4,5,5,14
6887,42,7,30640.43,3,2,2,7
6888,22,10,51123.69,4,4,4,12
6889,142,6,44343.22,1,2,3,6
6890,65,5,18422.09,2,1,1,4
6891,34,7,24411.57,4,2,1,7
6892,70,10,39938.1,2,4,3,9
6893,88,10,39708.72,2,4,3,9
6894,19,2,6210.150000000001,4,1,1,6
6895,55,9,48030.990000000005,3,4,4,11
6896,12,6,30560.4,5,2,2,9
6897,44,10,69849.08,3,4,5,12
6898,28,6,33142.82,4,2,2,8
6899,14,7,36676.32,5,2,3,10
6900,10,9,27271.74,5,4,2,11
6901,21,10,42521.94,4,4,3,11
6902,55,7,55085.14,3,2,4,9
6903,3,11,40437.58,5,5,3,13
6904,19,11,56187.22,4,5,4,13
6905,1,12,90542.72,5,5,5,15
6906,81,11,56889.25,2,5,4,11
6907,118,6,31001.85,1,2,2,5
6908,68,11,40636.55,2,5,3,10
6909,19,8,41352.76,4,3,3,10
6910,21,8,27353.420000000002,4,3,2,9
6911,4,8,29917.45,5,3,2,10
6912,54,9,52138.47,3,4,4,11
6913,275,5,37289.46,1,1,3,5
6914,43,11,30960.03,3,5,2,10
6915,13,6,17774.58,5,2,1,8
6916,16,7,36949.079999999994,4,2,3,9
6917,265,5,51844.45,1,1,4,6
6918,48,6,52701.88,3,2,4,9
6919,7,8,25692.49,5,3,2,10
6920,171,5,26008.6,1,1,2,4
6921,64,18,86678.61,2,5,5,12
6922,135,9,58623.61,1,4,5,10
6923,42,12,23190.77,3,5,1,9
6924,25,8,22473.620000000003,4,3,1,8
6925,66,5,13323.09,2,1,1,4
6926,4,8,21551.690000000002,5,3,1,9
6927,43,6,40932.060000000005,3,2,3,8
6928,46,16,136820.91,3,5,5,13
6929,98,14,70187.09999999999,2,5,5,12
6930,163,9,29605.53,1,4,2,7
6931,172,5,17348.97,1,1,1,3
6932,42,8,45552.659999999996,3,3,4,10
6933,224,7,34370.41,1,2,2,5
6934,9,4,14265.48,5,1,1,7
6935,68,8,25993.870000000003,2,3,2,7
6936,13,7,39464.74,5,2,3,10
6937,63,6,22184.42,2,2,1,5
6938,75,5,37516.74,2,1,3,6
6939,121,6,22805.969999999998,1,2,1,4
6940,11,9,33312.04,5,4,2,11
6941,65,9,54402.9,2,4,4,10
6942,38,16,78306.08,3,5,5,13
6943,11,4,11985.689999999999,5,1,1,7
6944,32,10,37707.66,4,4,3,11
6945,2,9,48345.11,5,4,4,13
6946,11,6,33774.57,5,2,2,9
6947,24,11,50377.31,4,5,4,13
6948,130,8,54943.729999999996,1,3,4,8
6949,40,5,26985.17,3,1,2,6
6950,2,6,16707.97,5,2,1,8
6951,113,7,31556.63,1,2,2,5
6952,159,6,45671.28,1,2,4,7
6953,20,7,53242.25,4,2,4,10
6954,17,7,32530.96,4,2,2,8
6955,13,9,54178.7,5,4,4,13
6956,65,4,18114.3,2,1,1,4
6957,30,10,50691.369999999995,4,4,4,12
6958,20,15,94259.23000000001,4,5,5,14
6959,33,2,8865.79,4,1,1,6
6960,25,7,23912.36,4,2,1,7
6961,36,7,29513.809999999998,3,2,2,7
6962,51,9,47664.240000000005,3,4,4,11
6963,93,14,94810.28,2,5,5,12
6964,39,10,67351.83,3,4,5,12
6965,24,12,54725.97,4,5,4,13
6966,6,6,39959.74,5,2,3,10
6967,4,7,25910.65,5,2,2,9
6968,69,9,41208.1,2,4,3,9
6969,89,6,37469.98,2,2,3,7
6970,183,6,40704.51,1,2,3,6
6971,56,8,25663.519999999997,3,3,2,8
6972,49,12,55693.740000000005,3,5,4,12
6973,16,6,16670.33,4,2,1,7
6974,133,4,15198.59,1,1,1,3
6975,45,8,35076.99,3,3,3,9
6976,251,4,21244.27,1,1,1,3
6977,238,4,16272.22,1,1,1,3
6978,60,9,30407.57,3,4,2,9
6979,38,9,25926.18,3,4,2,9
6980,32,11,59032.22,4,5,5,14
6981,251,8,44604.99,1,3,4,8
6982,54,12,51256.57,3,5,4,12
6983,53,8,32688.48,3,3,2,8
6984,161,6,24118.54,1,2,1,4
6985,61,9,67521.91,3,4,5,12
6986,31,13,68681.17,4,5,5,14
6987,15,9,34719.17,5,4,2,11
6988,118,10,25860.46,1,4,2,7
6989,50,7,36478.59,3,2,3,8
6990,42,12,74652.51,3,5,5,13
6991,87,7,42511.450000000004,2,2,3,7
6992,150,8,44517.72,1,3,3,7
6993,87,7,41522.3,2,2,3,7
6994,24,6,35569.19,4,2,3,9
6995,6,9,35713.01,5,4,3,12
6996,23,4,24012.23,4,1,1,6
6997,162,10,41283.95,1,4,3,8
6998,9,5,14196.01,5,1,1,7
6999,229,6,20460.84,1,2,1,4
7000,231,4,13983.52,1,1,1,3
7001,37,9,39802.659999999996,3,4,3,10
7002,13,9,44589.43,5,4,4,13
7003,93,5,31103.08,2,1,2,5
7004,67,10,32313.329999999998,2,4,2,8
7005,323,5,55958.67,1,1,4,6
7006,55,11,36419.97,3,5,3,11
7007,71,8,40681.93,2,3,3,8
7008,208,1,2058.36,1,1,1,3
7009,37,8,64485.26,3,3,5,11
7010,74,9,60186.55,2,4,5,11
7011,73,10,63861.92999999999,2,4,5,11
7012,48,8,53274.36,3,3,4,10
7013,55,12,50442.98,3,5,4,12
7014,100,4,21071.48,2,1,1,4
7015,26,4,23840.82,4,1,1,6
7016,37,9,64900.810000000005,3,4,5,12
7017,105,4,21515.72,2,1,1,4
7018,61,9,52209.27,3,4,4,11
7019,171,9,63706.24,1,4,5,10
7020,100,6,20996.71,2,2,1,5
7021,4,9,54963.67,5,4,4,13
7022,105,5,28616.579999999998,2,1,2,5
7023,93,15,78622.56999999999,2,5,5,12
7024,72,6,46057.76,2,2,4,8
7025,76,10,45975.03,2,4,4,10
7026,5,6,30209.22,5,2,2,9
7027,5,9,52735.14,5,4,4,13
7028,25,7,23011.449999999997,4,2,1,7
7029,82,7,25370.47,2,2,2,6
7030,38,8,47277.24,3,3,4,10
7031,14,4,23823.59,5,1,1,7
7032,57,6,31418.3,3,2,2,7
7033,61,9,23284.58,3,4,1,8
7034,30,3,19288.49,4,1,1,6
7035,99,10,40142.729999999996,2,4,3,9
7036,55,7,53844.21000000001,3,2,4,9
7037,27,5,42064.4,4,1,3,8
7038,100,10,59867.88,2,4,5,11
7039,24,12,50547.18,4,5,4,13
7040,8,8,38218.83,5,3,3,11
7041,38,7,40120.14,3,2,3,8
7042,12,8,44816.83,5,3,4,12
7043,61,9,44991.86,3,4,4,11
7044,16,7,46806.55,4,2,4,10
7045,48,5,31997.3,3,1,2,6
7046,39,10,50636.68,3,4,4,11
7047,18,15,99189.1,4,5,5,14
7048,133,4,21014.82,1,1,1,3
7049,79,8,21209.440000000002,2,3,1,6
7050,7,10,33340.88,5,4,2,11
7051,92,8,30154.6,2,3,2,7
7052,17,7,39671.73,4,2,3,9
7053,28,8,30162.37,4,3,2,9
7054,141,9,39086.689999999995,1,4,3,8
7055,104,4,15306.69,2,1,1,4
7056,54,8,37261.82,3,3,3,9
7057,16,7,43216.84,4,2,3,9
7058,60,9,31374.58,3,4,2,9
7059,9,6,11632.52,5,2,1,8
7060,100,8,33498.79,2,3,2,7
7061,23,12,45716.17,4,5,4,13
7062,106,10,43714.54,2,4,3,9
7063,24,10,66759.87,4,4,5,13
7064,34,10,82608.72,4,4,5,13
7065,18,10,84416.51,4,4,5,13
7066,14,11,53336.38,5,5,4,14
7067,48,10,79998.91,3,4,5,12
7068,4,13,81305.59999999999,5,5,5,15
7069,96,10,53701.200000000004,2,4,4,10
7070,70,9,43906.57,2,4,3,9
7071,35,9,34506.09,4,4,2,10
7072,50,8,32670.27,3,3,2,8
7073,53,12,81368.89,3,5,5,13
7074,10,6,27640.36,5,2,2,9
7075,65,13,51054.32,2,5,4,11
7076,50,5,33318.64,3,1,2,6
7077,36,9,50818.2,3,4,4,11
7078,19,8,31861.65,4,3,2,9
7079,95,12,35703.19,2,5,3,10
7080,21,12,69182.23,4,5,5,14
7081,210,4,11174.84,1,1,1,3
7082,107,6,32804.79,2,2,2,6
7083,32,7,27863.5,4,2,2,8
7084,138,3,7610.2300000000005,1,1,1,3
7085,11,9,31010.920000000002,5,4,2,11
7086,112,7,27003.429999999997,1,2,2,5
7087,283,3,17107.4,1,1,1,3
7088,32,13,70834.2,4,5,5,14
7089,19,9,42779.42,4,4,3,11
7090,124,7,42453.869999999995,1,2,3,6
7091,76,8,50283.58,2,3,4,9
7092,23,7,55941.39,4,2,4,10
7093,78,9,59029.86,2,4,5,11
7094,7,11,47148.479999999996,5,5,4,14
7095,146,6,40094.18,1,2,3,6
7096,48,13,36603.91,3,5,3,11
7097,24,11,51806.19,4,5,4,13
7098,42,5,23898.29,3,1,1,5
7099,67,5,23285.39,2,1,1,4
7100,91,10,59481.71,2,4,5,11
7101,68,9,21350.85,2,4,1,7
7102,78,4,23833.969999999998,2,1,1,4
7103,3,12,70432.54000000001,5,5,5,15
7104,24,9,44875.5,4,4,4,12
7105,44,5,32916.96,3,1,2,6
7106,51,9,54141.72,3,4,4,11
7107,42,6,26496.52,3,2,2,7
7108,33,15,77848.04000000001,4,5,5,14
7109,223,6,34559.17,1,2,2,5
7110,39,4,18870.83,3,1,1,5
7111,1,8,52608.21,5,3,4,12
7112,3,9,50989.200000000004,5,4,4,13
7113,265,2,7207.400000000001,1,1,1,3
7114,145,12,69423.54,1,5,5,11
7115,104,6,20783.61,2,2,1,5
7116,2,10,40548.380000000005,5,4,3,12
7117,54,9,36767.090000000004,3,4,3,10
7118,125,3,12889.16,1,1,1,3
7119,48,7,46067.3,3,2,4,9
7120,6,11,65009.45,5,5,5,15
7121,157,6,45405.0,1,2,4,7
7122,56,4,27971.969999999998,3,1,2,6
7123,59,10,63824.4,3,4,5,12
7124,192,4,12775.71,1,1,1,3
7125,64,7,51597.1,2,2,4,8
7126,123,6,11411.97,1,2,1,4
7127,163,4,18153.16,1,1,1,3
7128,150,10,51056.4,1,4,4,9
7129,24,9,53581.57,4,4,4,12
7130,22,8,54669.2,4,3,4,11
7131,45,8,24017.09,3,3,1,7
7132,215,5,20903.05,1,1,1,3
7133,24,4,20012.440000000002,4,1,1,6
7134,206,11,67423.55,1,5,5,11
7135,12,8,59143.5,5,3,5,13
7136,9,13,72491.84,5,5,5,15
7137,9,6,32784.93,5,2,2,9
7138,99,10,48993.59,2,4,4,10
7139,34,9,28754.239999999998,4,4,2,10
7140,120,5,18520.84,1,1,1,3
7141,129,7,17502.29,1,2,1,4
7142,84,15,72394.79,2,5,5,12
7143,39,13,62229.41,3,5,5,13
7144,3,12,51772.42,5,5,4,14
7145,82,5,20014.61,2,1,1,4
7146,375,4,21654.18,1,1,1,3
7147,24,7,45457.57,4,2,4,10
7148,69,7,36868.42,2,2,3,7
7149,14,12,61534.020000000004,5,5,5,15
7150,16,7,56034.0,4,2,4,10
7151,132,6,47103.29,1,2,4,7
7152,361,4,16054.3,1,1,1,3
7153,85,5,21195.89,2,1,1,4
7154,10,8,51193.520000000004,5,3,4,12
7155,67,4,24492.309999999998,2,1,1,4
7156,94,4,19438.11,2,1,1,4
7157,39,5,9292.28,3,1,1,5
7158,46,12,102859.86,3,5,5,13
7159,77,7,20207.25,2,2,1,5
7160,28,10,41185.16,4,4,3,11
7161,80,9,65144.78999999999,2,4,5,11
7162,22,9,48568.09,4,4,4,12
7163,13,5,22782.34,5,1,1,7
7164,78,9,37263.270000000004,2,4,3,9
7165,20,11,53336.5,4,5,4,13
7166,16,4,25004.86,4,1,1,6
7167,19,8,58813.51,4,3,5,12
7168,56,2,20760.84,3,1,1,5
7169,18,5,31142.09,4,1,2,7
7170,32,8,61395.45,4,3,5,12
7171,20,8,39168.96,4,3,3,10
7172,38,8,47219.42999999999,3,3,4,10
7173,3,4,24345.42,5,1,1,7
7174,61,5,27843.18,3,1,2,6
7175,100,7,37627.35,2,2,3,7
7176,6,11,67212.70999999999,5,5,5,15
7177,72,10,36515.01,2,4,3,9
7178,61,12,67739.97,3,5,5,13
7179,70,4,23710.54,2,1,1,4
7180,318,3,15122.4,1,1,1,3
7181,43,7,30800.78,3,2,2,7
7182,82,4,8027.43,2,1,1,4
7183,7,8,29030.53,5,3,2,10
7184,85,8,39891.479999999996,2,3,3,8
7185,45,6,30694.8,3,2,2,7
7186,83,7,33001.34,2,2,2,6
7187,72,11,94664.25,2,5,5,12
7188,1,6,39871.69,5,2,3,10
7189,59,15,84225.83,3,5,5,13
7190,76,8,43452.65,2,3,3,8
7191,2,11,36902.94,5,5,3,13
7192,47,10,54237.53,3,4,4,11
7193,147,8,40251.29,1,3,3,7
7194,31,10,66866.95,4,4,5,13
7195,34,10,49584.61,4,4,4,12
7196,122,3,12573.28,1,1,1,3
7197,7,13,52562.97,5,5,4,14
7198,40,12,60652.64,3,5,5,13
7199,6,7,27893.72,5,2,2,9
7200,11,6,39058.020000000004,5,2,3,10
7201,9,9,47426.47,5,4,4,13
7202,20,11,64178.45,4,5,5,14
7203,176,10,51468.78,1,4,4,9
7204,72,9,39996.91,2,4,3,9
7205,19,12,72802.65,4,5,5,14
7206,46,18,72605.64,3,5,5,13
7207,24,10,81838.68000000001,4,4,5,13
7208,32,9,58477.69,4,4,5,13
7209,15,7,38977.71,5,2,3,10
7210,25,9,51027.09,4,4,4,12
7211,2,7,67344.45,5,2,5,12
7212,23,9,38467.61,4,4,3,11
7213,70,6,14131.45,2,2,1,5
7214,25,8,59320.41,4,3,5,12
7215,126,9,34974.12,1,4,3,8
7216,80,6,26407.72,2,2,2,6
7217,61,7,54279.4,3,2,4,9
7218,105,6,27027.2,2,2,2,6
7219,29,9,43365.63,4,4,3,11
7220,8,11,46066.5,5,5,4,14
7221,140,8,60895.32,1,3,5,9
7222,61,6,58114.219999999994,3,2,5,10
7223,21,6,24630.73,4,2,1,7
7224,79,7,32850.82,2,2,2,6
7225,23,8,48955.53,4,3,4,11
7226,83,8,45412.79,2,3,4,9
7227,52,8,19330.55,3,3,1,7
7228,70,10,50408.72,2,4,4,10
7229,120,6,56404.11,1,2,4,7
7230,32,6,35377.3,4,2,3,9
7231,43,10,57639.689999999995,3,4,5,12
7232,6,8,38294.509999999995,5,3,3,11
7233,82,8,27754.27,2,3,2,7
7234,221,5,17476.56,1,1,1,3
7235,26,6,45659.0,4,2,4,10
7236,82,10,62373.689999999995,2,4,5,11
7237,59,5,23635.01,3,1,1,5
7238,19,6,26872.14,4,2,2,8
7239,8,8,57304.979999999996,5,3,5,13
7240,65,9,61772.48,2,4,5,11
7241,124,8,46031.38,1,3,4,8
7242,250,6,17662.41,1,2,1,4
7243,87,7,46355.08,2,2,4,8
7244,108,9,60950.46,2,4,5,11
7245,12,8,41885.37,5,3,3,11
7246,93,9,46968.62,2,4,4,10
7247,6,8,40875.95,5,3,3,11
7248,43,11,81017.23,3,5,5,13
7249,21,9,38723.36,4,4,3,11
7250,45,9,46320.37,3,4,4,11
7251,120,7,37997.89,1,2,3,6
7252,118,7,36194.770000000004,1,2,3,6
7253,47,9,37091.84,3,4,3,10
7254,22,13,66780.81999999999,4,5,5,14
7255,4,7,65137.32,5,2,5,12
7256,18,9,21722.559999999998,4,4,1,9
7257,162,5,23055.23,1,1,1,3
7258,11,12,68861.64,5,5,5,15
7259,146,14,54652.590000000004,1,5,4,10
7260,272,5,18928.16,1,1,1,3
7261,87,6,44358.5,2,2,3,7
7262,42,7,40361.19,3,2,3,8
7263,34,8,60516.15,4,3,5,12
7264,49,11,46405.0,3,5,4,12
7265,107,8,47377.990000000005,2,3,4,9
7266,41,8,38035.94,3,3,3,9
7267,77,9,62906.68,2,4,5,11
7268,86,3,13056.52,2,1,1,4
7269,55,9,61639.73,3,4,5,12
7270,128,6,40563.61,1,2,3,6
7271,9,11,70061.66,5,5,5,15
7272,101,10,68506.21,2,4,5,11
7273,86,5,18985.710000000003,2,1,1,4
7274,90,9,49728.44,2,4,4,10
7275,13,9,56562.83,5,4,4,13
7276,60,7,21859.48,3,2,1,6
7277,16,10,47564.99,4,4,4,12
7278,134,5,36218.26,1,1,3,5
7279,2,12,64458.12,5,5,5,15
7280,19,5,44186.78,4,1,3,8
7281,269,3,3481.95,1,1,1,3
7282,60,5,50457.76,3,1,4,8
7283,26,10,62020.71,4,4,5,13
7284,109,5,14212.36,2,1,1,4
7285,36,3,21464.15,3,1,1,5
7286,60,7,23535.98,3,2,1,6
7287,86,9,73016.8,2,4,5,11
7288,17,8,61371.979999999996,4,3,5,12
7289,18,10,70329.9,4,4,5,13
7290,40,11,70994.9,3,5,5,13
7291,168,8,51302.59,1,3,4,8
7292,10,13,48533.74,5,5,4,14
7293,12,7,22654.16,5,2,1,8
7294,242,5,15356.619999999999,1,1,1,3
7295,122,8,39142.41,1,3,3,7
7296,43,4,25362.14,3,1,2,6
7297,82,9,36703.47,2,4,3,9
7298,2,10,61653.57,5,4,5,14
7299,23,12,57570.79,4,5,5,14
7300,173,9,34461.100000000006,1,4,2,7
7301,267,3,19909.929999999997,1,1,1,3
7302,16,13,59877.119999999995,4,5,5,14
7303,234,10,59205.86,1,4,5,10
7304,104,7,17207.26,2,2,1,5
7305,5,8,33853.86,5,3,2,10
7306,141,9,27958.02,1,4,2,7
7307,19,8,35792.58,4,3,3,10
7308,15,14,96342.6,5,5,5,15
7309,75,7,48610.54,2,2,4,8
7310,12,13,109182.57,5,5,5,15
7311,4,7,57152.479999999996,5,2,5,12
7312,105,7,41452.520000000004,2,2,3,7
7313,106,11,47167.579999999994,2,5,4,11
7314,102,7,30574.190000000002,2,2,2,6
7315,4,8,40145.56,5,3,3,11
7316,74,6,19617.06,2,2,1,5
7317,36,6,50263.49,3,2,4,9
7318,87,6,21766.34,2,2,1,5
7319,37,4,14809.57,3,1,1,5
7320,47,9,47311.01,3,4,4,11
7321,114,4,13930.7,1,1,1,3
7322,117,7,32114.27,1,2,2,5
7323,67,9,35408.04,2,4,3,9
7324,36,10,43923.880000000005,3,4,3,10
7325,87,5,25362.43,2,1,2,5
7326,117,7,26894.5,1,2,2,5
7327,113,7,30548.89,1,2,2,5
7328,120,11,38265.05,1,5,3,9
7329,171,4,27838.379999999997,1,1,2,4
7330,35,4,22970.27,4,1,1,6
7331,3,7,32794.18,5,2,2,9
7332,145,8,23188.52,1,3,1,5
7333,2,11,55782.85,5,5,4,14
7334,61,10,60458.68,3,4,5,12
7335,166,8,33813.41,1,3,2,6
7336,27,9,58330.02,4,4,5,13
7337,23,9,48173.21,4,4,4,12
7338,56,7,29085.64,3,2,2,7
7339,72,9,42994.020000000004,2,4,3,9
7340,34,10,63542.53,4,4,5,13
7341,169,4,17058.98,1,1,1,3
7342,86,7,43445.369999999995,2,2,3,7
7343,9,9,42652.31,5,4,3,12
7344,38,7,27996.39,3,2,2,7
7345,12,7,44605.87,5,2,4,11
7346,21,6,29260.65,4,2,2,8
7347,153,2,10674.99,1,1,1,3
7348,26,7,24980.29,4,2,1,7
7349,24,6,24613.94,4,2,1,7
7350,20,8,49978.770000000004,4,3,4,11
7351,13,13,71216.82,5,5,5,15
7352,123,14,56031.45,1,5,4,10
7353,24,10,55480.33,4,4,4,12
7354,53,11,57859.630000000005,3,5,5,13
7355,337,8,50131.65,1,3,4,8
7356,13,8,17598.29,5,3,1,9
7357,23,12,57162.76,4,5,5,14
7358,18,9,35947.87,4,4,3,11
7359,39,8,53483.73,3,3,4,10
7360,9,8,40051.97,5,3,3,11
7361,117,6,35457.85,1,2,3,6
7362,93,9,61752.65,2,4,5,11
7363,2,11,52262.22,5,5,4,14
7364,69,11,53796.96,2,5,4,11
7365,172,4,21728.7,1,1,1,3
7366,40,10,57032.92,3,4,5,12
7367,225,5,25572.910000000003,1,1,2,4
7368,34,6,23980.82,4,2,1,7
7369,30,10,40218.75,4,4,3,11
7370,14,11,46646.32,5,5,4,14
7371,51,10,57432.74,3,4,5,12
7372,106,8,27719.35,2,3,2,7
7373,35,9,37806.43,4,4,3,11
7374,42,12,48071.3,3,5,4,12
7375,59,13,71672.64,3,5,5,13
7376,31,10,59295.05,4,4,5,13
7377,42,10,49514.89,3,4,4,11
7378,5,12,65338.94,5,5,5,15
7379,16,11,60628.41,4,5,5,14
7380,66,9,57155.979999999996,2,4,5,11
7381,13,6,42671.87,5,2,3,10
7382,28,5,28034.95,4,1,2,7
7383,15,6,19474.6,5,2,1,8
7384,57,6,34968.68,3,2,3,8
7385,20,7,37105.42,4,2,3,9
7386,37,6,30956.19,3,2,2,7
7387,14,14,77410.45999999999,5,5,5,15
7388,12,5,24202.989999999998,5,1,1,7
7389,33,8,45005.55,4,3,4,11
7390,109,6,39340.729999999996,2,2,3,7
7391,97,8,42933.380000000005,2,3,3,8
7392,47,8,49922.04,3,3,4,10
7393,26,11,47429.58,4,5,4,13
7394,59,4,24043.010000000002,3,1,1,5
7395,79,9,43001.95,2,4,3,9
7396,89,8,33088.7,2,3,2,7
7397,16,8,38409.73,4,3,3,10
7398,188,10,31166.4,1,4,2,7
7399,15,11,53367.05,5,5,4,14
7400,203,8,59165.159999999996,1,3,5,9
7401,55,10,46873.7,3,4,4,11
7402,4,13,97627.95,5,5,5,15
7403,30,12,62947.54,4,5,5,14
7404,7,7,26061.69,5,2,2,9
7405,13,12,49259.54,5,5,4,14
7406,115,8,49959.0,1,3,4,8
7407,41,7,27370.68,3,2,2,7
7408,38,8,41713.770000000004,3,3,3,9
7409,4,10,44675.86,5,4,4,13
7410,22,11,56159.25,4,5,4,13
7411,36,11,55645.82,3,5,4,12
7412,21,9,52472.53,4,4,4,12
7413,14,10,43924.97,5,4,3,12
7414,80,13,70868.19,2,5,5,12
7415,7,8,43058.82,5,3,3,11
7416,7,10,40421.06,5,4,3,12
7417,21,6,21586.86,4,2,1,7
7418,3,13,78861.69,5,5,5,15
7419,104,11,63019.899999999994,2,5,5,12
7420,38,8,35918.48,3,3,3,9
7421,246,2,10963.32,1,1,1,3
7422,100,5,26232.329999999998,2,1,2,5
7423,70,11,67636.14,2,5,5,12
7424,61,7,34765.86,3,2,2,7
7425,84,11,60795.04,2,5,5,12
7426,55,7,34024.36,3,2,2,7
7427,51,8,48018.86,3,3,4,10
7428,39,5,35529.399999999994,3,1,3,7
7429,5,11,55791.479999999996,5,5,4,14
7430,88,5,49624.3,2,1,4,7
7431,71,11,75156.38,2,5,5,12
7432,112,12,42118.32,1,5,3,9
7433,97,7,22330.6,2,2,1,5
7434,47,5,46196.94,3,1,4,8
7435,64,9,44229.89,2,4,3,9
7436,105,3,9236.39,2,1,1,4
7437,113,4,19871.37,1,1,1,3
7438,9,11,65105.13,5,5,5,15
7439,70,8,24571.86,2,3,1,6
7440,2,10,44507.41,5,4,3,12
7441,24,11,51848.24,4,5,4,13
7442,56,6,37661.01,3,2,3,8
7443,10,8,38193.03,5,3,3,11
7444,57,8,30874.63,3,3,2,8
7445,106,3,29456.67,2,1,2,5
7446,147,5,28894.02,1,1,2,4
7447,169,5,29307.32,1,1,2,4
7448,87,8,54037.7,2,3,4,9
7449,95,11,67973.49,2,5,5,12
7450,130,6,23958.47,1,2,1,4
7451,140,5,17319.41,1,1,1,3
7452,293,7,18873.03,1,2,1,4
7453,18,7,26067.29,4,2,2,8
7454,47,6,22415.55,3,2,1,6
7455,1,5,12398.23,5,1,1,7
7456,64,10,54083.34,2,4,4,10
7457,36,14,78913.66,3,5,5,13
7458,154,5,14378.26,1,1,1,3
7459,41,9,34666.79,3,4,2,9
7460,26,6,22634.33,4,2,1,7
7461,3,14,57907.28,5,5,5,15
7462,20,12,51087.75,4,5,4,13
7463,105,5,43289.72,2,1,3,6
7464,30,11,72101.89,4,5,5,14
7465,99,4,9128.43,2,1,1,4
7466,9,6,36513.45,5,2,3,10
7467,190,4,19834.6,1,1,1,3
7468,80,16,98928.28,2,5,5,12
7469,41,10,31327.39,3,4,2,9
7470,227,6,27881.95,1,2,2,5
7471,47,7,27189.52,3,2,2,7
7472,5,11,46527.78,5,5,4,14
7473,81,5,20468.79,2,1,1,4
7474,89,8,46235.43,2,3,4,9
7475,26,8,31277.12,4,3,2,9
7476,120,5,28970.84,1,1,2,4
7477,77,11,47828.7,2,5,4,11
7478,74,7,34007.83,2,2,2,6
7479,133,9,34999.35,1,4,3,8
7480,68,9,54925.729999999996,2,4,4,10
7481,37,11,71302.27,3,5,5,13
7482,354,4,17774.129999999997,1,1,1,3
7483,124,6,29107.059999999998,1,2,2,5
7484,47,7,25740.760000000002,3,2,2,7
7485,62,7,33226.93,3,2,2,7
7486,5,7,39336.44,5,2,3,10
7487,31,12,65810.25,4,5,5,14
7488,247,5,31885.489999999998,1,1,2,4
7489,4,11,55125.81,5,5,4,14
7490,31,9,34817.45,4,4,2,10
7491,2,9,54558.4,5,4,4,13
7492,25,13,79186.77,4,5,5,14
7493,32,7,23468.26,4,2,1,7
7494,26,10,68410.62,4,4,5,13
7495,77,8,40439.36,2,3,3,8
7496,102,12,91823.57,2,5,5,12
7497,126,12,41783.71,1,5,3,9
7498,48,10,65608.69,3,4,5,12
7499,30,7,54521.99,4,2,4,10
7500,22,12,94296.15,4,5,5,14
7501,23,7,31892.47,4,2,2,8
7502,93,7,39928.64,2,2,3,7
7503,78,3,14709.7,2,1,1,4
7504,34,7,21946.41,4,2,1,7
7505,102,5,25540.28,2,1,2,5
7506,38,6,19013.940000000002,3,2,1,6
7507,234,4,16855.14,1,1,1,3
7508,17,9,28200.4,4,4,2,10
7509,94,5,38976.21,2,1,3,6
7510,8,12,70930.61,5,5,5,15
7511,27,8,25765.4,4,3,2,9
7512,71,11,77981.43000000001,2,5,5,12
7513,69,5,33753.15,2,1,2,5
7514,56,7,52011.33,3,2,4,9
7515,94,5,22802.29,2,1,1,4
7516,41,11,59185.87,3,5,5,13
7517,166,8,35012.77,1,3,3,7
7518,17,3,13599.97,4,1,1,6
7519,130,12,89581.79000000001,1,5,5,11
7520,120,5,31576.5,1,1,2,4
7521,79,5,31590.589999999997,2,1,2,5
7522,11,7,15516.630000000001,5,2,1,8
7523,10,8,42457.53,5,3,3,11
7524,141,4,26573.52,1,1,2,4
7525,45,6,37335.04,3,2,3,8
7526,24,12,90536.91,4,5,5,14
7527,91,10,42377.07,2,4,3,9
7528,47,12,60475.020000000004,3,5,5,13
7529,153,7,42533.97,1,2,3,6
7530,29,10,59728.36,4,4,5,13
7531,230,8,26657.629999999997,1,3,2,6
7532,17,16,97509.01,4,5,5,14
7533,148,5,31688.910000000003,1,1,2,4
7534,55,11,54012.49,3,5,4,12
7535,38,9,53918.0,3,4,4,11
7536,7,10,54685.14,5,4,4,13
7537,24,9,29113.530000000002,4,4,2,10
7538,165,5,39350.380000000005,1,1,3,5
7539,53,4,6185.6900000000005,3,1,1,5
7540,75,7,49396.2,2,2,4,8
7541,95,6,30037.78,2,2,2,6
7542,72,8,43253.12,2,3,3,8
7543,133,4,32854.74,1,1,2,4
7544,139,5,28365.18,1,1,2,4
7545,51,5,48916.71,3,1,4,8
7546,284,2,13791.920000000002,1,1,1,3
7547,435,2,9516.05,1,1,1,3
7548,14,8,32442.33,5,3,2,10
7549,46,6,35590.34,3,2,3,8
7550,118,7,23522.26,1,2,1,4
7551,2,7,52496.68,5,2,4,11
7552,147,4,11786.0,1,1,1,3
7553,30,8,41410.63,4,3,3,10
7554,7,8,58979.97,5,3,5,13
7555,54,9,55221.18,3,4,4,11
7556,72,6,30014.27,2,2,2,6
7557,4,7,31717.85,5,2,2,9
7558,18,9,34712.88,4,4,2,10
7559,84,5,31051.760000000002,2,1,2,5
7560,22,9,25551.21,4,4,2,10
7561,103,5,37278.92,2,1,3,6
7562,236,4,32285.86,1,1,2,4
7563,37,8,28605.77,3,3,2,8
7564,202,9,36683.03,1,4,3,8
7565,35,8,40577.98,4,3,3,10
7566,101,12,64124.770000000004,2,5,5,12
7567,38,11,40703.729999999996,3,5,3,11
7568,2,16,57767.69,5,5,5,15
7569,115,9,73777.65000000001,1,4,5,10
7570,101,6,15783.29,2,2,1,5
7571,45,13,74886.01999999999,3,5,5,13
7572,36,12,84442.58,3,5,5,13
7573,13,12,53448.02,5,5,4,14
7574,71,4,27368.989999999998,2,1,2,5
7575,4,10,70712.2,5,4,5,14
7576,461,2,6226.9800000000005,1,1,1,3
7577,39,9,31149.88,3,4,2,9
7578,21,9,27650.420000000002,4,4,2,10
7579,89,6,28890.36,2,2,2,6
7580,27,7,40757.43,4,2,3,9
7581,28,11,61487.869999999995,4,5,5,14
7582,106,5,13440.939999999999,2,1,1,4
7583,160,9,72003.33,1,4,5,10
7584,3,8,23690.559999999998,5,3,1,9
7585,22,9,66944.05,4,4,5,13
7586,73,11,47697.93,2,5,4,11
7587,98,8,33474.64,2,3,2,7
7588,8,11,69292.8,5,5,5,15
7589,31,4,29860.5,4,1,2,7
7590,181,8,49739.94,1,3,4,8
7591,47,4,38187.51,3,1,3,7
7592,75,7,28002.2,2,2,2,6
7593,53,5,21384.629999999997,3,1,1,5
7594,29,6,30818.33,4,2,2,8
7595,37,7,31627.120000000003,3,2,2,7
7596,47,6,27844.82,3,2,2,7
7597,30,13,58996.39,4,5,5,14
7598,87,10,54473.69,2,4,4,10
7599,32,6,23106.739999999998,4,2,1,7
7600,114,5,24884.55,1,1,1,3
7601,10,9,42516.99,5,4,3,12
7602,64,9,34507.4,2,4,2,8
7603,2,9,27734.899999999998,5,4,2,11
7604,14,7,54056.23,5,2,4,11
7605,118,7,56190.36,1,2,4,7
7606,13,9,74697.66,5,4,5,14
7607,87,8,47740.520000000004,2,3,4,9
7608,22,10,33066.49,4,4,2,10
7609,11,15,103247.45,5,5,5,15
7610,68,5,40071.770000000004,2,1,3,6
7611,26,12,50613.03,4,5,4,13
7612,16,11,94626.34999999999,4,5,5,14
7613,21,9,27683.2,4,4,2,10
7614,132,13,84143.87,1,5,5,11
7615,122,8,50721.01,1,3,4,8
7616,87,10,63513.99,2,4,5,11
7617,35,7,32952.72,4,2,2,8
7618,36,9,31385.13,3,4,2,9
7619,46,6,26843.64,3,2,2,7
7620,89,6,36908.51,2,2,3,7
7621,131,6,29906.67,1,2,2,5
7622,22,6,28508.07,4,2,2,8
7623,31,13,67233.82,4,5,5,14
7624,10,8,22152.55,5,3,1,9
7625,70,5,13142.46,2,1,1,4
7626,4,3,36519.21,5,1,3,9
7627,25,11,55328.7,4,5,4,13
7628,58,10,25831.37,3,4,2,9
7629,89,10,35864.58,2,4,3,9
7630,184,11,62505.96,1,5,5,11
7631,30,7,40588.920000000006,4,2,3,9
7632,24,6,32801.58,4,2,2,8
7633,64,8,30706.39,2,3,2,7
7634,121,7,42012.05,1,2,3,6
7635,90,7,32434.48,2,2,2,6
7636,206,7,49066.53,1,2,4,7
7637,93,4,23956.46,2,1,1,4
7638,42,9,38007.479999999996,3,4,3,10
7639,39,12,60602.38,3,5,5,13
7640,1,8,41956.75,5,3,3,11
7641,6,8,34796.61,5,3,2,10
7642,39,7,38624.57,3,2,3,8
7643,13,12,80499.08,5,5,5,15
7644,4,7,37658.09,5,2,3,10
7645,29,8,28442.69,4,3,2,9
7646,15,6,32453.739999999998,5,2,2,9
7647,24,9,49080.3,4,4,4,12
7648,7,14,83106.99,5,5,5,15
7649,162,9,61864.68,1,4,5,10
7650,201,4,26921.89,1,1,2,4
7651,27,11,59881.84,4,5,5,14
7652,100,8,57358.82,2,3,5,10
7653,29,9,35093.880000000005,4,4,3,11
7654,50,9,23707.22,3,4,1,8
7655,15,9,29038.21,5,4,2,11
7656,75,6,39854.49,2,2,3,7
7657,19,5,31303.62,4,1,2,7
7658,12,13,92777.26000000001,5,5,5,15
7659,127,12,68093.65,1,5,5,11
7660,200,5,22421.59,1,1,1,3
7661,54,8,29241.14,3,3,2,8
7662,30,8,31223.85,4,3,2,9
7663,56,7,47059.479999999996,3,2,4,9
7664,12,6,50360.630000000005,5,2,4,11
7665,104,2,12311.75,2,1,1,4
7666,80,5,21235.15,2,1,1,4
7667,41,6,31151.25,3,2,2,7
7668,58,9,40125.65,3,4,3,10
7669,97,10,65570.28,2,4,5,11
7670,37,9,64610.26,3,4,5,12
7671,77,5,21661.54,2,1,1,4
7672,15,8,21742.77,5,3,1,9
7673,59,11,63376.75,3,5,5,13
7674,1,7,49371.54,5,2,4,11
7675,72,8,54456.68,2,3,4,9
7676,25,8,46788.340000000004,4,3,4,11
7677,30,8,36575.05,4,3,3,10
7678,28,10,38458.57,4,4,3,11
7679,16,7,47930.58,4,2,4,10
7680,5,4,17254.55,5,1,1,7
7681,148,4,26071.690000000002,1,1,2,4
7682,67,11,60803.759999999995,2,5,5,12
7683,2,9,43369.36,5,4,3,12
7684,4,10,75843.32,5,4,5,14
7685,247,5,38215.950000000004,1,1,3,5
7686,42,9,42120.689999999995,3,4,3,10
7687,19,9,23212.14,4,4,1,9
7688,108,3,9087.05,2,1,1,4
7689,14,8,51051.9,5,3,4,12
7690,26,7,24848.379999999997,4,2,1,7
7691,31,11,74390.27,4,5,5,14
7692,8,15,48106.520000000004,5,5,4,14
7693,257,6,44443.9,1,2,3,6
7694,154,7,18666.07,1,2,1,4
7695,153,12,68974.28,1,5,5,11
7696,38,10,29054.81,3,4,2,9
7697,75,9,29698.89,2,4,2,8
7698,78,8,23798.62,2,3,1,6
7699,146,5,46049.26,1,1,4,6
7700,62,8,33096.42,3,3,2,8
7701,36,12,64101.88,3,5,5,13
7702,55,9,42765.369999999995,3,4,3,10
7703,352,4,27469.120000000003,1,1,2,4
7704,51,12,74809.93,3,5,5,13
7705,48,8,35122.51,3,3,3,9
7706,29,6,30164.39,4,2,2,8
7707,4,9,27802.02,5,4,2,11
7708,18,16,95583.22,4,5,5,14
7709,109,10,46177.84,2,4,4,10
7710,51,8,71231.14,3,3,5,11
7711,156,7,19697.97,1,2,1,4
7712,122,12,82220.43,1,5,5,11
7713,13,13,56472.46,5,5,4,14
7714,8,7,22384.33,5,2,1,8
7715,1,7,39496.86,5,2,3,10
7716,10,15,75126.86,5,5,5,15
7717,52,8,42433.2,3,3,3,9
7718,88,3,10518.34,2,1,1,4
7719,25,6,34247.18,4,2,2,8
7720,42,12,85415.70999999999,3,5,5,13
7721,68,9,48042.15,2,4,4,10
7722,23,7,35767.57,4,2,3,9
7723,5,7,56469.770000000004,5,2,4,11
7724,96,6,29717.97,2,2,2,6
7725,113,6,24120.52,1,2,1,4
7726,150,17,73371.71,1,5,5,11
7727,2,6,25841.489999999998,5,2,2,9
7728,6,10,60432.21,5,4,5,14
7729,247,5,34858.77,1,1,2,4
7730,13,8,34030.02,5,3,2,10
7731,6,7,26002.51,5,2,2,9
7732,9,9,45660.840000000004,5,4,4,13
7733,63,6,48531.990000000005,2,2,4,8
7734,63,7,63816.200000000004,2,2,5,9
7735,89,7,22358.56,2,2,1,5
7736,63,3,8212.21,2,1,1,4
7737,65,9,39900.619999999995,2,4,3,9
7738,103,4,20586.8,2,1,1,4
7739,122,5,17131.31,1,1,1,3
7740,24,11,45300.5,4,5,4,13
7741,5,11,58494.479999999996,5,5,5,15
7742,42,5,27612.949999999997,3,1,2,6
7743,36,12,63706.27,3,5,5,13
7744,87,7,34443.520000000004,2,2,2,6
7745,84,9,44849.92,2,4,4,10
7746,107,6,10963.45,2,2,1,5
7747,87,9,62501.43,2,4,5,11
7748,60,5,13334.61,3,1,1,5
7749,81,4,8102.88,2,1,1,4
7750,10,7,26206.97,5,2,2,9
7751,54,6,37548.39,3,2,3,8
7752,138,5,20924.29,1,1,1,3
7753,67,9,30320.54,2,4,2,8
7754,7,16,74873.42,5,5,5,15
7755,9,13,53842.01,5,5,4,14
7756,1,5,19530.55,5,1,1,7
7757,60,6,19796.57,3,2,1,6
7758,124,9,62076.78999999999,1,4,5,10
7759,16,6,27919.78,4,2,2,8
7760,69,11,54280.57,2,5,4,11
7761,19,12,67364.88,4,5,5,14
7762,96,2,1319.96,2,1,1,4
7763,55,6,36848.200000000004,3,2,3,8
7764,233,6,35832.06,1,2,3,6
7765,95,5,26052.27,2,1,2,5
7766,16,12,60698.369999999995,4,5,5,14
7767,185,5,17880.51,1,1,1,3
7768,53,9,54295.37,3,4,4,11
7769,79,6,20573.29,2,2,1,5
7770,257,10,39949.11,1,4,3,8
7771,148,7,44301.31,1,2,3,6
7772,41,6,26114.559999999998,3,2,2,7
7773,99,4,14589.699999999999,2,1,1,4
7774,86,7,30260.47,2,2,2,6
7775,55,4,10204.220000000001,3,1,1,5
7776,52,13,55154.22,3,5,4,12
7777,27,11,63818.18,4,5,5,14
7778,6,11,54228.86,5,5,4,14
7779,256,5,20591.33,1,1,1,3
7780,96,7,34712.94,2,2,2,6
7781,468,2,4185.91,1,1,1,3
7782,95,7,27177.71,2,2,2,6
7783,71,9,48025.26,2,4,4,10
7784,36,8,46163.89,3,3,4,10
7785,55,11,48141.18,3,5,4,12
7786,7,13,57135.36,5,5,5,15
7787,41,7,40542.87,3,2,3,8
7788,78,9,44774.8,2,4,4,10
7789,164,5,19755.37,1,1,1,3
7790,140,5,34837.96,1,1,2,4
7791,69,6,17246.82,2,2,1,5
7792,11,7,40750.200000000004,5,2,3,10
7793,24,8,32415.71,4,3,2,9
7794,54,13,65413.32,3,5,5,13
7795,71,6,20546.510000000002,2,2,1,5
7796,79,11,42976.1,2,5,3,10
7797,4,7,20678.289999999997,5,2,1,8
7798,11,14,122922.24,5,5,5,15
7799,48,7,30853.95,3,2,2,7
7800,4,16,65980.84,5,5,5,15
7801,192,6,27514.260000000002,1,2,2,5
7802,2,14,66442.83,5,5,5,15
7803,28,8,38155.96,4,3,3,10
7804,43,13,48418.340000000004,3,5,4,12
7805,2,10,58528.31,5,4,5,14
7806,40,11,80382.01,3,5,5,13
7807,132,6,36924.27,1,2,3,6
7808,242,5,25087.52,1,1,1,3
7809,7,11,32826.48,5,5,2,12
7810,115,11,41339.92,1,5,3,9
7811,6,9,21657.75,5,4,1,10
7812,39,6,29591.260000000002,3,2,2,7
7813,96,10,48586.17,2,4,4,10
7814,44,11,49143.73,3,5,4,12
7815,35,6,38713.34,4,2,3,9
7816,9,10,42981.64,5,4,3,12
7817,69,4,17182.28,2,1,1,4
7818,66,7,37646.58,2,2,3,7
7819,15,10,69965.78,5,4,5,14
7820,106,12,60149.75,2,5,5,12
7821,30,9,54087.69,4,4,4,12
7822,74,9,71325.61,2,4,5,11
7823,2,8,38827.52,5,3,3,11
7824,35,8,43860.99,4,3,3,10
7825,13,7,46133.369999999995,5,2,4,11
7826,9,5,13758.68,5,1,1,7
7827,106,6,16037.47,2,2,1,5
7828,61,11,62009.27,3,5,5,13
7829,92,8,52868.01,2,3,4,9
7830,142,10,44870.13,1,4,4,9
7831,39,13,58231.380000000005,3,5,5,13
7832,86,9,20898.760000000002,2,4,1,7
7833,63,11,61717.82,2,5,5,12
7834,42,16,86823.3,3,5,5,13
7835,1,9,32572.64,5,4,2,11
7836,62,8,32221.38,3,3,2,8
7837,55,10,40607.99,3,4,3,10
7838,170,6,31135.420000000002,1,2,2,5
7839,20,6,42679.54,4,2,3,9
7840,189,11,74643.07,1,5,5,11
7841,147,7,16238.82,1,2,1,4
7842,102,6,64963.8,2,2,5,9
7843,22,13,78062.57,4,5,5,14
7844,29,8,40715.87,4,3,3,10
7845,83,11,56034.43,2,5,4,11
7846,6,9,65370.78,5,4,5,14
7847,99,6,27195.260000000002,2,2,2,6
7848,29,7,44288.7,4,2,3,9
7849,16,6,43633.55,4,2,3,9
7850,45,12,50260.81,3,5,4,12
7851,38,11,62193.0,3,5,5,13
7852,238,8,33505.270000000004,1,3,2,6
7853,6,6,16542.45,5,2,1,8
7854,87,10,89643.81999999999,2,4,5,11
7855,22,10,46834.21,4,4,4,12
7856,20,11,86964.6,4,5,5,14
7857,56,10,85673.87,3,4,5,12
7858,5,5,35848.909999999996,5,1,3,9
7859,15,9,68078.11,5,4,5,14
7860,13,7,41200.79,5,2,3,10
7861,69,4,22157.120000000003,2,1,1,4
7862,64,10,53831.66,2,4,4,10
7863,249,7,64905.11,1,2,5,8
7864,174,6,63524.75,1,2,5,8
7865,355,2,1041.35,1,1,1,3
7866,14,9,52709.59,5,4,4,13
7867,93,6,12011.560000000001,2,2,1,5
7868,79,10,49299.61,2,4,4,10
7869,58,7,23068.25,3,2,1,6
7870,75,7,62277.25,2,2,5,9
7871,43,6,30108.780000000002,3,2,2,7
7872,80,8,41654.25,2,3,3,8
7873,109,5,25649.16,2,1,2,5
7874,8,13,61305.600000000006,5,5,5,15
7875,118,8,42900.22,1,3,3,7
7876,139,9,37281.46,1,4,3,8
7877,39,11,80427.77,3,5,5,13
7878,96,15,90612.73,2,5,5,12
7879,28,8,35954.65,4,3,3,10
7880,21,9,34131.54,4,4,2,10
7881,1,6,44733.57,5,2,4,11
7882,86,8,29007.989999999998,2,3,2,7
7883,134,8,71504.09,1,3,5,9
7884,13,10,72132.8,5,4,5,14
7885,147,5,15800.31,1,1,1,3
7886,5,9,54657.2,5,4,4,13
7887,66,5,27278.93,2,1,2,5
7888,29,6,22235.61,4,2,1,7
7889,145,10,27716.010000000002,1,4,2,7
7890,28,8,26567.39,4,3,2,9
7891,18,15,60496.18,4,5,5,14
7892,68,6,40015.86,2,2,3,7
7893,7,11,51601.78,5,5,4,14
7894,27,7,34568.67,4,2,2,8
7895,82,12,63738.6,2,5,5,12
7896,79,6,24332.99,2,2,1,5
7897,58,3,16789.300000000003,3,1,1,5
7898,30,10,48871.53,4,4,4,12
7899,52,10,30730.72,3,4,2,9
7900,43,6,37522.99,3,2,3,8
7901,69,12,89172.15,2,5,5,12
7902,25,10,63002.05,4,4,5,13
7903,123,10,55559.04,1,4,4,9
7904,24,7,20363.42,4,2,1,7
7905,72,6,24747.71,2,2,1,5
7906,18,9,40197.509999999995,4,4,3,11
7907,67,4,24860.059999999998,2,1,1,4
7908,138,5,32602.879999999997,1,1,2,4
7909,5,3,7167.82,5,1,1,7
7910,199,8,45427.29,1,3,4,8
7911,9,12,79579.83,5,5,5,15
7912,29,12,75178.93,4,5,5,14
7913,59,12,71871.17,3,5,5,13
7914,46,4,32181.1,3,1,2,6
7915,55,10,51375.729999999996,3,4,4,11
7916,44,6,34916.24,3,2,3,8
7917,80,13,43953.689999999995,2,5,3,10
7918,74,7,57950.2,2,2,5,9
7919,415,4,18306.3,1,1,1,3
7920,37,6,44369.8,3,2,3,8
7921,6,7,71807.88,5,2,5,12
7922,22,7,28118.98,4,2,2,8
7923,29,9,53929.44,4,4,4,12
7924,32,10,46718.85,4,4,4,12
7925,26,9,68780.72,4,4,5,13
7926,28,4,20261.29,4,1,1,6
7927,187,7,35797.97,1,2,3,6
7928,51,8,26796.46,3,3,2,8
7929,9,10,55498.56,5,4,4,13
7930,28,7,39507.880000000005,4,2,3,9
7931,72,5,9142.44,2,1,1,4
7932,219,5,21081.0,1,1,1,3
7933,54,7,36800.65,3,2,3,8
7934,171,5,49797.49,1,1,4,6
7935,126,11,43489.83,1,5,3,9
7936,4,5,26852.81,5,1,2,8
7937,169,6,21819.6,1,2,1,4
7938,73,4,20308.28,2,1,1,4
7939,94,9,31033.62,2,4,2,8
7940,94,7,50069.74,2,2,4,8
7941,27,7,53738.46,4,2,4,10
7942,29,14,96397.12,4,5,5,14
7943,2,7,43492.090000000004,5,2,3,10
7944,3,13,46600.77,5,5,4,14
7945,50,7,40280.509999999995,3,2,3,8
7946,30,8,45220.909999999996,4,3,4,11
7947,67,3,19440.809999999998,2,1,1,4
7948,188,5,35522.15,1,1,3,5
7949,45,9,44345.38,3,4,3,10
7950,77,5,26526.44,2,1,2,5
7951,71,11,65747.56,2,5,5,12
7952,57,5,9587.220000000001,3,1,1,5
7953,67,14,63443.15,2,5,5,12
7954,53,9,53773.76,3,4,4,11
7955,15,9,52427.96,5,4,4,13
7956,6,8,24587.550000000003,5,3,1,9
7957,28,11,73661.72,4,5,5,14
7958,70,9,37557.39,2,4,3,9
7959,2,11,73627.13,5,5,5,15
7960,142,10,29914.22,1,4,2,7
7961,8,12,54998.47,5,5,4,14
7962,112,3,18793.32,1,1,1,3
7963,39,9,48117.17,3,4,4,11
7964,11,9,47502.75,5,4,4,13
7965,25,9,44285.96,4,4,3,11
7966,100,10,34901.83,2,4,3,9
7967,61,8,49329.68,3,3,4,10
7968,52,5,18900.78,3,1,1,5
7969,43,15,80691.14,3,5,5,13
7970,5,5,40026.72,5,1,3,9
7971,6,13,45061.14,5,5,4,14
7972,22,11,61421.75,4,5,5,14
7973,56,8,33603.97,3,3,2,8
7974,5,7,58251.3,5,2,5,12
7975,18,10,62208.63,4,4,5,13
7976,4,13,68105.09,5,5,5,15
7977,41,9,68767.27,3,4,5,12
7978,6,11,65019.130000000005,5,5,5,15
7979,14,11,86619.66,5,5,5,15
7980,108,5,18771.1,2,1,1,4
7981,57,11,56949.81,3,5,4,12
7982,11,12,49126.130000000005,5,5,4,14
7983,298,3,16716.7,1,1,1,3
7984,271,6,15399.289999999999,1,2,1,4
7985,14,11,78605.07,5,5,5,15
7986,102,6,35097.75,2,2,3,7
7987,12,9,42322.77,5,4,3,12
7988,64,7,22818.31,2,2,1,5
7989,18,11,65623.27,4,5,5,14
7990,8,9,44893.65,5,4,4,13
7991,59,7,38932.78,3,2,3,8
7992,81,6,54704.18,2,2,4,8
7993,96,11,40541.75,2,5,3,10
7994,107,8,44596.32,2,3,4,9
7995,80,4,10633.34,2,1,1,4
7996,32,7,51820.32,4,2,4,10
7997,124,5,21249.16,1,1,1,3
7998,51,7,29510.08,3,2,2,7
7999,16,8,39844.39,4,3,3,10
8000,10,18,99678.04000000001,5,5,5,15
8001,78,9,84627.19,2,4,5,11
8002,25,14,54991.99,4,5,4,13
8003,109,5,34067.840000000004,2,1,2,5
8004,26,6,27979.92,4,2,2,8
8005,241,2,10596.33,1,1,1,3
8006,277,3,9801.27,1,1,1,3
8007,10,5,37503.59,5,1,3,9
8008,25,9,46580.86,4,4,4,12
8009,57,2,1309.39,3,1,1,5
8010,111,9,37552.47,1,4,3,8
8011,36,11,42368.149999999994,3,5,3,11
8012,112,6,23581.34,1,2,1,4
8013,3,10,49557.35,5,4,4,13
8014,63,9,42179.75,2,4,3,9
8015,27,6,38441.14,4,2,3,9
8016,9,12,48635.68,5,5,4,14
8017,16,9,46267.54,4,4,4,12
8018,6,5,27021.0,5,1,2,8
8019,4,9,63613.91,5,4,5,14
8020,31,10,72907.09,4,4,5,13
8021,1,7,46997.88,5,2,4,11
8022,104,9,31120.41,2,4,2,8
8023,48,5,13284.650000000001,3,1,1,5
8024,22,13,66160.27,4,5,5,14
8025,92,6,35560.57,2,2,3,7
8026,66,10,58945.41,2,4,5,11
8027,26,5,34664.8,4,1,2,7
8028,38,8,39275.1,3,3,3,9
8029,41,8,49283.49,3,3,4,10
8030,38,6,32033.749999999996,3,2,2,7
8031,64,9,38146.99,2,4,3,9
8032,16,10,53249.38,4,4,4,12
8033,49,4,18630.010000000002,3,1,1,5
8034,7,4,14496.18,5,1,1,7
8035,50,6,12634.31,3,2,1,6
8036,120,9,42945.96,1,4,3,8
8037,122,9,39104.16,1,4,3,8
8038,158,9,27310.35,1,4,2,7
8039,33,9,62063.43,4,4,5,13
8040,143,7,17439.74,1,2,1,4
8041,181,6,20653.35,1,2,1,4
8042,158,4,15478.419999999998,1,1,1,3
8043,81,7,23137.21,2,2,1,5
8044,211,9,50811.520000000004,1,4,4,9
8045,47,11,70302.31999999999,3,5,5,13
8046,22,10,33406.17,4,4,2,10
8047,29,6,24354.27,4,2,1,7
8048,18,13,42868.4,4,5,3,12
8049,128,8,41585.67,1,3,3,7
8050,65,8,50776.73,2,3,4,9
8051,56,6,30025.65,3,2,2,7
8052,38,8,36737.56,3,3,3,9
8053,435,4,15577.29,1,1,1,3
8054,105,10,37692.97,2,4,3,9
8055,11,5,17037.44,5,1,1,7
8056,5,1,8576.49,5,1,1,7
8057,31,7,48327.44,4,2,4,10
8058,59,12,43075.27,3,5,3,11
8059,44,8,53934.61,3,3,4,10
8060,141,7,17491.67,1,2,1,4
8061,126,11,85838.57,1,5,5,11
8062,109,13,77910.83,2,5,5,12
8063,164,8,40672.97,1,3,3,7
8064,226,5,16310.589999999998,1,1,1,3
8065,181,6,3944.36,1,2,1,4
8066,118,5,26336.730000000003,1,1,2,4
8067,173,6,36902.58,1,2,3,6
8068,56,8,34392.66,3,3,2,8
8069,14,8,51221.69,5,3,4,12
8070,133,8,32957.6,1,3,2,6
8071,16,9,56840.44,4,4,4,12
8072,111,7,47494.18,1,2,4,7
8073,13,11,71936.06999999999,5,5,5,15
8074,83,6,27728.73,2,2,2,6
8075,24,13,63183.1,4,5,5,14
8076,123,6,33963.73,1,2,2,5
8077,3,9,38896.7,5,4,3,12
8078,8,7,34672.11,5,2,2,9
8079,17,10,25586.81,4,4,2,10
8080,52,8,53728.729999999996,3,3,4,10
8081,6,15,69686.56999999999,5,5,5,15
8082,68,5,30607.329999999998,2,1,2,5
8083,42,7,58433.97,3,2,5,10
8084,42,11,47184.15,3,5,4,12
8085,61,4,13730.330000000002,3,1,1,5
8086,37,7,24253.56,3,2,1,6
8087,46,8,55196.82,3,3,4,10
8088,36,8,47806.08,3,3,4,10
8089,17,15,71014.70999999999,4,5,5,14
8090,113,9,21178.48,1,4,1,6
8091,53,3,6245.139999999999,3,1,1,5
8092,45,7,13724.699999999999,3,2,1,6
8093,181,9,42174.01,1,4,3,8
8094,56,7,57209.3,3,2,5,10
8095,19,3,9361.9,4,1,1,6
8096,82,5,34254.22,2,1,2,5
8097,1,11,60620.090000000004,5,5,5,15
8098,19,12,54936.600000000006,4,5,4,13
8100,270,7,31485.559999999998,1,2,2,5
8101,72,9,30987.88,2,4,2,8
8102,12,12,55645.18,5,5,4,14
8103,134,5,39142.23,1,1,3,5
8104,83,11,38235.03,2,5,3,10
8105,57,11,68458.59,3,5,5,13
8106,26,11,49222.12,4,5,4,13
8107,100,8,67767.02,2,3,5,10
8108,62,7,9953.130000000001,3,2,1,6
8109,162,8,53399.0,1,3,4,8
8110,24,8,20586.2,4,3,1,8
8111,161,6,29231.420000000002,1,2,2,5
8112,67,8,26625.98,2,3,2,7
8113,22,13,46075.26,4,5,4,13
8114,57,6,28974.28,3,2,2,7
8115,24,10,46519.73,4,4,4,12
8116,75,11,68766.94,2,5,5,12
8117,58,7,26481.66,3,2,2,7
8118,27,10,51315.91,4,4,4,12
8119,84,6,16228.02,2,2,1,5
8120,78,6,22233.989999999998,2,2,1,5
8121,30,6,27036.780000000002,4,2,2,8
8122,24,9,47160.3,4,4,4,12
8123,150,10,35035.86,1,4,3,8
8124,16,5,31647.5,4,1,2,7
8125,65,4,15839.24,2,1,1,4
8126,39,9,20097.370000000003,3,4,1,8
8127,127,8,27659.379999999997,1,3,2,6
8128,31,9,42912.61,4,4,3,11
8129,1,10,53471.41,5,4,4,13
8130,26,9,36383.81,4,4,3,11
8131,5,10,69849.55,5,4,5,14
8132,87,7,21910.71,2,2,1,5
8133,47,5,25144.31,3,1,1,5
8134,177,9,32502.53,1,4,2,7
8135,245,9,53629.82,1,4,4,9
8136,87,9,55954.99,2,4,4,10
8137,10,17,85429.77,5,5,5,15
8138,26,10,60464.43,4,4,5,13
8139,115,8,36559.28,1,3,3,7
8140,128,10,30537.91,1,4,2,7
8141,82,5,25112.67,2,1,1,4
8142,14,8,52635.95,5,3,4,12
8143,74,4,16020.01,2,1,1,4
8144,22,4,27894.27,4,1,2,7
8145,63,7,24660.670000000002,2,2,1,5
8146,7,8,39991.05,5,3,3,11
8147,13,16,91594.82,5,5,5,15
8148,175,6,14321.7,1,2,1,4
8149,74,6,48863.43,2,2,4,8
8150,36,8,33619.22,3,3,2,8
8151,53,11,55142.01,3,5,4,12
8152,214,4,18321.829999999998,1,1,1,3
8153,145,7,35583.21,1,2,3,6
8154,17,9,34229.33,4,4,2,10
8155,151,4,14634.35,1,1,1,3
8156,36,5,7836.12,3,1,1,5
8157,8,11,50040.97,5,5,4,14
8158,75,4,8669.17,2,1,1,4
8159,170,3,6267.54,1,1,1,3
8160,83,11,108350.05,2,5,5,12
8161,39,10,42708.12,3,4,3,10
8162,46,7,31769.09,3,2,2,7
8163,65,8,53972.42,2,3,4,9
8164,159,8,56917.689999999995,1,3,4,8
8165,1,10,48483.770000000004,5,4,4,13
8166,6,12,42512.85,5,5,3,13
8167,83,6,20896.32,2,2,1,5
8168,16,8,40968.47,4,3,3,10
8169,15,9,55349.97,5,4,4,13
8170,95,4,23967.18,2,1,1,4
8171,145,8,47582.74,1,3,4,8
8172,6,14,72807.12,5,5,5,15
8173,66,11,65430.12,2,5,5,12
8174,91,12,72357.79,2,5,5,12
8175,45,13,48963.62,3,5,4,12
8176,16,11,52274.979999999996,4,5,4,13
8177,67,6,23189.56,2,2,1,5
8178,3,4,22423.1,5,1,1,7
8179,28,4,32393.9,4,1,2,7
8180,7,7,21235.83,5,2,1,8
8181,30,14,78190.01,4,5,5,14
8182,4,6,33745.36,5,2,2,9
8183,451,3,16364.5,1,1,1,3
8184,177,10,69257.94,1,4,5,10
8185,8,6,32445.54,5,2,2,9
8186,48,6,31821.56,3,2,2,7
8187,24,5,18347.260000000002,4,1,1,6
8188,89,4,17132.0,2,1,1,4
8189,52,7,54428.200000000004,3,2,4,9
8190,12,12,94931.65000000001,5,5,5,15
8191,97,6,34897.979999999996,2,2,3,7
8192,37,6,33016.990000000005,3,2,2,7
8193,193,5,15387.02,1,1,1,3
8194,13,10,47357.08,5,4,4,13
8195,27,5,26258.49,4,1,2,7
8196,60,5,47896.130000000005,3,1,4,8
8197,10,6,33139.3,5,2,2,9
8198,32,11,61545.35,4,5,5,14
8199,19,6,20428.81,4,2,1,7
8200,186,5,23234.16,1,1,1,3
8201,66,7,63318.89,2,2,5,9
8202,17,8,21304.7,4,3,1,8
8203,19,6,13846.65,4,2,1,7
8204,134,4,20284.34,1,1,1,3
8205,10,15,75036.2,5,5,5,15
8206,33,9,52779.369999999995,4,4,4,12
8207,9,13,55725.51,5,5,4,14
8208,40,8,54238.65,3,3,4,10
8209,7,6,26781.38,5,2,2,9
8210,24,5,20715.46,4,1,1,6
8211,20,12,74846.44,4,5,5,14
8212,106,7,28899.65,2,2,2,6
8213,68,3,17641.42,2,1,1,4
8214,10,9,50633.93,5,4,4,13
8215,42,6,22940.56,3,2,1,6
8216,10,6,21745.23,5,2,1,8
8217,14,4,3012.35,5,1,1,7
8218,8,13,49152.94,5,5,4,14
8219,75,8,71023.3,2,3,5,10
8220,72,9,41840.61,2,4,3,9
8221,21,10,56721.759999999995,4,4,4,12
8222,17,13,58669.3,4,5,5,14
8223,58,13,52807.57,3,5,4,12
8224,98,5,18853.010000000002,2,1,1,4
8225,150,10,52179.39,1,4,4,9
8226,47,3,15799.779999999999,3,1,1,5
8227,194,10,70232.68000000001,1,4,5,10
8228,254,7,36607.72,1,2,3,6
8229,43,7,46286.81,3,2,4,9
8230,382,2,6798.4,1,1,1,3
8231,68,6,40234.93,2,2,3,7
8232,38,17,79604.28,3,5,5,13
8233,82,8,69880.2,2,3,5,10
8234,6,8,55909.76,5,3,4,12
8235,64,4,15796.85,2,1,1,4
8236,244,9,41296.0,1,4,3,8
8237,126,6,29348.719999999998,1,2,2,5
8238,103,11,50057.1,2,5,4,11
8239,94,9,47468.09,2,4,4,10
8240,143,9,37629.98,1,4,3,8
8241,197,5,19228.739999999998,1,1,1,3
8242,67,6,49001.73,2,2,4,8
8243,99,6,20723.809999999998,2,2,1,5
8244,316,4,14964.099999999999,1,1,1,3
8245,94,6,23002.719999999998,2,2,1,5
8246,157,9,62453.9,1,4,5,10
8247,131,6,48992.090000000004,1,2,4,7
8248,95,7,47832.41,2,2,4,8
8249,64,7,34321.37,2,2,2,6
8250,14,7,45845.79,5,2,4,11
8251,134,6,34936.58,1,2,3,6
8252,114,4,21600.1,1,1,1,3
8253,69,6,31535.23,2,2,2,6
8254,20,7,59253.91,4,2,5,11
8255,87,8,28939.41,2,3,2,7
8256,48,7,23204.329999999998,3,2,1,6
8257,33,11,59533.0,4,5,5,14
8258,19,6,22167.67,4,2,1,7
8259,36,10,65992.59,3,4,5,12
8260,7,12,73875.45,5,5,5,15
8261,11,6,25786.309999999998,5,2,2,9
8262,67,6,31063.96,2,2,2,6
8263,40,17,64476.33,3,5,5,13
8264,59,5,34786.09,3,1,2,6
8265,47,8,37766.66,3,3,3,9
8266,180,8,39994.46,1,3,3,7
8267,35,7,39509.07,4,2,3,9
8268,51,6,12207.51,3,2,1,6
8269,5,17,99325.1,5,5,5,15
8270,49,7,29482.010000000002,3,2,2,7
8271,210,8,27606.43,1,3,2,6
8272,15,11,42062.1,5,5,3,13
8273,17,9,64108.56,4,4,5,13
8274,112,5,11704.15,1,1,1,3
8275,2,13,65113.7,5,5,5,15
8276,78,8,48336.41,2,3,4,9
8277,13,11,71998.3,5,5,5,15
8278,1,9,40306.87,5,4,3,12
8279,47,4,32237.75,3,1,2,6
8280,14,7,43476.99,5,2,3,10
8281,12,9,38859.71,5,4,3,12
8282,119,4,11610.25,1,1,1,3
8283,175,5,39286.62,1,1,3,5
8284,74,16,87123.43,2,5,5,12
8285,243,7,51942.57,1,2,4,7
8286,2,8,52621.97,5,3,4,12
8287,97,5,41900.33,2,1,3,6
8288,329,3,18886.05,1,1,1,3
8289,29,8,52269.71,4,3,4,11
8290,27,9,47037.08,4,4,4,12
8291,81,6,32763.829999999998,2,2,2,6
8292,18,11,54305.259999999995,4,5,4,13
8293,113,8,54069.39000000001,1,3,4,8
8294,143,5,28940.7,1,1,2,4
8295,96,9,41651.07,2,4,3,9
8296,191,3,11425.380000000001,1,1,1,3
8297,130,6,18933.260000000002,1,2,1,4
8298,4,12,61454.34,5,5,5,15
8299,166,13,58226.9,1,5,5,11
8300,54,7,37607.79,3,2,3,8
8301,76,5,24261.55,2,1,1,4
8302,12,5,17283.06,5,1,1,7
8303,8,13,65517.78,5,5,5,15
8304,384,4,11371.44,1,1,1,3
8305,253,5,27059.620000000003,1,1,2,4
8306,69,5,15248.64,2,1,1,4
8307,3,13,93695.45,5,5,5,15
8308,72,8,25086.26,2,3,1,6
8309,157,8,22683.93,1,3,1,5
8310,27,8,53056.55,4,3,4,11
8311,37,6,40844.31,3,2,3,8
8312,2,8,40659.68,5,3,3,11
8313,56,8,51448.64,3,3,4,10
8314,49,8,54172.740000000005,3,3,4,10
8315,36,9,56800.27,3,4,4,11
8316,225,1,2519.53,1,1,1,3
8317,18,10,55279.56,4,4,4,12
8318,159,4,32983.520000000004,1,1,2,4
8319,64,6,24127.76,2,2,1,5
8320,21,11,71888.91,4,5,5,14
8321,30,10,75909.2,4,4,5,13
8322,117,5,24274.71,1,1,1,3
8323,71,12,55575.97,2,5,4,11
8324,112,6,37724.19,1,2,3,6
8325,17,13,52571.049999999996,4,5,4,13
8326,150,7,37111.25,1,2,3,6
8327,106,6,22844.88,2,2,1,5
8328,1,12,55149.13,5,5,4,14
8329,6,13,59529.59,5,5,5,15
8330,132,11,41462.13,1,5,3,9
8331,106,4,27018.879999999997,2,1,2,5
8332,66,8,45381.71,2,3,4,9
8333,134,5,40174.19,1,1,3,5
8334,48,6,22197.690000000002,3,2,1,6
8335,148,4,36078.71,1,1,3,5
8336,50,11,65664.16,3,5,5,13
8337,4,3,20246.54,5,1,1,7
8338,49,9,55098.87,3,4,4,11
8339,97,7,33555.92,2,2,2,6
8340,102,6,33628.02,2,2,2,6
8341,37,9,33143.28,3,4,2,9
8342,4,8,29134.89,5,3,2,10
8343,217,7,47643.28,1,2,4,7
8344,70,5,23784.8,2,1,1,4
8345,46,9,45621.19,3,4,4,11
8346,56,9,41271.73,3,4,3,10
8347,20,10,55972.79,4,4,4,12
8348,58,7,43003.09,3,2,3,8
8349,91,5,5429.74,2,1,1,4
8350,93,9,48651.53,2,4,4,10
8351,70,3,8705.4,2,1,1,4
8352,17,9,71094.45,4,4,5,13
8353,108,4,15706.050000000001,2,1,1,4
8354,5,12,58323.520000000004,5,5,5,15
8355,93,10,57283.64,2,4,5,11
8356,25,7,38151.67,4,2,3,9
8357,180,8,35748.240000000005,1,3,3,7
8358,69,6,50097.64,2,2,4,8
8359,98,7,45920.01,2,2,4,8
8360,131,4,19660.11,1,1,1,3
8361,73,6,45012.369999999995,2,2,4,8
8362,14,6,33342.32,5,2,2,9
8363,19,6,23877.3,4,2,1,7
8364,56,8,36712.4,3,3,3,9
8365,17,7,42457.1,4,2,3,9
8366,143,12,50910.97,1,5,4,10
8367,53,8,31158.68,3,3,2,8
8368,23,8,25493.37,4,3,2,9
8369,21,8,61106.310000000005,4,3,5,12
8370,423,2,13737.310000000001,1,1,1,3
8371,141,6,46288.729999999996,1,2,4,7
8372,39,4,16579.12,3,1,1,5
8373,8,6,29371.36,5,2,2,9
8374,85,13,52948.229999999996,2,5,4,11
8375,38,8,40282.520000000004,3,3,3,9
8376,53,14,75451.29000000001,3,5,5,13
8377,20,7,31734.59,4,2,2,8
8378,248,5,24207.92,1,1,1,3
8379,44,9,53426.82,3,4,4,11
8380,39,5,24732.28,3,1,1,5
8381,3,10,26871.489999999998,5,4,2,11
8382,91,9,62285.270000000004,2,4,5,11
8383,11,6,34473.31,5,2,2,9
8384,52,12,65139.74,3,5,5,13
8385,71,5,24014.1,2,1,1,4
8386,48,14,83283.49,3,5,5,13
8387,14,13,81286.08,5,5,5,15
8388,318,4,10959.01,1,1,1,3
8389,135,4,23870.16,1,1,1,3
8390,15,7,46126.29,5,2,4,11
8391,58,6,55492.68,3,2,4,9
8392,90,7,29298.65,2,2,2,6
8393,56,8,40035.56,3,3,3,9
8394,35,9,36762.200000000004,4,4,3,11
8395,66,10,53562.84,2,4,4,10
8396,181,9,49559.06,1,4,4,9
8397,184,6,11170.539999999999,1,2,1,4
8398,52,12,64894.22,3,5,5,13
8399,25,6,47928.77,4,2,4,10
8400,14,10,55884.840000000004,5,4,4,13
8401,72,12,53477.55,2,5,4,11
8402,4,12,60519.15,5,5,5,15
8403,138,4,9932.99,1,1,1,3
8404,39,6,23135.87,3,2,1,6
8405,27,8,20673.5,4,3,1,8
8406,6,16,86290.19,5,5,5,15
8407,20,6,52264.64,4,2,4,10
8408,77,8,55209.79,2,3,4,9
8409,23,11,29388.38,4,5,2,11
8410,13,7,30367.98,5,2,2,9
8411,206,4,23743.56,1,1,1,3
8412,117,9,31674.38,1,4,2,7
8413,32,9,59202.91,4,4,5,13
8414,78,11,29779.64,2,5,2,9
8415,87,5,14829.130000000001,2,1,1,4
8416,72,8,38294.83,2,3,3,8
8417,76,12,49343.4,2,5,4,11
8418,72,11,89286.26,2,5,5,12
8419,102,8,56998.75,2,3,5,10
8420,100,5,9817.08,2,1,1,4
8421,1,11,55149.15,5,5,4,14
8422,137,4,13668.49,1,1,1,3
8423,15,9,56580.45,5,4,4,13
8424,9,9,39890.28,5,4,3,12
8425,38,11,68322.75,3,5,5,13
8426,179,8,46132.42,1,3,4,8
8427,14,11,32239.28,5,5,2,12
8428,36,11,60304.33,3,5,5,13
8429,126,4,21399.7,1,1,1,3
8430,123,6,28673.51,1,2,2,5
8431,172,10,50690.78,1,4,4,9
8432,111,6,47395.77,1,2,4,7
8433,11,6,39681.729999999996,5,2,3,10
8434,5,6,25124.32,5,2,1,8
8435,195,6,31104.53,1,2,2,5
8436,137,8,49174.88,1,3,4,8
8437,3,11,53595.98,5,5,4,14
8438,13,6,19893.22,5,2,1,8
8439,27,7,20571.59,4,2,1,7
8440,11,7,26398.1,5,2,2,9
8441,52,7,39790.18,3,2,3,8
8442,185,6,34999.17,1,2,3,6
8443,19,7,16834.4,4,2,1,7
8444,16,11,85355.18,4,5,5,14
8445,104,4,9323.21,2,1,1,4
8446,164,3,23745.24,1,1,1,3
8447,33,10,65802.72,4,4,5,13
8448,155,6,41778.969999999994,1,2,3,6
8449,7,4,12794.140000000001,5,1,1,7
8450,38,9,32571.27,3,4,2,9
8451,57,10,56057.240000000005,3,4,4,11
8452,128,6,39523.270000000004,1,2,3,6
8453,145,10,47669.33,1,4,4,9
8454,14,6,22685.75,5,2,1,8
8455,23,10,64919.67,4,4,5,13
8456,15,9,43489.47,5,4,3,12
8457,22,11,35950.84,4,5,3,12
8458,207,12,64587.97,1,5,5,11
8459,91,6,39580.42,2,2,3,7
8460,39,7,51973.83,3,2,4,9
8461,144,6,16077.699999999999,1,2,1,4
8462,2,11,54007.23,5,5,4,14
8463,146,11,85799.22,1,5,5,11
8464,16,7,33370.58,4,2,2,8
8465,113,12,43252.38,1,5,3,9
8466,22,5,25041.710000000003,4,1,1,6
8467,37,6,9162.56,3,2,1,6
8468,25,10,58957.29,4,4,5,13
8469,467,2,18105.89,1,1,1,3
8470,38,6,13186.69,3,2,1,6
8471,86,8,71547.26,2,3,5,10
8472,80,6,23671.510000000002,2,2,1,5
8473,46,11,71646.33,3,5,5,13
8474,54,14,66118.95,3,5,5,13
8475,77,6,30500.760000000002,2,2,2,6
8476,7,10,81546.28,5,4,5,14
8477,68,6,27211.9,2,2,2,6
8478,62,7,52242.479999999996,3,2,4,9
8479,3,13,50550.68,5,5,4,14
8480,5,7,41853.09,5,2,3,10
8481,81,10,43649.76,2,4,3,9
8482,31,5,30824.54,4,1,2,7
8483,156,8,52136.47,1,3,4,8
8484,52,6,27188.629999999997,3,2,2,7
8485,52,8,49731.82,3,3,4,10
8486,2,10,45449.96,5,4,4,13
8487,52,12,66636.96,3,5,5,13
8488,8,9,49189.64,5,4,4,13
8489,109,6,30576.29,2,2,2,6
8490,54,6,32130.47,3,2,2,7
8491,209,5,31557.71,1,1,2,4
8492,25,15,52607.15,4,5,4,13
8493,2,11,45633.270000000004,5,5,4,14
8494,30,9,50219.65,4,4,4,12
8495,51,5,39038.37,3,1,3,7
8496,46,12,83203.0,3,5,5,13
8497,31,6,39476.55,4,2,3,9
8498,20,10,57809.37,4,4,5,13
8499,345,3,7909.49,1,1,1,3
8500,52,12,81584.55,3,5,5,13
8501,182,9,28798.949999999997,1,4,2,7
8502,29,11,61259.86,4,5,5,14
8503,70,9,41540.57,2,4,3,9
8504,36,12,34477.86,3,5,2,10
8505,161,5,25055.37,1,1,1,3
8506,33,10,55554.08,4,4,4,12
8507,5,9,40078.6,5,4,3,12
8508,2,10,63370.21,5,4,5,14
8509,17,8,22631.52,4,3,1,8
8510,17,6,24243.04,4,2,1,7
8511,45,10,72040.51,3,4,5,12
8512,2,7,23512.43,5,2,1,8
8513,7,8,29345.73,5,3,2,10
8514,59,8,26598.54,3,3,2,8
8515,49,6,22003.58,3,2,1,6
8516,11,7,48737.77,5,2,4,11
8517,35,5,34057.13,4,1,2,7
8518,110,4,22236.97,2,1,1,4
8519,102,3,18600.58,2,1,1,4
8520,139,7,19545.03,1,2,1,4
8521,9,7,51864.57,5,2,4,11
8522,5,6,20203.63,5,2,1,8
8523,37,13,85238.84,3,5,5,13
8524,37,9,60061.26,3,4,5,12
8525,19,6,33831.32,4,2,2,8
8526,16,10,35179.79,4,4,3,11
8527,130,10,33892.229999999996,1,4,2,7
8528,127,5,37732.979999999996,1,1,3,5
8529,2,9,41440.97,5,4,3,12
8530,46,7,21890.1,3,2,1,6
8531,63,5,28948.530000000002,2,1,2,5
8532,329,1,9585.49,1,1,1,3
8533,79,16,84880.43000000001,2,5,5,12
8534,24,9,25560.71,4,4,2,10
8535,52,8,23398.7,3,3,1,7
8536,30,9,34367.42,4,4,2,10
8537,3,5,24931.33,5,1,1,7
8538,7,8,28981.41,5,3,2,10
8539,33,4,5170.0599999999995,4,1,1,6
8540,5,3,20945.15,5,1,1,7
8541,26,10,42834.28,4,4,3,11
8542,10,10,59269.64,5,4,5,14
8543,76,8,45641.53,2,3,4,9
8544,41,9,36951.95,3,4,3,10
8545,17,8,70584.25,4,3,5,12
8546,28,7,25818.260000000002,4,2,2,8
8547,8,8,52237.83,5,3,4,12
8548,61,9,37159.59,3,4,3,10
8549,64,5,33734.66,2,1,2,5
8550,99,10,50847.53,2,4,4,10
8551,112,9,54879.23,1,4,4,9
8552,218,5,12299.42,1,1,1,3
8553,143,8,64668.15,1,3,5,9
8554,40,13,86940.0,3,5,5,13
8555,429,3,19143.25,1,1,1,3
8556,14,4,24185.93,5,1,1,7
8557,9,9,40994.54,5,4,3,12
8558,94,7,35114.689999999995,2,2,3,7
8559,2,10,52824.02,5,4,4,13
8560,198,8,35154.82,1,3,3,7
8561,12,4,13352.68,5,1,1,7
8562,54,5,21228.010000000002,3,1,1,5
8563,70,9,46568.58,2,4,4,10
8564,2,10,63269.11,5,4,5,14
8565,12,6,20736.15,5,2,1,8
8566,39,6,26626.12,3,2,2,7
8567,23,9,64883.25,4,4,5,13
8568,2,12,91532.72,5,5,5,15
8569,66,11,68631.42,2,5,5,12
8570,97,7,41741.09,2,2,3,7
8571,21,8,24197.7,4,3,1,8
8572,13,8,35172.03,5,3,3,11
8573,48,8,23665.19,3,3,1,7
8574,7,3,11522.91,5,1,1,7
8575,36,5,22726.92,3,1,1,5
8576,160,8,47591.44,1,3,4,8
8577,98,5,39534.83,2,1,3,6
8578,63,8,41643.41,2,3,3,8
8579,54,8,47148.39,3,3,4,10
8580,158,5,34366.21,1,1,2,4
8581,56,6,18561.91,3,2,1,6
8582,58,9,56262.72,3,4,4,11
8583,55,9,60602.05,3,4,5,12
8584,122,6,30068.73,1,2,2,5
8585,1,10,70209.89,5,4,5,14
8586,42,9,35726.61,3,4,3,10
8587,47,9,51563.01,3,4,4,11
8588,122,10,66115.38,1,4,5,10
8589,167,8,45574.55,1,3,4,8
8590,97,8,37933.01,2,3,3,8
8591,140,6,21269.75,1,2,1,4
8592,15,6,24518.090000000004,5,2,1,8
8593,25,11,60392.66,4,5,5,14
8594,30,7,33675.05,4,2,2,8
8595,160,4,32845.99,1,1,2,4
8596,98,10,52148.369999999995,2,4,4,10
8597,17,8,42480.94,4,3,3,10
8598,28,7,68840.45999999999,4,2,5,11
8599,175,4,15892.43,1,1,1,3
8600,25,15,84011.48,4,5,5,14
8601,49,5,27629.620000000003,3,1,2,6
8602,71,5,42319.049999999996,2,1,3,6
8603,13,8,36768.35,5,3,3,11
8604,50,9,38812.14,3,4,3,10
8605,7,10,67518.68,5,4,5,14
8606,12,6,20484.100000000002,5,2,1,8
8607,3,13,69495.87,5,5,5,15
8608,45,14,72495.58,3,5,5,13
8609,103,11,53297.24,2,5,4,11
8610,2,7,23926.16,5,2,1,8
8611,17,7,42807.84,4,2,3,9
8612,39,11,54959.0,3,5,4,12
8613,94,15,110097.52,2,5,5,12
8614,36,9,51095.87,3,4,4,11
8615,113,11,59848.009999999995,1,5,5,11
8616,23,13,63245.83,4,5,5,14
8617,11,10,53141.0,5,4,4,13
8618,84,8,33752.51,2,3,2,7
8619,54,9,40780.49,3,4,3,10
8620,137,6,45630.29,1,2,4,7
8621,287,3,11428.15,1,1,1,3
8622,58,6,46228.48,3,2,4,9
8623,86,5,31567.18,2,1,2,5
8624,88,10,65680.52,2,4,5,11
8625,21,5,34941.729999999996,4,1,3,8
8626,180,6,22112.61,1,2,1,4
8627,5,8,60801.68,5,3,5,13
8628,28,10,44215.479999999996,4,4,3,11
8629,46,6,25335.21,3,2,2,7
8630,129,10,56775.049999999996,1,4,4,9
8631,46,8,47655.11,3,3,4,10
8632,56,5,34950.53,3,1,3,7
8633,38,7,20468.809999999998,3,2,1,6
8634,24,10,62801.18,4,4,5,13
8635,127,9,27427.97,1,4,2,7
8636,162,6,31235.41,1,2,2,5
8637,164,10,45682.16,1,4,4,9
8638,6,9,27781.01,5,4,2,11
8639,27,12,41964.770000000004,4,5,3,12
8640,2,11,36530.9,5,5,3,13
8641,1,4,15461.029999999999,5,1,1,7
8642,61,8,31356.149999999998,3,3,2,8
8643,37,7,43865.54,3,2,3,8
8644,132,7,23179.15,1,2,1,4
8645,4,8,38931.6,5,3,3,11
8646,96,7,39345.409999999996,2,2,3,7
8647,20,10,62487.97,4,4,5,13
8648,180,7,35428.58,1,2,3,6
8649,36,9,38135.32,3,4,3,10
8650,38,9,45467.51,3,4,4,11
8651,19,5,27612.9,4,1,2,7
8652,109,7,20531.44,2,2,1,5
8653,60,9,73409.91,3,4,5,12
8654,43,5,31739.660000000003,3,1,2,6
8655,63,3,5044.469999999999,2,1,1,4
8656,110,7,47336.71,2,2,4,8
8657,3,7,47928.25,5,2,4,11
8658,12,11,45434.03,5,5,4,14
8659,7,5,12219.65,5,1,1,7
8660,32,7,32437.98,4,2,2,8
8661,8,6,51538.26,5,2,4,11
8662,106,7,49087.520000000004,2,2,4,8
8663,6,9,59413.69,5,4,5,14
8664,78,9,55426.82,2,4,4,10
8665,154,7,23008.91,1,2,1,4
8666,12,9,48893.17,5,4,4,13
8667,5,10,51927.119999999995,5,4,4,13
8668,35,7,28925.0,4,2,2,8
8669,7,13,58873.07,5,5,5,15
8670,21,5,26561.589999999997,4,1,2,7
8671,86,5,17962.77,2,1,1,4
8672,184,7,51579.37,1,2,4,7
8673,266,4,22194.469999999998,1,1,1,3
8674,19,7,34148.14,4,2,2,8
8675,5,11,56608.33,5,5,4,14
8676,13,9,37798.090000000004,5,4,3,12
8677,197,6,41932.94,1,2,3,6
8678,9,11,61456.68,5,5,5,15
8679,8,8,38215.85,5,3,3,11
8680,153,9,43619.89,1,4,3,8
8681,23,11,78997.20999999999,4,5,5,14
8682,6,7,32277.4,5,2,2,9
8683,4,8,26220.03,5,3,2,10
8684,18,6,36662.9,4,2,3,9
8685,78,7,32959.05,2,2,2,6
8686,39,8,34988.44,3,3,3,9
8687,1,11,49133.31,5,5,4,14
8688,5,7,33769.4,5,2,2,9
8689,95,6,23339.06,2,2,1,5
8690,146,8,46029.8,1,3,4,8
8691,13,6,38457.79,5,2,3,10
8692,4,16,86992.77,5,5,5,15
8693,98,7,33746.39,2,2,2,6
8694,392,2,5544.64,1,1,1,3
8695,142,9,64258.49,1,4,5,10
8696,91,8,50176.66,2,3,4,9
8697,117,10,54637.06,1,4,4,9
8698,173,8,40553.85,1,3,3,7
8699,93,14,71600.93000000001,2,5,5,12
8700,47,10,45353.11,3,4,4,11
8701,119,4,35345.7,1,1,3,5
8702,27,8,34858.8,4,3,2,9
8703,31,5,11946.23,4,1,1,6
8704,74,8,43508.39,2,3,3,8
8705,97,8,33596.03,2,3,2,7
8706,152,8,30325.4,1,3,2,6
8707,32,10,44875.88,4,4,4,12
8708,227,7,36609.11,1,2,3,6
8709,3,11,72173.93,5,5,5,15
8710,17,10,54576.06,4,4,4,12
8711,144,5,32792.54,1,1,2,4
8712,9,14,67829.04000000001,5,5,5,15
8713,12,10,44662.75,5,4,4,13
8714,79,10,54313.53,2,4,4,10
8715,127,5,23317.32,1,1,1,3
8716,142,8,30599.83,1,3,2,6
8717,36,9,63713.15,3,4,5,12
8718,52,7,48621.27,3,2,4,9
8719,152,10,65174.9,1,4,5,10
8720,79,12,52473.78,2,5,4,11
8721,43,14,93741.19,3,5,5,13
8722,15,11,95164.19,5,5,5,15
8723,101,7,37058.0,2,2,3,7
8724,31,8,32482.82,4,3,2,9
8725,46,8,54901.02,3,3,4,10
8726,23,7,39507.96,4,2,3,9
8727,20,15,75152.78,4,5,5,14
8728,40,12,86533.77,3,5,5,13
8729,22,12,88744.03,4,5,5,14
8730,11,10,39116.79,5,4,3,12
8731,151,5,21050.13,1,1,1,3
8732,3,11,34392.89,5,5,2,12
8733,28,11,74101.53,4,5,5,14
8734,151,4,12513.82,1,1,1,3
8735,10,9,50828.78,5,4,4,13
8736,21,11,52453.6,4,5,4,13
8737,18,8,36423.07,4,3,3,10
8738,248,5,25043.45,1,1,1,3
8739,154,7,25097.719999999998,1,2,1,4
8740,20,10,38836.17,4,4,3,11
8741,7,10,41340.200000000004,5,4,3,12
8742,377,4,11419.77,1,1,1,3
8743,51,10,67223.0,3,4,5,12
8744,85,8,43715.520000000004,2,3,3,8
8745,110,5,31880.260000000002,2,1,2,5
8746,13,5,11653.75,5,1,1,7
8747,349,4,46469.57,1,1,4,6
8748,42,12,74469.63,3,5,5,13
8749,108,8,40165.28,2,3,3,8
8750,5,12,69640.0,5,5,5,15
8751,80,6,33231.31,2,2,2,6
8752,180,8,46051.450000000004,1,3,4,8
8753,4,3,8005.9400000000005,5,1,1,7
8754,81,10,55715.63,2,4,4,10
8755,5,10,61005.17,5,4,5,14
8756,2,12,58917.83,5,5,5,15
8757,58,6,31287.6,3,2,2,7
8758,191,3,7388.5,1,1,1,3
8759,14,9,48197.39,5,4,4,13
8760,336,5,27626.48,1,1,2,4
8761,82,12,57948.41,2,5,5,12
8762,10,10,49880.53,5,4,4,13
8763,42,6,19790.54,3,2,1,6
8764,76,7,29781.850000000002,2,2,2,6
8765,19,7,36557.94,4,2,3,9
8766,17,13,55319.55,4,5,4,13
8767,122,8,33793.85,1,3,2,6
8768,84,6,32895.59,2,2,2,6
8769,66,7,34783.71,2,2,2,6
8770,142,6,30087.760000000002,1,2,2,5
8771,51,9,49665.700000000004,3,4,4,11
8772,9,9,38246.03,5,4,3,12
8773,30,13,71847.39,4,5,5,14
8774,95,7,41729.780000000006,2,2,3,7
8775,2,9,51383.04,5,4,4,13
8776,7,9,51013.549999999996,5,4,4,13
8777,38,9,48181.54,3,4,4,11
8778,104,7,45860.31,2,2,4,8
8779,37,12,76095.55,3,5,5,13
8780,240,8,21416.42,1,3,1,5
8781,12,10,48012.259999999995,5,4,4,13
8782,1,5,29365.670000000002,5,1,2,8
8783,22,11,54600.350000000006,4,5,4,13
8784,60,6,52076.3,3,2,4,9
8785,52,6,41659.1,3,2,3,8
8786,4,9,63028.58,5,4,5,14
8787,8,6,33845.03,5,2,2,9
8788,105,10,62196.009999999995,2,4,5,11
8789,44,6,42860.58,3,2,3,8
8790,11,13,66617.47,5,5,5,15
8791,35,9,57836.22,4,4,5,13
8792,19,8,46125.43,4,3,4,11
8793,32,10,55413.49,4,4,4,12
8794,155,7,26261.829999999998,1,2,2,5
8795,2,8,35274.47,5,3,3,11
8796,134,2,10621.75,1,1,1,3
8797,11,12,44863.03,5,5,4,14
8798,16,7,24882.760000000002,4,2,1,7
8799,46,6,30882.92,3,2,2,7
8800,84,6,31936.15,2,2,2,6
8801,25,6,27125.8,4,2,2,8
8802,18,12,83962.68000000001,4,5,5,14
8803,4,11,54975.67,5,5,4,14
8804,46,8,55316.93,3,3,4,10
8805,6,10,55040.83,5,4,4,13
8806,8,3,21343.4,5,1,1,7
8807,27,9,40648.89,4,4,3,11
8808,99,8,41714.73,2,3,3,8
8809,64,7,20465.54,2,2,1,5
8810,14,8,47263.46,5,3,4,12
8811,67,7,27541.920000000002,2,2,2,6
8812,65,8,34323.55,2,3,2,7
8813,31,13,80391.68,4,5,5,14
8814,398,4,16260.1,1,1,1,3
8815,33,10,49819.03,4,4,4,12
8816,26,12,84871.86,4,5,5,14
8817,44,7,48590.6,3,2,4,9
8818,28,12,44395.76,4,5,3,12
8819,1,10,36075.15,5,4,3,12
8820,18,10,73392.98999999999,4,4,5,13
8821,74,7,37432.5,2,2,3,7
8822,98,5,10458.93,2,1,1,4
8823,51,8,56521.25,3,3,4,10
8824,140,9,35942.29,1,4,3,8
8825,75,7,38206.32,2,2,3,7
8826,58,11,66027.3,3,5,5,13
8827,51,10,60246.759999999995,3,4,5,12
8828,64,6,27793.0,2,2,2,6
8829,2,11,52958.24,5,5,4,14
8830,39,10,57342.08,3,4,5,12
8831,32,8,50550.51,4,3,4,11
8832,317,1,3694.95,1,1,1,3
8833,152,8,49903.19,1,3,4,8
8834,7,6,48338.51,5,2,4,11
8835,18,8,21127.3,4,3,1,8
8836,14,11,57836.33,5,5,5,15
8837,20,8,56532.71,4,3,4,11
8838,160,2,11190.7,1,1,1,3
8839,26,6,30924.65,4,2,2,8
8840,113,4,6825.16,1,1,1,3
8841,2,8,45828.18,5,3,4,12
8842,218,2,14887.67,1,1,1,3
8843,47,6,35906.79,3,2,3,8
8844,36,8,49113.54,3,3,4,10
8845,26,11,30499.19,4,5,2,11
8846,68,5,15029.72,2,1,1,4
8847,95,9,37612.740000000005,2,4,3,9
8848,56,6,31861.44,3,2,2,7
8849,63,8,45592.18,2,3,4,9
8850,34,8,41112.37,4,3,3,10
8851,12,11,50006.67,5,5,4,14
8852,156,9,46689.17,1,4,4,9
8853,53,12,77374.45999999999,3,5,5,13
8854,9,11,50766.340000000004,5,5,4,14
8855,119,7,26813.63,1,2,2,5
8856,171,5,25320.46,1,1,2,4
8857,63,9,68360.02,2,4,5,11
8858,66,6,20858.260000000002,2,2,1,5
8859,29,11,30781.59,4,5,2,11
8860,90,9,90661.95,2,4,5,11
8861,60,6,23786.699999999997,3,2,1,6
8862,125,8,42924.76,1,3,3,7
8863,2,3,16230.25,5,1,1,7
8864,145,9,45822.23,1,4,4,9
8865,42,14,82563.98,3,5,5,13
8866,87,11,58445.46,2,5,5,12
8867,20,16,63643.06,4,5,5,14
8868,18,6,21507.96,4,2,1,7
8869,223,7,51919.770000000004,1,2,4,7
8870,34,12,57080.58,4,5,5,14
8871,339,4,16110.98,1,1,1,3
8872,4,6,25012.47,5,2,1,8
8873,2,6,27721.309999999998,5,2,2,9
8874,7,7,26930.48,5,2,2,9
8875,113,2,10400.8,1,1,1,3
8876,12,14,62062.72,5,5,5,15
8877,78,9,62271.41,2,4,5,11
8878,1,9,54721.95,5,4,4,13
8879,87,9,44194.52,2,4,3,9
8880,4,9,39011.6,5,4,3,12
8881,42,12,44370.27,3,5,3,11
8882,23,7,10323.42,4,2,1,7
8883,163,6,8303.91,1,2,1,4
8884,14,12,41978.93,5,5,3,13
8885,22,8,53133.47,4,3,4,11
8886,343,4,12606.54,1,1,1,3
8887,4,6,41432.25,5,2,3,10
8888,14,9,37860.16,5,4,3,12
8889,63,3,3903.1000000000004,2,1,1,4
8890,20,4,16625.48,4,1,1,6
8891,45,12,39765.659999999996,3,5,3,11
8892,64,8,55061.08,2,3,4,9
8893,64,10,67531.13,2,4,5,11
8894,1,11,57379.3,5,5,5,15
8895,42,8,30061.76,3,3,2,8
8896,16,12,61177.3,4,5,5,14
8897,10,16,69595.47,5,5,5,15
8898,4,9,39875.38,5,4,3,12
8899,92,8,24862.94,2,3,1,6
8900,94,10,41785.840000000004,2,4,3,9
8901,9,9,48130.11,5,4,4,13
8902,7,9,30064.95,5,4,2,11
8903,65,8,35954.729999999996,2,3,3,8
8904,81,7,35776.04,2,2,3,7
8905,102,11,50674.94,2,5,4,11
8906,45,9,32763.120000000003,3,4,2,9
8907,7,7,62979.229999999996,5,2,5,12
8908,92,8,40717.69,2,3,3,8
8909,37,3,13086.43,3,1,1,5
8910,29,6,23359.21,4,2,1,7
8911,37,9,45683.189999999995,3,4,4,11
8912,17,6,39078.59,4,2,3,9
8913,92,7,56478.06,2,2,4,8
8914,12,10,71271.97,5,4,5,14
8915,53,7,44225.6,3,2,3,8
8916,31,11,51497.54,4,5,4,13
8917,98,7,41388.89,2,2,3,7
8918,153,7,51968.7,1,2,4,7
8919,49,6,32567.739999999998,3,2,2,7
8920,82,6,15295.009999999998,2,2,1,5
8921,48,11,56947.020000000004,3,5,4,12
8922,66,7,40085.01,2,2,3,7
8923,219,7,35332.350000000006,1,2,3,6
8924,130,7,27116.73,1,2,2,5
8925,34,9,38699.939999999995,4,4,3,11
8926,37,10,53619.409999999996,3,4,4,11
8927,51,6,27147.899999999998,3,2,2,7
8928,44,8,22931.39,3,3,1,7
8929,26,9,42019.01,4,4,3,11
8930,108,9,38499.729999999996,2,4,3,9
8931,125,5,27844.1,1,1,2,4
8932,54,8,38005.52,3,3,3,9
8933,24,8,35073.43,4,3,3,10
8934,89,4,34253.57,2,1,2,5
8935,28,10,86973.08,4,4,5,13
8936,275,9,49770.18,1,4,4,9
8937,105,9,54190.37,2,4,4,10
8938,74,12,47447.42,2,5,4,11
8939,156,9,74202.48,1,4,5,10
8940,116,10,55199.34,1,4,4,9
8941,97,13,58098.600000000006,2,5,5,12
8942,86,8,60915.409999999996,2,3,5,10
8943,89,14,47563.869999999995,2,5,4,11
8944,125,6,20210.15,1,2,1,4
8945,200,4,26285.67,1,1,2,4
8946,213,6,28156.3,1,2,2,5
8947,13,14,67520.47,5,5,5,15
8948,95,5,28519.58,2,1,2,5
8949,56,12,66572.97,3,5,5,13
8950,46,5,26072.35,3,1,2,6
8951,14,9,55884.78,5,4,4,13
8952,58,8,50047.6,3,3,4,10
8953,2,8,53678.93,5,3,4,12
8954,47,10,41160.81,3,4,3,10
8955,165,6,20701.47,1,2,1,4
8956,77,5,12552.72,2,1,1,4
8957,51,4,15031.310000000001,3,1,1,5
8958,137,7,17326.14,1,2,1,4
8959,139,3,20183.85,1,1,1,3
8960,39,5,17524.32,3,1,1,5
8961,37,12,71062.22,3,5,5,13
8962,92,11,57482.25,2,5,5,12
8963,34,8,39656.25,4,3,3,10
8964,320,5,39337.58,1,1,3,5
8965,38,10,59689.58,3,4,5,12
8966,73,12,95473.98000000001,2,5,5,12
8967,8,12,71715.33,5,5,5,15
8968,33,12,58076.17,4,5,5,14
8969,49,3,21255.8,3,1,1,5
8970,200,4,25137.8,1,1,1,3
8971,127,8,44550.06,1,3,3,7
8972,2,5,35685.04,5,1,3,9
8973,108,6,30568.72,2,2,2,6
8974,72,8,23478.329999999998,2,3,1,6
8975,201,8,44611.3,1,3,4,8
8976,137,7,33038.84,1,2,2,5
8977,29,6,52259.25,4,2,4,10
8978,76,10,62549.08,2,4,5,11
8979,39,10,39312.54,3,4,3,10
8980,5,7,42477.18,5,2,3,10
8981,97,8,57260.57,2,3,5,10
8982,47,6,30877.699999999997,3,2,2,7
8983,25,3,18314.28,4,1,1,6
8984,109,6,45995.56,2,2,4,8
8985,81,17,87008.48,2,5,5,12
8986,44,4,24273.25,3,1,1,5
8987,192,9,46101.6,1,4,4,9
8988,17,10,42642.49,4,4,3,11
8989,230,1,7255.86,1,1,1,3
8990,6,13,47279.82,5,5,4,14
8991,10,6,48366.42,5,2,4,11
8992,21,7,23657.969999999998,4,2,1,7
8993,163,7,30104.86,1,2,2,5
8994,14,6,17958.71,5,2,1,8
8995,39,7,42685.52,3,2,3,8
8996,64,5,44113.22,2,1,3,6
8997,75,4,29131.48,2,1,2,5
8998,63,9,36263.08,2,4,3,9
8999,107,5,17976.29,2,1,1,4
9000,10,8,49490.77,5,3,4,12
9001,57,9,43554.53,3,4,3,10
9002,156,5,21661.66,1,1,1,3
9003,50,11,86299.19,3,5,5,13
9004,7,16,62948.53,5,5,5,15
9005,13,10,82103.1,5,4,5,14
9006,122,7,38182.69,1,2,3,6
9007,2,10,38020.04,5,4,3,12
9008,63,4,20900.87,2,1,1,4
9009,26,6,24413.47,4,2,1,7
9010,170,2,1480.49,1,1,1,3
9011,18,10,39513.01,4,4,3,11
9012,8,12,54763.17,5,5,4,14
9013,38,6,17861.35,3,2,1,6
9014,145,8,25191.78,1,3,2,6
9015,48,13,54363.85,3,5,4,12
9016,73,10,55542.979999999996,2,4,4,10
9017,138,10,37261.36,1,4,3,8
9018,39,11,68475.06999999999,3,5,5,13
9019,14,6,34054.520000000004,5,2,2,9
9020,183,6,51119.43,1,2,4,7
9021,135,4,32663.8,1,1,2,4
9022,30,12,54782.07,4,5,4,13
9023,33,14,95325.82,4,5,5,14
9024,22,11,41287.79,4,5,3,12
9025,10,2,8851.11,5,1,1,7
9026,203,8,15950.779999999999,1,3,1,5
9027,1,10,72341.53,5,4,5,14
9028,27,10,49140.34,4,4,4,12
9029,2,12,48094.41,5,5,4,14
9030,85,9,24152.629999999997,2,4,1,7
9031,17,9,49011.9,4,4,4,12
9032,122,5,21732.59,1,1,1,3
9033,43,13,59614.020000000004,3,5,5,13
9034,53,6,37777.130000000005,3,2,3,8
9035,53,13,61890.15,3,5,5,13
9036,140,5,20508.04,1,1,1,3
9037,13,10,39864.44,5,4,3,12
9038,29,15,83132.73,4,5,5,14
9039,222,4,17489.57,1,1,1,3
9040,39,9,35943.399999999994,3,4,3,10
9041,252,6,35626.18,1,2,3,6
9042,56,10,43438.75,3,4,3,10
9043,84,11,52763.44,2,5,4,11
9044,75,6,48935.57,2,2,4,8
9045,146,8,46649.46,1,3,4,8
9046,23,11,46867.509999999995,4,5,4,13
9047,12,5,53209.24,5,1,4,10
9048,27,10,42373.76,4,4,3,11
9049,10,13,59084.71,5,5,5,15
9050,48,10,59683.14,3,4,5,12
9051,201,4,16500.019999999997,1,1,1,3
9052,88,10,33833.28,2,4,2,8
9053,43,10,48779.19,3,4,4,11
9054,14,11,37892.69,5,5,3,13
9055,110,7,23716.809999999998,2,2,1,5
9056,64,7,39255.9,2,2,3,7
9057,35,12,136195.65,4,5,5,14
9058,83,7,22569.25,2,2,1,5
9059,31,8,34218.17,4,3,2,9
9060,143,2,11731.630000000001,1,1,1,3
9061,127,5,32944.57,1,1,2,4
9062,41,13,85705.66,3,5,5,13
9063,28,5,41034.9,4,1,3,8
9064,62,8,30514.160000000003,3,3,2,8
9065,53,12,57292.01,3,5,5,13
9066,25,9,34474.32,4,4,2,10
9067,90,9,39528.67,2,4,3,9
9068,91,8,34661.49,2,3,2,7
9069,28,13,85628.09,4,5,5,14
9070,39,6,28366.16,3,2,2,7
9071,148,10,48072.97,1,4,4,9
9072,4,10,52202.05,5,4,4,13
9073,172,5,11277.19,1,1,1,3
9074,89,11,35074.44,2,5,3,10
9075,61,16,76338.4,3,5,5,13
9076,75,7,25364.75,2,2,2,6
9077,8,6,46276.8,5,2,4,11
9078,66,11,60055.6,2,5,5,12
9079,82,9,39357.03,2,4,3,9
9080,8,11,62430.43,5,5,5,15
9081,195,8,24646.15,1,3,1,5
9082,12,6,17833.3,5,2,1,8
9083,30,8,43745.0,4,3,3,10
9084,83,8,34670.57,2,3,2,7
9085,3,12,83046.72,5,5,5,15
9086,15,9,35406.33,5,4,3,12
9087,5,9,50517.41,5,4,4,13
9088,41,13,66296.22,3,5,5,13
9089,35,4,34511.64,4,1,2,7
9090,40,10,42749.939999999995,3,4,3,10
9091,117,14,103394.45,1,5,5,11
9092,45,8,50614.81,3,3,4,10
9093,65,8,47213.88,2,3,4,9
9094,386,4,11981.35,1,1,1,3
9095,29,10,81480.02,4,4,5,13
9096,219,7,29709.23,1,2,2,5
9097,29,12,77331.0,4,5,5,14
9098,72,7,30502.06,2,2,2,6
9099,6,9,39352.65,5,4,3,12
9100,19,9,56464.49,4,4,4,12
9101,28,10,44219.9,4,4,3,11
9102,131,5,25668.41,1,1,2,4
9103,65,10,64259.68,2,4,5,11
9104,69,8,64185.95,2,3,5,10
9105,8,10,58685.1,5,4,5,14
9106,163,4,17723.03,1,1,1,3
9107,168,5,20454.11,1,1,1,3
9108,12,14,110956.54000000001,5,5,5,15
9109,6,5,24354.77,5,1,1,7
9110,25,10,44504.88,4,4,3,11
9111,35,12,42463.03,4,5,3,12
9112,37,15,87648.95,3,5,5,13
9113,36,10,65158.89,3,4,5,12
9114,9,8,28454.04,5,3,2,10
9115,44,11,59479.560000000005,3,5,5,13
9116,112,6,35018.58,1,2,3,6
9117,51,8,43522.32,3,3,3,9
9118,37,9,62930.61,3,4,5,12
9119,6,6,33356.799999999996,5,2,2,9
9120,9,7,24313.050000000003,5,2,1,8
9121,9,5,29565.980000000003,5,1,2,8
9122,29,8,23972.8,4,3,1,8
9123,25,6,36717.590000000004,4,2,3,9
9124,101,9,32399.65,2,4,2,8
9125,233,7,17116.59,1,2,1,4
9126,63,8,44460.93,2,3,3,8
9127,65,13,56333.509999999995,2,5,4,11
9128,33,11,49296.48,4,5,4,13
9129,54,10,28220.87,3,4,2,9
9130,43,9,49663.56,3,4,4,11
9131,72,7,32980.2,2,2,2,6
9132,91,9,61697.840000000004,2,4,5,11
9133,9,12,55453.95,5,5,4,14
9134,84,10,32899.74,2,4,2,8
9135,52,7,27989.96,3,2,2,7
9136,1,8,39815.14,5,3,3,11
9137,33,7,47926.490000000005,4,2,4,10
9138,42,9,61548.869999999995,3,4,5,12
9139,16,13,75826.96,4,5,5,14
9140,8,7,23980.04,5,2,1,8
9141,94,5,29014.69,2,1,2,5
9142,45,6,63055.61,3,2,5,10
9143,57,10,59583.62,3,4,5,12
9144,32,6,50264.04,4,2,4,10
9145,34,9,48579.98,4,4,4,12
9146,96,7,38700.1,2,2,3,7
9147,9,12,33551.58,5,5,2,12
9148,78,7,31289.45,2,2,2,6
9149,14,6,31202.23,5,2,2,9
9150,26,10,56344.09,4,4,4,12
9151,5,7,45964.38,5,2,4,11
9152,151,7,32331.760000000002,1,2,2,5
9153,53,7,32581.42,3,2,2,7
9154,46,11,45122.63,3,5,4,12
9155,228,4,24174.72,1,1,1,3
9156,17,11,33924.47,4,5,2,11
9157,53,10,63316.48,3,4,5,12
9158,14,10,61728.13,5,4,5,14
9159,206,8,41209.21,1,3,3,7
9160,127,10,52562.9,1,4,4,9
9161,16,9,52846.08,4,4,4,12
9162,150,8,51889.65,1,3,4,8
9163,4,14,66594.94,5,5,5,15
9164,19,8,54005.630000000005,4,3,4,11
9165,23,6,37557.299999999996,4,2,3,9
9166,107,9,55013.45,2,4,4,10
9167,227,2,3616.9700000000003,1,1,1,3
9168,58,13,54221.32,3,5,4,12
9169,29,12,55968.54,4,5,4,13
9170,28,9,44922.549999999996,4,4,4,12
9171,100,13,90053.0,2,5,5,12
9172,55,7,46690.38,3,2,4,9
9173,75,8,38629.59,2,3,3,8
9174,86,8,46763.340000000004,2,3,4,9
9175,16,4,24586.559999999998,4,1,1,6
9176,70,6,39950.64,2,2,3,7
9177,189,10,64724.950000000004,1,4,5,10
9178,130,5,29705.91,1,1,2,4
9179,30,6,19392.870000000003,4,2,1,7
9180,254,4,24584.2,1,1,1,3
9181,25,10,39701.43,4,4,3,11
9182,11,3,18211.41,5,1,1,7
9183,110,12,73518.38,2,5,5,12
9184,79,10,48692.63,2,4,4,10
9185,53,10,61831.97,3,4,5,12
9186,113,7,39343.53,1,2,3,6
9187,79,9,50744.01,2,4,4,10
9188,79,7,28608.45,2,2,2,6
9189,122,14,67073.57,1,5,5,11
9190,42,13,67679.22,3,5,5,13
9191,7,9,67135.59,5,4,5,14
9192,39,13,36818.12,3,5,3,11
9193,15,6,28522.11,5,2,2,9
9194,62,6,22326.43,3,2,1,6
9195,37,8,36511.89,3,3,3,9
9196,101,8,34662.46,2,3,2,7
9197,105,5,36346.72,2,1,3,6
9198,111,7,52815.57,1,2,4,7
9199,201,6,29612.6,1,2,2,5
9200,92,3,8836.26,2,1,1,4
9201,81,8,49562.68,2,3,4,9
9202,8,14,57148.32,5,5,5,15
9203,23,11,39541.44,4,5,3,12
9204,4,7,15767.64,5,2,1,8
9205,3,9,39824.43,5,4,3,12
9206,76,9,45628.590000000004,2,4,4,10
9207,37,7,52389.08,3,2,4,9
9208,4,12,63421.3,5,5,5,15
9209,199,9,38427.73,1,4,3,8
9210,31,5,40266.4,4,1,3,8
9211,89,7,31240.4,2,2,2,6
9212,5,10,63223.14,5,4,5,14
9213,9,15,91394.76,5,5,5,15
9214,3,5,19050.39,5,1,1,7
9215,42,10,46996.12,3,4,4,11
9216,84,8,28862.04,2,3,2,7
9217,9,6,29637.98,5,2,2,9
9218,21,8,63703.7,4,3,5,12
9219,136,7,23197.43,1,2,1,4
9220,25,13,88256.33,4,5,5,14
9221,78,6,25430.579999999998,2,2,2,6
9222,221,3,9616.96,1,1,1,3
9223,102,8,36497.82,2,3,3,8
9224,37,5,43300.17,3,1,3,7
9225,23,10,53383.78,4,4,4,12
9226,62,8,51263.15,3,3,4,10
9227,31,4,32805.69,4,1,2,7
9228,18,7,48250.520000000004,4,2,4,10
9229,2,9,48935.52,5,4,4,13
9230,34,2,8536.09,4,1,1,6
9231,51,4,33793.36,3,1,2,6
9232,17,12,59746.69,4,5,5,14
9233,8,11,34160.340000000004,5,5,2,12
9234,1,5,26752.37,5,1,2,8
9235,17,10,49451.6,4,4,4,12
9236,70,4,9481.220000000001,2,1,1,4
9237,83,10,41620.090000000004,2,4,3,9
9238,63,12,49152.67,2,5,4,11
9239,57,5,16242.38,3,1,1,5
9240,49,4,10472.390000000001,3,1,1,5
9241,8,3,13446.759999999998,5,1,1,7
9242,56,3,12334.08,3,1,1,5
9243,11,9,55825.92,5,4,4,13
9244,38,9,65307.75,3,4,5,12
9245,25,8,34874.87,4,3,3,10
9246,110,9,43369.13,1,4,3,8
9247,38,5,26867.17,3,1,2,6
9248,49,3,30182.15,3,1,2,6
9249,73,8,17012.239999999998,2,3,1,6
9250,48,11,45521.22,3,5,4,12
9251,79,4,8294.59,2,1,1,4
9252,53,7,39576.49,3,2,3,8
9253,30,5,27287.87,4,1,2,7
9254,138,6,35203.9,1,2,3,6
9255,133,4,9177.37,1,1,1,3
9256,167,7,61059.01,1,2,5,8
9257,55,9,46684.69,3,4,4,11
9258,38,11,60290.21,3,5,5,13
9259,74,7,35585.39,2,2,3,7
9260,48,12,62542.84,3,5,5,13
9261,11,8,33996.770000000004,5,3,2,10
9262,108,5,23419.71,2,1,1,4
9263,245,5,28683.89,1,1,2,4
9264,78,7,26615.18,2,2,2,6
9265,106,9,42409.21,2,4,3,9
9266,26,9,38380.270000000004,4,4,3,11
9267,83,13,80373.53,2,5,5,12
9268,56,11,41448.17,3,5,3,11
9269,11,9,39587.35,5,4,3,12
9270,89,7,29407.54,2,2,2,6
9271,31,11,33557.87,4,5,2,11
9272,35,8,60668.04,4,3,5,12
9273,7,11,44059.21,5,5,3,13
9274,18,10,44117.55,4,4,3,11
9275,44,6,25264.09,3,2,2,7
9276,64,5,30599.23,2,1,2,5
9277,12,10,45200.36,5,4,4,13
9278,4,15,72980.07,5,5,5,15
9279,53,9,56677.53,3,4,4,11
9280,87,8,28460.94,2,3,2,7
9281,51,10,41620.75,3,4,3,10
9282,12,5,10831.630000000001,5,1,1,7
9283,172,6,25377.39,1,2,2,5
9284,11,7,44897.340000000004,5,2,4,11
9285,14,6,24535.22,5,2,1,8
9286,19,11,55651.78,4,5,4,13
9287,347,5,25314.84,1,1,2,4
9288,179,10,23569.42,1,4,1,6
9289,86,5,18908.87,2,1,1,4
9290,170,8,31799.44,1,3,2,6
9291,81,8,42582.28,2,3,3,8
9292,122,11,64234.77,1,5,5,11
9294,10,8,29150.370000000003,5,3,2,10
9295,75,4,25372.29,2,1,2,5
9296,26,7,40898.34,4,2,3,9
9297,38,8,17593.56,3,3,1,7
9298,199,5,33817.909999999996,1,1,2,4
9299,97,11,55166.380000000005,2,5,4,11
9300,222,5,19345.01,1,1,1,3
9301,24,9,41993.72,4,4,3,11
9302,27,6,36634.85,4,2,3,9
9303,4,12,87381.84,5,5,5,15
9304,68,7,30928.32,2,2,2,6
9305,17,6,19380.71,4,2,1,7
9306,25,10,72469.68,4,4,5,13
9307,18,7,40322.91,4,2,3,9
9308,104,8,37947.35,2,3,3,8
9309,28,8,43719.9,4,3,3,10
9310,93,9,49711.91,2,4,4,10
9311,66,7,35981.79,2,2,3,7
9312,258,8,63065.31,1,3,5,9
9313,25,7,34755.83,4,2,2,8
9314,92,11,42584.57,2,5,3,10
9315,26,8,53516.93,4,3,4,11
9316,100,6,27942.1,2,2,2,6
9317,15,14,53625.04,5,5,4,14
9318,59,3,11011.73,3,1,1,5
9319,84,7,44375.1,2,2,3,7
9320,246,4,16874.37,1,1,1,3
9321,101,6,33665.590000000004,2,2,2,6
9322,4,6,29831.19,5,2,2,9
9323,18,7,44411.78,4,2,3,9
9324,170,5,18715.75,1,1,1,3
9325,19,16,103138.39,4,5,5,14
9326,14,8,26743.010000000002,5,3,2,10
9327,30,6,28328.8,4,2,2,8
9328,82,7,41927.28,2,2,3,7
9329,18,10,45501.52,4,4,4,12
9330,55,6,64873.69,3,2,5,10
9331,105,7,37593.45,2,2,3,7
9332,145,6,28346.809999999998,1,2,2,5
9333,10,12,81713.59,5,5,5,15
9334,2,6,32683.670000000002,5,2,2,9
9335,70,9,53686.51,2,4,4,10
9336,279,4,42564.630000000005,1,1,3,5
9337,86,5,26527.530000000002,2,1,2,5
9338,125,8,33309.24,1,3,2,6
9339,162,7,41805.6,1,2,3,6
9340,3,14,34925.020000000004,5,5,3,13
9341,14,11,80581.97,5,5,5,15
9342,139,5,46287.73,1,1,4,6
9343,28,10,46551.72,4,4,4,12
9344,12,7,54053.41,5,2,4,11
9345,55,5,20412.579999999998,3,1,1,5
9346,125,4,23062.54,1,1,1,3
9347,141,5,31967.52,1,1,2,4
9348,40,11,42003.13,3,5,3,11
9349,25,8,34139.75,4,3,2,9
9350,165,7,23130.63,1,2,1,4
9351,4,12,35244.43,5,5,3,13
9352,122,11,65456.119999999995,1,5,5,11
9353,151,9,51796.67999999999,1,4,4,9
9354,20,4,24565.91,4,1,1,6
9355,28,5,25598.86,4,1,2,7
9356,243,4,30705.199999999997,1,1,2,4
9357,94,8,34617.42,2,3,2,7
9358,60,12,51341.6,3,5,4,12
9359,44,6,49401.44,3,2,4,9
9360,27,14,73749.77,4,5,5,14
9361,53,7,32441.14,3,2,2,7
9362,29,9,55816.66,4,4,4,12
9363,38,13,84788.04000000001,3,5,5,13
9364,42,7,32194.52,3,2,2,7
9365,80,11,49745.63,2,5,4,11
9366,69,10,50606.76,2,4,4,10
9367,18,8,53404.450000000004,4,3,4,11
9368,93,6,27134.94,2,2,2,6
9369,123,11,52291.740000000005,1,5,4,10
9370,117,8,37161.31,1,3,3,7
9371,93,10,32883.44,2,4,2,8
9372,18,10,47013.79,4,4,4,12
9373,186,7,28759.3,1,2,2,5
9374,47,12,48240.05,3,5,4,12
9375,32,7,39580.8,4,2,3,9
9376,143,6,14109.01,1,2,1,4
9377,73,7,43488.97,2,2,3,7
9378,204,7,35693.58,1,2,3,6
9379,71,11,64802.51,2,5,5,12
9380,41,10,62373.13,3,4,5,12
9381,73,6,21043.41,2,2,1,5
9382,57,9,42005.200000000004,3,4,3,10
9383,68,6,28976.219999999998,2,2,2,6
9384,211,5,26856.78,1,1,2,4
9385,3,11,33558.33,5,5,2,12
9386,207,4,32179.98,1,1,2,4
9387,27,8,68962.4,4,3,5,12
9388,47,6,39056.5,3,2,3,8
9389,7,11,68971.02,5,5,5,15
9390,341,7,32027.34,1,2,2,5
9391,93,9,57915.2,2,4,5,11
9392,117,5,29839.41,1,1,2,4
9393,22,10,79261.13,4,4,5,13
9394,125,9,38180.25,1,4,3,8
9395,87,12,99724.05,2,5,5,12
9396,291,6,36417.68,1,2,3,6
9397,44,10,32711.11,3,4,2,9
9398,47,7,37934.65,3,2,3,8
9399,105,7,42947.14,2,2,3,7
9400,102,13,39634.53,2,5,3,10
9401,10,9,36711.03,5,4,3,12
9402,29,11,41182.049999999996,4,5,3,12
9403,52,10,25629.48,3,4,2,9
9404,47,8,36085.42,3,3,3,9
9405,12,11,53306.06,5,5,4,14
9406,32,7,45080.020000000004,4,2,4,10
9407,2,4,11969.24,5,1,1,7
9408,5,7,32542.31,5,2,2,9
9409,47,12,54854.58,3,5,4,12
9410,4,7,35258.58,5,2,3,10
9411,83,6,39650.22,2,2,3,7
9412,69,3,7292.92,2,1,1,4
9413,51,10,47749.55,3,4,4,11
9414,3,16,65020.06,5,5,5,15
9415,99,4,11681.78,2,1,1,4
9416,15,11,59483.67,5,5,5,15
9417,67,10,39487.46,2,4,3,9
9418,3,10,50011.71000000001,5,4,4,13
9419,1,12,65049.850000000006,5,5,5,15
9420,11,11,65943.31,5,5,5,15
9421,6,7,21081.96,5,2,1,8
9422,181,8,34650.9,1,3,2,6
9423,5,8,57610.83,5,3,5,13
9424,13,10,46069.86,5,4,4,13
9425,163,6,17236.989999999998,1,2,1,4
9426,58,8,35418.64,3,3,3,9
9427,9,7,40378.44,5,2,3,10
9428,187,5,31558.66,1,1,2,4
9429,107,10,46987.310000000005,2,4,4,10
9430,12,12,71934.22,5,5,5,15
9431,75,10,44473.18,2,4,3,9
9432,72,10,59798.21,2,4,5,11
9433,6,7,34489.89,5,2,2,9
9434,51,12,40058.56,3,5,3,11
9435,83,9,42855.78,2,4,3,9
9436,161,8,39454.05,1,3,3,7
9437,5,7,30838.7,5,2,2,9
9438,114,11,43081.23,1,5,3,9
9439,17,7,30790.27,4,2,2,8
9440,86,5,29146.17,2,1,2,5
9441,97,7,36598.44,2,2,3,7
9442,101,8,24113.15,2,3,1,6
9443,26,7,19168.08,4,2,1,7
9444,147,7,48682.9,1,2,4,7
9445,7,10,61136.69,5,4,5,14
9446,89,4,24529.77,2,1,1,4
9447,205,4,18984.2,1,1,1,3
9448,37,6,38599.12,3,2,3,8
9449,76,10,34134.49,2,4,2,8
9450,71,8,24512.85,2,3,1,6
9451,25,10,35907.16,4,4,3,11
9452,57,6,37999.12,3,2,3,8
9453,111,10,56455.42,1,4,4,9
9454,151,10,58736.79,1,4,5,10
9455,76,5,24454.12,2,1,1,4
9456,4,13,51846.57,5,5,4,14
9457,56,7,35239.41,3,2,3,8
9458,52,6,36335.98,3,2,3,8
9459,12,7,33825.2,5,2,2,9
9460,32,3,8479.039999999999,4,1,1,6
9461,16,6,42138.78,4,2,3,9
9462,22,6,40799.130000000005,4,2,3,9
9463,34,8,24789.73,4,3,1,8
9464,79,8,66957.62,2,3,5,10
9465,6,11,56658.63,5,5,4,14
9466,60,5,27828.5,3,1,2,6
9467,340,3,8676.11,1,1,1,3
9468,2,12,54446.119999999995,5,5,4,14
9469,37,14,59934.99,3,5,5,13
9470,30,12,59856.880000000005,4,5,5,14
9471,55,8,51084.66,3,3,4,10
9472,47,6,29279.81,3,2,2,7
9473,40,5,47638.630000000005,3,1,4,8
9474,128,8,49106.740000000005,1,3,4,8
9475,55,12,52389.84,3,5,4,12
9476,19,11,42695.020000000004,4,5,3,12
9477,23,9,31273.09,4,4,2,10
9478,92,12,71461.14,2,5,5,12
9479,2,7,38220.09,5,2,3,10
9480,99,7,35174.84,2,2,3,7
9481,1,8,36292.18,5,3,3,11
9482,85,7,46117.0,2,2,4,8
9483,16,5,13766.42,4,1,1,6
9484,58,7,12061.52,3,2,1,6
9485,27,15,101900.71,4,5,5,14
9486,10,9,26290.199999999997,5,4,2,11
9487,19,17,95635.42,4,5,5,14
9488,190,8,42575.509999999995,1,3,3,7
9489,18,7,60416.42,4,2,5,11
9490,81,9,37983.64,2,4,3,9
9491,46,9,39025.23,3,4,3,10
9492,59,6,60330.54,3,2,5,10
9493,74,8,38026.880000000005,2,3,3,8
9494,112,5,28991.55,1,1,2,4
9495,109,8,42575.65,2,3,3,8
9496,6,8,26882.26,5,3,2,10
9497,54,10,78111.15,3,4,5,12
9498,10,10,44436.31,5,4,3,12
9499,100,11,40293.73,2,5,3,10
9500,49,12,82962.79,3,5,5,13
9501,38,7,16186.49,3,2,1,6
9502,60,10,79972.33,3,4,5,12
9503,36,8,51970.6,3,3,4,10
9504,48,7,29621.65,3,2,2,7
9505,25,5,40814.53,4,1,3,8
9506,109,8,23933.48,2,3,1,6
9507,99,9,43243.58,2,4,3,9
9508,70,6,21457.260000000002,2,2,1,5
9509,6,9,49107.9,5,4,4,13
9510,125,11,50624.81,1,5,4,10
9511,165,7,36850.46000000001,1,2,3,6
9512,5,9,31630.559999999998,5,4,2,11
9513,30,11,77566.57,4,5,5,14
9514,53,5,28888.51,3,1,2,6
9515,24,6,32827.99,4,2,2,8
9516,24,7,61863.33,4,2,5,11
9517,52,6,33634.42,3,2,2,7
9518,49,8,75004.7,3,3,5,11
9519,68,8,37551.65,2,3,3,8
9520,103,12,61518.729999999996,2,5,5,12
9521,12,4,13863.18,5,1,1,7
9522,78,12,57613.73,2,5,5,12
9523,80,10,36599.87,2,4,3,9
9524,8,9,30553.170000000002,5,4,2,11
9525,60,9,53535.3,3,4,4,11
9526,78,7,28136.6,2,2,2,6
9527,112,7,31306.920000000002,1,2,2,5
9528,12,9,66750.12,5,4,5,14
9529,99,4,19172.260000000002,2,1,1,4
9530,159,6,28610.460000000003,1,2,2,5
9531,43,8,44303.409999999996,3,3,3,9
9532,34,3,26933.5,4,1,2,7
9533,90,8,29475.61,2,3,2,7
9534,8,10,41135.8,5,4,3,12
9535,66,5,25251.23,2,1,2,5
9536,39,4,17160.62,3,1,1,5
9537,106,8,43315.63,2,3,3,8
9538,47,11,38480.56,3,5,3,11
9539,60,9,43006.92,3,4,3,10
9540,20,10,34316.74,4,4,2,10
9541,10,13,38347.24,5,5,3,13
9542,11,7,49505.55,5,2,4,11
9543,27,4,19523.42,4,1,1,6
9544,52,7,35625.6,3,2,3,8
9545,7,10,49726.06,5,4,4,13
9546,39,12,44066.78,3,5,3,11
9547,24,13,92347.42,4,5,5,14
9548,164,8,50753.39,1,3,4,8
9549,41,7,34749.560000000005,3,2,2,7
9550,130,3,3690.67,1,1,1,3
9551,26,9,63628.77,4,4,5,13
9552,46,10,34601.450000000004,3,4,2,9
9553,34,7,35915.38,4,2,3,9
9554,141,7,40094.63,1,2,3,6
9555,58,7,21030.49,3,2,1,6
9556,125,6,16380.87,1,2,1,4
9557,52,9,64836.82,3,4,5,12
9558,13,15,67274.57,5,5,5,15
9559,243,4,25128.43,1,1,1,3
9560,55,11,64915.84,3,5,5,13
9561,3,8,63519.7,5,3,5,13
9562,49,4,16769.25,3,1,1,5
9563,50,8,37156.95,3,3,3,9
9564,45,9,36802.58,3,4,3,10
9565,49,7,30558.9,3,2,2,7
9566,26,8,51449.08,4,3,4,11
9567,87,7,38195.65,2,2,3,7
9568,236,4,19360.42,1,1,1,3
9569,20,7,30016.93,4,2,2,8
9570,74,7,31983.16,2,2,2,6
9571,170,9,31639.24,1,4,2,7
9572,15,14,74788.8,5,5,5,15
9573,27,9,52476.36,4,4,4,12
9574,92,8,34022.100000000006,2,3,2,7
9575,49,4,20177.620000000003,3,1,1,5
9576,95,5,22129.28,2,1,1,4
9577,52,11,58185.59,3,5,5,13
9578,33,8,59347.880000000005,4,3,5,12
9579,16,10,55123.05,4,4,4,12
9580,16,11,76180.68,4,5,5,14
9581,194,9,40676.32,1,4,3,8
9582,32,7,36104.99,4,2,3,9
9583,18,5,17344.48,4,1,1,6
9584,171,7,36915.71,1,2,3,6
9585,4,14,50622.27,5,5,4,14
9586,157,7,45795.39,1,2,4,7
9587,2,5,31412.07,5,1,2,8
9588,147,13,91713.73000000001,1,5,5,11
9589,44,6,23673.600000000002,3,2,1,6
9590,15,4,18794.09,5,1,1,7
9591,73,10,45654.89,2,4,4,10
9592,46,9,28561.2,3,4,2,9
9593,94,8,37588.96,2,3,3,8
9594,13,9,29735.83,5,4,2,11
9595,26,8,44309.34,4,3,3,10
9596,52,4,16922.53,3,1,1,5
9597,106,6,34539.0,2,2,2,6
9598,23,12,41342.86,4,5,3,12
9599,129,10,67192.85,1,4,5,10
9600,13,16,78775.42,5,5,5,15
9601,8,8,30911.13,5,3,2,10
9602,8,11,39476.56,5,5,3,13
9603,24,10,60941.7,4,4,5,13
9604,117,4,19407.760000000002,1,1,1,3
9605,144,8,47011.3,1,3,4,8
9606,58,7,35931.880000000005,3,2,3,8
9607,14,11,55743.57,5,5,4,14
9608,81,9,67645.88,2,4,5,11
9609,109,7,33424.73,2,2,2,6
9610,59,10,54823.16,3,4,4,11
9611,349,4,30088.86,1,1,2,4
9612,113,8,37548.53,1,3,3,7
9613,19,10,34714.9,4,4,2,10
9614,53,13,77492.02,3,5,5,13
9615,20,12,43985.97,4,5,3,12
9616,34,8,43752.85,4,3,3,10
9617,66,12,76108.74,2,5,5,12
9618,122,9,44929.7,1,4,4,9
9619,50,8,32440.87,3,3,2,8
9620,63,8,62810.11,2,3,5,10
9621,10,9,52488.689999999995,5,4,4,13
9622,28,6,43168.43,4,2,3,9
9623,115,7,34643.51,1,2,2,5
9624,9,10,48535.07,5,4,4,13
9625,64,10,48722.93,2,4,4,10
9626,81,7,50476.51,2,2,4,8
9627,47,9,21705.95,3,4,1,8
9628,25,6,32777.14,4,2,2,8
9629,77,10,32054.120000000003,2,4,2,8
9630,2,8,25831.79,5,3,2,10
9631,41,9,54788.14,3,4,4,11
9632,66,11,33595.39,2,5,2,9
9633,16,9,43878.34,4,4,3,11
9634,206,2,5883.9800000000005,1,1,1,3
9635,9,12,47656.6,5,5,4,14
9636,18,10,63514.92,4,4,5,13
9637,37,6,43006.28,3,2,3,8
9638,23,7,31676.82,4,2,2,8
9639,19,6,41909.73,4,2,3,9
9640,153,7,42506.07,1,2,3,6
9641,59,8,32234.8,3,3,2,8
9642,139,9,39727.95,1,4,3,8
9643,45,7,29845.010000000002,3,2,2,7
9644,2,9,48691.549999999996,5,4,4,13
9645,122,4,20178.89,1,1,1,3
9646,2,8,51837.67,5,3,4,12
9647,131,6,17381.51,1,2,1,4
9648,101,12,46831.26,2,5,4,11
9649,48,9,47114.18,3,4,4,11
9650,8,9,50045.99,5,4,4,13
9651,32,5,14092.15,4,1,1,6
9652,21,9,41379.68,4,4,3,11
9653,148,4,13894.550000000001,1,1,1,3
9654,125,5,24857.47,1,1,1,3
9655,88,9,47290.92,2,4,4,10
9656,78,7,30097.47,2,2,2,6
9657,69,10,43682.560000000005,2,4,3,9
9658,188,7,33088.19,1,2,2,5
9659,81,2,11672.37,2,1,1,4
9660,148,6,18403.52,1,2,1,4
9661,39,6,29801.66,3,2,2,7
9662,179,4,32443.010000000002,1,1,2,4
9663,132,5,26638.13,1,1,2,4
9664,34,11,42440.6,4,5,3,12
9665,14,12,56062.23,5,5,4,14
9666,17,10,46058.729999999996,4,4,4,12
9667,43,10,41912.55,3,4,3,10
9668,25,7,34105.85,4,2,2,8
9669,119,7,24254.53,1,2,1,4
9670,4,12,34867.96,5,5,2,12
9671,42,9,39003.74,3,4,3,10
9672,194,9,41052.44,1,4,3,8
9673,3,10,52750.14,5,4,4,13
9674,27,10,56748.91,4,4,4,12
9675,29,9,40701.77,4,4,3,11
9676,55,4,31440.989999999998,3,1,2,6
9677,6,8,47358.89,5,3,4,12
9678,91,8,51132.69,2,3,4,9
9679,22,4,8681.039999999999,4,1,1,6
9680,48,8,37298.82,3,3,3,9
9681,30,12,89073.18,4,5,5,14
9682,90,14,66538.46,2,5,5,12
9683,135,10,70670.56999999999,1,4,5,10
9684,19,11,57253.95,4,5,5,14
9685,44,5,21246.73,3,1,1,5
9686,118,5,26659.28,1,1,2,4
9687,97,8,46500.87,2,3,4,9
9688,9,9,45373.090000000004,5,4,4,13
9689,9,6,36094.369999999995,5,2,3,10
9690,58,7,44173.31,3,2,3,8
9691,1,13,49850.46,5,5,4,14
9692,141,7,33434.81,1,2,2,5
9693,130,7,40053.98,1,2,3,6
9694,76,5,23275.17,2,1,1,4
9695,162,7,28572.8,1,2,2,5
9696,23,8,40633.33,4,3,3,10
9697,28,10,60275.59,4,4,5,13
9698,9,11,29858.82,5,5,2,12
9699,18,8,40626.86,4,3,3,10
9700,94,6,38987.270000000004,2,2,3,7
9701,59,6,28075.78,3,2,2,7
9702,71,4,16079.539999999999,2,1,1,4
9703,6,11,44495.2,5,5,3,13
9704,21,11,37951.45,4,5,3,12
9705,81,10,62667.07,2,4,5,11
9706,17,9,46965.229999999996,4,4,4,12
9707,176,5,11361.470000000001,1,1,1,3
9708,16,5,25748.69,4,1,2,7
9709,244,7,36515.25,1,2,3,6
9710,66,16,54193.84,2,5,4,11
9711,8,5,35697.04,5,1,3,9
9712,10,8,51942.39,5,3,4,12
9713,17,7,34446.93,4,2,2,8
9714,15,5,22930.66,5,1,1,7
9715,11,13,70694.53,5,5,5,15
9716,183,5,7840.14,1,1,1,3
9717,105,9,45412.68,2,4,4,10
9718,46,6,21690.5,3,2,1,6
9719,28,7,56016.909999999996,4,2,4,10
9720,156,6,19344.059999999998,1,2,1,4
9721,20,12,55604.9,4,5,4,13
9722,12,11,50458.36,5,5,4,14
9723,7,10,65382.96,5,4,5,14
9724,25,11,43503.65,4,5,3,12
9725,16,9,45066.34,4,4,4,12
9726,33,8,53605.6,4,3,4,11
9727,166,8,21511.41,1,3,1,5
9728,155,8,33367.62,1,3,2,6
9729,422,7,47478.07,1,2,4,7
9730,30,8,44955.73,4,3,4,11
9731,82,6,52877.2,2,2,4,8
9732,285,5,30276.38,1,1,2,4
9733,140,8,43211.39,1,3,3,7
9734,315,4,10680.51,1,1,1,3
9735,67,10,37878.63,2,4,3,9
9736,29,9,44082.92,4,4,3,11
9737,58,9,36578.41,3,4,3,10
9738,7,14,87707.33,5,5,5,15
9739,221,5,12024.539999999999,1,1,1,3
9740,44,7,20261.18,3,2,1,6
9741,58,8,39772.619999999995,3,3,3,9
9742,65,10,78877.76000000001,2,4,5,11
9743,15,7,55600.25,5,2,4,11
9744,61,8,44340.270000000004,3,3,3,9
9745,104,10,83181.81999999999,2,4,5,11
9746,2,8,62515.75,5,3,5,13
9747,46,9,45605.13,3,4,4,11
9748,180,11,68222.52,1,5,5,11
9749,5,7,41817.5,5,2,3,10
9750,37,9,33709.33,3,4,2,9
9751,49,7,21951.83,3,2,1,6
9752,142,11,53918.729999999996,1,5,4,10
9753,24,11,52438.74,4,5,4,13
9754,171,3,22673.61,1,1,1,3
9755,182,6,41319.56,1,2,3,6
9756,171,6,22515.5,1,2,1,4
9757,17,9,34611.38,4,4,2,10
9758,49,5,26762.45,3,1,2,6
9759,99,7,36792.37,2,2,3,7
9760,22,6,24420.94,4,2,1,7
9761,67,4,21097.41,2,1,1,4
9762,261,8,37839.85,1,3,3,7
9763,4,11,46770.240000000005,5,5,4,14
9764,48,8,40358.32,3,3,3,9
9765,68,6,20279.75,2,2,1,5
9766,1,11,21770.84,5,5,1,11
9767,48,11,38796.72,3,5,3,11
9768,39,6,23068.489999999998,3,2,1,6
9769,3,8,51571.46,5,3,4,12
9770,82,11,54464.77,2,5,4,11
9771,34,6,35752.04,4,2,3,9
9772,37,9,52530.39,3,4,4,11
9773,119,5,24460.29,1,1,1,3
9774,19,4,22050.719999999998,4,1,1,6
9775,17,10,49551.28,4,4,4,12
9776,8,7,44302.77,5,2,3,10
9777,212,5,19166.449999999997,1,1,1,3
9778,14,7,37491.78,5,2,3,10
9779,76,13,52848.43,2,5,4,11
9780,60,8,44827.020000000004,3,3,4,10
9781,32,8,47371.93,4,3,4,11
9782,49,6,38118.32,3,2,3,8
9783,192,5,39066.3,1,1,3,5
9784,6,6,35826.549999999996,5,2,3,10
9785,88,10,55609.66,2,4,4,10
9786,79,9,53603.11,2,4,4,10
9787,6,8,49026.850000000006,5,3,4,12
9788,233,6,21362.3,1,2,1,4
9789,149,11,83901.56999999999,1,5,5,11
9790,18,5,25410.5,4,1,2,7
9791,26,9,84875.49,4,4,5,13
9792,111,8,38005.35,1,3,3,7
9793,15,8,57463.54,5,3,5,13
9794,37,8,46723.28,3,3,4,10
9795,19,11,41458.75,4,5,3,12
9796,119,5,38006.82,1,1,3,5
9797,154,9,43707.95,1,4,3,8
9798,16,12,90029.34,4,5,5,14
9799,24,8,35598.65,4,3,3,10
9800,69,8,36810.38,2,3,3,8
9801,112,11,70734.70999999999,1,5,5,11
9802,84,10,36234.4,2,4,3,9
9803,20,8,29704.99,4,3,2,9
9804,72,7,66745.87,2,2,5,9
9805,11,13,71392.83,5,5,5,15
9806,125,8,61112.28,1,3,5,9
9807,26,7,51113.46,4,2,4,10
9808,6,10,29619.78,5,4,2,11
9809,44,11,34147.84,3,5,2,10
9810,294,5,23768.059999999998,1,1,1,3
9811,113,9,46117.69,1,4,4,9
9812,44,8,44173.229999999996,3,3,3,9
9813,97,6,20798.14,2,2,1,5
9814,99,8,20594.42,2,3,1,6
9815,181,4,15598.699999999999,1,1,1,3
9816,98,10,33750.479999999996,2,4,2,8
9817,20,15,69842.95,4,5,5,14
9818,20,9,36286.84,4,4,3,11
9819,98,9,31399.489999999998,2,4,2,8
9820,6,11,53098.2,5,5,4,14
9821,114,4,25185.06,1,1,1,3
9822,2,11,54532.86,5,5,4,14
9823,48,7,35010.86,3,2,3,8
9824,4,13,49131.09,5,5,4,14
9825,33,12,63847.74,4,5,5,14
9826,9,10,48790.96,5,4,4,13
9827,165,5,36994.99,1,1,3,5
9828,45,10,53250.47,3,4,4,11
9829,23,5,17014.79,4,1,1,6
9830,119,4,24881.489999999998,1,1,1,3
9831,96,6,35912.92,2,2,3,7
9832,32,10,59424.01,4,4,5,13
9833,116,11,72028.54,1,5,5,11
9834,32,11,58543.45,4,5,5,14
9835,4,8,58421.53,5,3,5,13
9836,62,8,45665.89,3,3,4,10
9837,64,10,51009.34,2,4,4,10
9838,94,8,38037.77,2,3,3,8
9839,13,6,33307.56,5,2,2,9
9840,48,5,37241.01,3,1,3,7
9841,23,4,21280.83,4,1,1,6
9842,87,7,36794.39,2,2,3,7
9843,17,5,40700.44,4,1,3,8
9844,47,9,53902.44,3,4,4,11
9845,62,13,89237.8,3,5,5,13
9846,51,1,3408.12,3,1,1,5
9847,8,6,34567.85,5,2,2,9
9848,18,7,19066.12,4,2,1,7
9849,28,6,33714.7,4,2,2,8
9850,34,8,28886.28,4,3,2,9
9851,33,9,29407.35,4,4,2,10
9852,270,3,24796.09,1,1,1,3
9853,61,9,62192.05,3,4,5,12
9854,74,6,21822.39,2,2,1,5
9855,75,4,26089.54,2,1,2,5
9856,258,3,28666.84,1,1,2,4
9857,49,5,26296.039999999997,3,1,2,6
9858,34,7,26516.969999999998,4,2,2,8
9859,36,8,12292.49,3,3,1,7
9860,27,9,43352.75,4,4,3,11
9861,101,11,53554.630000000005,2,5,4,11
9862,45,7,25708.27,3,2,2,7
9863,17,10,53200.69,4,4,4,12
9864,132,7,40783.65,1,2,3,6
9865,8,6,40564.03,5,2,3,10
9866,92,8,43215.11,2,3,3,8
9867,26,14,82699.96,4,5,5,14
9868,1,8,55762.51,5,3,4,12
9869,10,10,39491.83,5,4,3,12
9870,81,8,45996.59,2,3,4,9
9871,215,3,7432.200000000001,1,1,1,3
9872,163,5,39889.97,1,1,3,5
9873,37,4,24242.84,3,1,1,5
9874,17,7,24770.29,4,2,1,7
9875,4,12,84047.64,5,5,5,15
9876,27,7,32065.02,4,2,2,8
9877,6,10,51050.54,5,4,4,13
9878,74,5,20441.75,2,1,1,4
9879,69,7,27371.489999999998,2,2,2,6
9880,281,7,34199.01,1,2,2,5
9881,185,6,14463.07,1,2,1,4
9882,79,7,42029.42,2,2,3,7
9883,34,12,60897.32,4,5,5,14
9884,16,6,11956.369999999999,4,2,1,7
9885,72,11,47222.4,2,5,4,11
9886,28,6,12251.41,4,2,1,7
9887,184,6,26176.21,1,2,2,5
9888,62,12,107936.2,3,5,5,13
9889,19,14,50652.15,4,5,4,13
9890,30,11,75759.38,4,5,5,14
9891,285,4,20393.87,1,1,1,3
9892,40,7,46809.11,3,2,4,9
9893,61,7,35707.4,3,2,3,8
9894,198,3,9748.26,1,1,1,3
9895,173,4,22394.58,1,1,1,3
9896,46,8,53998.07,3,3,4,10
9897,14,7,40347.009999999995,5,2,3,10
9898,35,8,23838.26,4,3,1,8
9899,70,5,29101.29,2,1,2,5
9900,214,2,9607.28,1,1,1,3
9901,48,10,46684.79,3,4,4,11
9902,40,6,40623.58,3,2,3,8
9903,158,6,21402.98,1,2,1,4
9904,84,3,9777.95,2,1,1,4
9905,35,11,77585.26000000001,4,5,5,14
9906,159,5,36467.36,1,1,3,5
9907,46,14,113633.89,3,5,5,13
9908,37,7,40484.43,3,2,3,8
9909,136,6,23807.41,1,2,1,4
9910,123,7,18676.989999999998,1,2,1,4
9911,147,4,16240.55,1,1,1,3
9912,2,6,32143.899999999998,5,2,2,9
9913,44,13,58051.51,3,5,5,13
9914,1,11,68566.56,5,5,5,15
9915,7,7,24977.17,5,2,1,8
9916,14,10,33558.31,5,4,2,11
9917,196,8,35606.14,1,3,3,7
9918,57,6,36515.51,3,2,3,8
9919,56,5,21441.629999999997,3,1,1,5
9920,15,10,48411.06,5,4,4,13
9921,22,9,52803.090000000004,4,4,4,12
9922,210,5,23811.260000000002,1,1,1,3
9923,82,7,55593.54,2,2,4,8
9924,59,6,29839.879999999997,3,2,2,7
9925,3,11,82549.61,5,5,5,15
9926,10,12,39734.19,5,5,3,13
9927,46,4,14928.359999999999,3,1,1,5
9928,59,6,40570.22,3,2,3,8
9929,38,4,36419.880000000005,3,1,3,7
9930,15,5,33598.99,5,1,2,8
9931,36,9,46507.5,3,4,4,11
9932,68,12,53583.1,2,5,4,11
9933,35,5,12622.0,4,1,1,6
9934,63,6,37444.18,2,2,3,7
9935,20,9,55851.990000000005,4,4,4,12
9936,22,9,34468.53,4,4,2,10
9937,6,6,39829.29,5,2,3,10
9938,21,8,50953.27,4,3,4,11
9939,15,8,39784.21,5,3,3,11
9940,41,8,42537.76,3,3,3,9
9941,17,2,11482.5,4,1,1,6
9942,128,8,27856.47,1,3,2,6
9943,25,8,47516.86,4,3,4,11
9944,182,7,27912.899999999998,1,2,2,5
9945,4,5,18817.35,5,1,1,7
9946,5,6,20013.04,5,2,1,8
9947,37,5,31885.86,3,1,2,6
9948,27,7,47256.12,4,2,4,10
9949,57,5,29297.15,3,1,2,6
9950,18,5,30364.33,4,1,2,7
9951,4,10,82131.88,5,4,5,14
9952,75,6,40846.08,2,2,3,7
9953,51,7,29822.91,3,2,2,7
9954,103,10,45430.26,2,4,4,10
9955,94,8,45870.380000000005,2,3,4,9
9956,175,8,50544.69,1,3,4,8
9957,6,10,87857.23,5,4,5,14
9958,1,9,48611.03,5,4,4,13
9959,22,9,31850.64,4,4,2,10
9960,7,10,39396.02,5,4,3,12
9961,161,7,21426.77,1,2,1,4
9962,105,7,24555.55,2,2,1,5
9963,108,4,27424.04,2,1,2,5
9964,4,11,55324.82,5,5,4,14
9965,17,9,40014.78,4,4,3,11
9966,14,5,30012.129999999997,5,1,2,8
9967,77,8,59999.840000000004,2,3,5,10
9968,108,4,31779.68,2,1,2,5
9969,7,10,53289.82,5,4,4,13
9970,48,11,44393.81,3,5,3,11
9971,13,11,48859.71,5,5,4,14
9972,111,7,50915.04,1,2,4,7
9973,114,10,61594.86,1,4,5,10
9974,47,7,36059.310000000005,3,2,3,8
9975,101,4,8878.84,2,1,1,4
9976,63,5,26299.989999999998,2,1,2,5
9977,3,10,36775.03,5,4,3,12
9978,29,9,45711.18,4,4,4,12
9979,3,11,84696.29,5,5,5,15
9980,138,4,15364.31,1,1,1,3
9981,41,12,88610.02,3,5,5,13
9982,132,5,28398.55,1,1,2,4
9983,156,4,13252.539999999999,1,1,1,3
9984,40,6,21378.52,3,2,1,6
9985,60,8,40356.82,3,3,3,9
9986,26,9,46659.37,4,4,4,12
9987,21,5,28996.79,4,1,2,7
9988,60,9,63367.39,3,4,5,12
9989,166,8,47617.3,1,3,4,8
9990,20,11,46221.130000000005,4,5,4,13
9991,162,6,17969.08,1,2,1,4
9992,3,5,26498.780000000002,5,1,2,8
9993,53,7,46079.55,3,2,4,9
9994,11,13,57807.64,5,5,5,15
9995,23,9,45266.17,4,4,4,12
9996,17,10,58916.39,4,4,5,13
9997,117,10,44785.35,1,4,4,9
9998,170,3,20817.21,1,1,1,3
9999,163,2,8896.5,1,1,1,3
10000,38,7,49212.479999999996,3,2,4,9
10001,40,7,26817.36,3,2,2,7
10002,152,7,49026.98,1,2,4,7
10003,45,12,67241.92,3,5,5,13
10004,21,9,44676.49,4,4,4,12
10005,3,4,28961.79,5,1,2,8
10006,18,9,61386.6,4,4,5,13
10007,45,9,47202.55,3,4,4,11
10008,11,7,19044.449999999997,5,2,1,8
10009,39,5,30372.43,3,1,2,6
10010,362,6,33486.33,1,2,2,5
10011,83,8,49479.73,2,3,4,9
10012,17,5,18921.920000000002,4,1,1,6
10013,153,4,16959.55,1,1,1,3
10014,26,8,47563.11,4,3,4,11
10015,92,4,15065.07,2,1,1,4
10016,9,11,61294.0,5,5,5,15
10017,100,9,28470.95,2,4,2,8
10018,11,9,43091.78,5,4,3,12
10019,86,12,67018.89,2,5,5,12
10020,50,5,18938.74,3,1,1,5
10021,8,3,8644.6,5,1,1,7
10022,37,10,52027.94,3,4,4,11
10023,64,7,32342.129999999997,2,2,2,6
10024,88,8,47467.08,2,3,4,9
10025,5,7,29657.23,5,2,2,9
10026,14,14,48877.81,5,5,4,14
10027,68,7,18504.77,2,2,1,5
10028,33,15,101104.8,4,5,5,14
10029,142,6,45352.31,1,2,4,7
10030,91,5,21117.6,2,1,1,4
10031,46,7,48900.71,3,2,4,9
10032,154,6,41325.659999999996,1,2,3,6
10033,129,7,18620.68,1,2,1,4
10034,102,6,34711.96000000001,2,2,2,6
10035,20,7,39056.03,4,2,3,9
10036,29,10,55498.43,4,4,4,12
10037,101,6,26541.52,2,2,2,6
10038,51,8,43286.72,3,3,3,9
10039,87,8,49630.36,2,3,4,9
10040,33,9,31124.72,4,4,2,10
10041,25,9,35805.36,4,4,3,11
10042,99,6,48599.31,2,2,4,8
10043,183,5,13951.32,1,1,1,3
10044,27,9,34997.560000000005,4,4,3,11
10045,17,11,58307.71000000001,4,5,5,14
10046,99,13,66036.36,2,5,5,12
10047,4,4,34530.29,5,1,2,8
10048,108,5,29039.690000000002,2,1,2,5
10049,40,6,20137.79,3,2,1,6
10050,57,8,27795.55,3,3,2,8
10051,16,10,43870.26,4,4,3,11
10052,17,7,21445.61,4,2,1,7
10053,217,7,29052.25,1,2,2,5
10054,46,5,27855.03,3,1,2,6
10055,14,12,42984.74,5,5,3,13
10056,115,8,38668.38,1,3,3,7
10057,11,9,37236.45,5,4,3,12
10058,107,5,29253.559999999998,2,1,2,5
10059,5,9,32009.629999999997,5,4,2,11
10060,206,5,23133.809999999998,1,1,1,3
10061,76,12,69880.66,2,5,5,12
10062,87,6,33102.56,2,2,2,6
10063,40,11,64602.83,3,5,5,13
10064,73,7,19384.239999999998,2,2,1,5
10065,112,8,21153.3,1,3,1,5
10066,123,8,29854.02,1,3,2,6
10067,40,9,28912.46,3,4,2,9
10068,7,5,22873.06,5,1,1,7
10069,212,8,46893.79,1,3,4,8
10070,98,8,68302.76,2,3,5,10
10071,13,8,22838.1,5,3,1,9
10072,41,7,30418.24,3,2,2,7
10073,44,8,35745.77,3,3,3,9
10074,118,8,25897.11,1,3,2,6
10075,20,8,33674.09,4,3,2,9
10076,16,14,91100.37,4,5,5,14
10077,75,10,62608.85,2,4,5,11
10078,2,15,62138.51,5,5,5,15
10079,84,6,25116.82,2,2,1,5
10080,34,9,38161.13,4,4,3,11
10081,6,9,47002.06,5,4,4,13
10082,101,12,69130.91,2,5,5,12
10083,10,12,47711.82,5,5,4,14
10084,110,11,51099.55,1,5,4,10
10085,133,8,43224.82,1,3,3,7
10086,65,6,37567.78,2,2,3,7
10087,155,5,26111.309999999998,1,1,2,4
10088,38,11,62908.2,3,5,5,13
10089,18,7,42932.18,4,2,3,9
10090,7,12,69478.5,5,5,5,15
10091,58,13,88607.69,3,5,5,13
10092,73,5,30360.28,2,1,2,5
10093,65,7,39323.79,2,2,3,7
10094,78,9,45078.43,2,4,4,10
10095,60,9,61044.94,3,4,5,12
10096,244,10,31731.42,1,4,2,7
10097,84,10,31589.67,2,4,2,8
10098,10,12,52976.11,5,5,4,14
10099,13,11,77694.02,5,5,5,15
10100,28,10,59634.28,4,4,5,13
10101,130,10,60475.33,1,4,5,10
10102,35,3,20686.1,4,1,1,6
10103,179,6,29421.29,1,2,2,5
10104,37,9,67997.78,3,4,5,12
10105,8,11,71694.09,5,5,5,15
10106,92,7,61148.28,2,2,5,9
10107,16,6,17794.49,4,2,1,7
10108,35,11,61511.61,4,5,5,14
10109,42,10,32254.55,3,4,2,9
10110,20,10,38558.55,4,4,3,11
10111,17,12,46831.27,4,5,4,13
10112,87,6,41883.59,2,2,3,7
10113,41,4,22460.21,3,1,1,5
10114,101,8,20460.39,2,3,1,6
10115,79,3,2855.23,2,1,1,4
10116,52,5,15020.54,3,1,1,5
10117,166,9,41260.37,1,4,3,8
10118,22,9,39116.06,4,4,3,11
10119,39,7,53263.02,3,2,4,9
10120,24,8,41825.520000000004,4,3,3,10
10121,4,7,24235.629999999997,5,2,1,8
10122,56,13,114284.81,3,5,5,13
10123,81,8,41574.26,2,3,3,8
10124,43,5,28743.55,3,1,2,6
10125,23,3,23724.25,4,1,1,6
10126,10,14,81039.32,5,5,5,15
10127,152,4,11690.66,1,1,1,3
10128,3,8,36014.57,5,3,3,11
10129,18,5,29889.39,4,1,2,7
10130,137,6,8683.7,1,2,1,4
10131,47,9,30660.57,3,4,2,9
10132,94,6,14382.849999999999,2,2,1,5
10133,53,8,42187.37,3,3,3,9
10134,68,5,37240.26,2,1,3,6
10135,1,7,31265.940000000002,5,2,2,9
10136,56,7,22998.97,3,2,1,6
10137,24,9,44531.93,4,4,3,11
10138,437,1,420.56,1,1,1,3
10139,59,9,48013.479999999996,3,4,4,11
10140,91,11,51116.03999999999,2,5,4,11
10141,18,8,58911.21,4,3,5,12
10142,91,7,48829.47,2,2,4,8
10143,1,9,41023.84,5,4,3,12
10144,11,6,14411.9,5,2,1,8
10145,4,7,44718.47,5,2,4,11
10146,65,9,59286.71,2,4,5,11
10147,140,4,19073.350000000002,1,1,1,3
10148,74,5,25907.16,2,1,2,5
10149,27,5,33375.0,4,1,2,7
10150,40,11,60964.75,3,5,5,13
10151,72,10,66316.31,2,4,5,11
10152,15,5,9402.49,5,1,1,7
10153,283,4,4748.58,1,1,1,3
10154,51,5,35022.4,3,1,3,7
10155,128,7,39300.479999999996,1,2,3,6
10156,75,8,32054.25,2,3,2,7
10157,2,9,39855.619999999995,5,4,3,12
10158,154,7,39763.45,1,2,3,6
10159,42,4,22188.39,3,1,1,5
10160,64,11,46020.54,2,5,4,11
10161,45,5,18644.07,3,1,1,5
10162,95,7,33213.88,2,2,2,6
10163,57,11,84411.25,3,5,5,13
10164,2,7,50410.02,5,2,4,11
10165,44,13,70515.37,3,5,5,13
10166,85,11,44881.630000000005,2,5,4,11
10167,221,6,37042.36,1,2,3,6
10168,72,12,54938.55,2,5,4,11
10169,27,14,76373.5,4,5,5,14
10170,304,5,36713.979999999996,1,1,3,5
10171,155,4,24729.38,1,1,1,3
10172,20,10,58330.270000000004,4,4,5,13
10173,34,9,24159.23,4,4,1,9
10174,5,10,43216.33,5,4,3,12
10175,18,8,42412.36,4,3,3,10
10176,65,7,21407.300000000003,2,2,1,5
10177,122,7,29552.06,1,2,2,5
10178,2,9,58179.4,5,4,5,14
10179,3,9,35601.21,5,4,3,12
10180,405,4,12441.16,1,1,1,3
10181,101,8,48365.35,2,3,4,9
10182,72,10,54122.57,2,4,4,10
10183,12,4,15368.350000000002,5,1,1,7
10184,123,5,18675.19,1,1,1,3
10185,51,11,57872.05,3,5,5,13
10186,82,9,71662.5,2,4,5,11
10187,25,5,16232.630000000001,4,1,1,6
10188,74,11,66432.87,2,5,5,12
10189,46,5,25341.64,3,1,2,6
10190,156,5,28332.1,1,1,2,4
10191,12,8,35348.44,5,3,3,11
10192,83,12,59954.09,2,5,5,12
10193,38,6,32974.98,3,2,2,7
10194,343,4,17364.51,1,1,1,3
10195,80,6,32604.2,2,2,2,6
10196,59,7,41629.79,3,2,3,8
10197,34,11,76064.05,4,5,5,14
10198,148,6,42284.54,1,2,3,6
10199,18,12,62846.06,4,5,5,14
10200,32,12,89169.64,4,5,5,14
10201,10,12,52412.57,5,5,4,14
10202,121,12,46041.06,1,5,4,10
10203,77,9,37067.72,2,4,3,9
10204,95,6,22011.090000000004,2,2,1,5
10205,13,9,61521.27,5,4,5,14
10206,125,4,31087.39,1,1,2,4
10207,53,11,54703.32,3,5,4,12
10208,12,11,75712.18,5,5,5,15
10209,27,14,55081.409999999996,4,5,4,13
10210,6,8,37917.67,5,3,3,11
10211,15,9,56296.39,5,4,4,13
10212,9,10,48953.59,5,4,4,13
10213,35,6,48085.340000000004,4,2,4,10
10214,82,9,38442.71,2,4,3,9
10215,63,6,18004.61,2,2,1,5
10216,20,9,58306.13,4,4,5,13
10217,166,6,51380.97,1,2,4,7
10218,74,7,23322.02,2,2,1,5
10219,122,6,31297.64,1,2,2,5
10220,2,15,61262.2,5,5,5,15
10221,102,4,41748.84,2,1,3,6
10222,64,8,31288.22,2,3,2,7
10223,84,8,61469.85,2,3,5,10
10224,131,4,28321.17,1,1,2,4
10225,37,9,30584.77,3,4,2,9
10226,30,3,11316.619999999999,4,1,1,6
10227,99,5,32247.43,2,1,2,5
10228,57,5,22337.36,3,1,1,5
10229,78,11,37727.83,2,5,3,10
10230,63,6,19536.34,2,2,1,5
10231,139,3,24750.61,1,1,1,3
10232,11,6,22853.66,5,2,1,8
10233,31,14,83358.49,4,5,5,14
10234,92,8,45703.84,2,3,4,9
10235,1,10,54296.29,5,4,4,13
10236,128,13,84742.77,1,5,5,11
10237,94,7,32223.03,2,2,2,6
10238,15,9,54217.65,5,4,4,13
10239,28,9,24710.47,4,4,1,9
10240,13,9,34917.15,5,4,3,12
10241,52,6,26224.179999999997,3,2,2,7
10242,54,7,32990.51,3,2,2,7
10243,117,7,38988.34,1,2,3,6
10244,58,10,60149.79,3,4,5,12
10245,178,3,19236.93,1,1,1,3
10246,86,10,41904.89,2,4,3,9
10247,20,6,24795.97,4,2,1,7
10248,22,3,14750.82,4,1,1,6
10249,38,9,57711.25,3,4,5,12
10250,65,11,72635.76,2,5,5,12
10251,207,7,29739.53,1,2,2,5
10252,20,11,50506.380000000005,4,5,4,13
10253,53,5,33345.85,3,1,2,6
10254,32,11,39325.81,4,5,3,12
10255,25,11,32151.73,4,5,2,11
10256,139,4,27792.589999999997,1,1,2,4
10257,28,11,43636.73,4,5,3,12
10258,45,8,36644.32,3,3,3,9
10259,41,5,36769.850000000006,3,1,3,7
10260,68,12,45479.88,2,5,4,11
10261,58,9,41030.5,3,4,3,10
10262,30,12,66226.82,4,5,5,14
10263,17,3,16091.66,4,1,1,6
10264,78,11,84428.77,2,5,5,12
10265,97,11,72351.21,2,5,5,12
10266,35,12,34729.84,4,5,2,11
10267,21,8,39788.04,4,3,3,10
10268,41,7,45653.759999999995,3,2,4,9
10269,72,4,35515.479999999996,2,1,3,6
10270,46,9,29901.44,3,4,2,9
10271,4,7,20221.61,5,2,1,8
10272,87,12,41048.42,2,5,3,10
10273,54,7,25636.89,3,2,2,7
10274,220,3,11963.47,1,1,1,3
10275,150,7,30724.739999999998,1,2,2,5
10276,48,12,59229.78,3,5,5,13
10277,158,5,24094.44,1,1,1,3
10278,51,2,2804.91,3,1,1,5
10279,62,8,27098.760000000002,3,3,2,8
10280,48,7,31718.8,3,2,2,7
10281,28,9,67933.97,4,4,5,13
10282,87,10,53056.71,2,4,4,10
10283,5,11,58384.490000000005,5,5,5,15
10284,40,11,64375.52,3,5,5,13
10285,17,8,28965.12,4,3,2,9
10286,80,9,63485.76,2,4,5,11
10287,34,13,62022.67,4,5,5,14
10288,18,12,79170.78,4,5,5,14
10289,73,6,22506.87,2,2,1,5
10290,186,9,55111.4,1,4,4,9
10291,32,12,58945.579999999994,4,5,5,14
10292,22,8,35506.21,4,3,3,10
10293,142,4,22839.670000000002,1,1,1,3
10294,28,11,53936.72,4,5,4,13
10295,10,8,34810.46,5,3,2,10
10296,67,8,48513.1,2,3,4,9
10297,17,6,33063.5,4,2,2,8
10298,46,9,34712.67,3,4,2,9
10299,13,12,64892.53,5,5,5,15
10300,42,9,43061.81,3,4,3,10
10301,60,9,52778.38,3,4,4,11
10302,23,7,44833.2,4,2,4,10
10303,2,11,59499.55,5,5,5,15
10304,177,7,30604.69,1,2,2,5
10305,21,4,17904.68,4,1,1,6
10306,25,9,74359.09999999999,4,4,5,13
10307,22,10,39630.67,4,4,3,11
10308,14,12,54707.32,5,5,4,14
10309,80,8,49752.479999999996,2,3,4,9
10310,189,4,16804.21,1,1,1,3
10311,68,7,28019.859999999997,2,2,2,6
10312,101,14,75104.23,2,5,5,12
10313,5,6,38346.990000000005,5,2,3,10
10314,46,10,47262.06,3,4,4,11
10315,48,3,23798.300000000003,3,1,1,5
10316,13,8,36973.490000000005,5,3,3,11
10317,75,10,48310.86,2,4,4,10
10318,23,11,58458.57,4,5,5,14
10319,35,9,31078.22,4,4,2,10
10320,32,13,68718.29,4,5,5,14
10321,94,9,78719.28,2,4,5,11
10322,25,7,26654.69,4,2,2,8
10323,63,8,22979.31,2,3,1,6
10324,41,7,50669.08,3,2,4,9
10325,50,13,53341.76,3,5,4,12
10326,23,14,66121.18,4,5,5,14
10327,54,12,48707.979999999996,3,5,4,12
10328,124,10,76829.06,1,4,5,10
10329,9,6,30142.48,5,2,2,9
10330,8,7,23653.91,5,2,1,8
10331,236,3,17906.29,1,1,1,3
10332,39,7,22633.989999999998,3,2,1,6
10333,72,3,20422.7,2,1,1,4
10334,55,11,68867.66,3,5,5,13
10335,39,6,21793.46,3,2,1,6
10336,21,6,32503.149999999998,4,2,2,8
10337,44,8,45271.03,3,3,4,10
10338,31,10,81841.63,4,4,5,13
10339,14,13,69718.33,5,5,5,15
10340,3,13,75321.75,5,5,5,15
10341,93,8,40136.909999999996,2,3,3,8
10342,95,9,47377.27,2,4,4,10
10343,163,4,11546.119999999999,1,1,1,3
10344,216,6,42800.87,1,2,3,6
10345,171,4,28320.07,1,1,2,4
10346,102,5,28363.49,2,1,2,5
10347,43,6,34016.86,3,2,2,7
10348,41,5,11385.77,3,1,1,5
10349,6,7,47422.21,5,2,4,11
10350,18,7,38518.99,4,2,3,9
10351,16,6,31316.100000000002,4,2,2,8
10352,147,8,24985.88,1,3,1,5
10353,63,10,64110.55,2,4,5,11
10354,21,9,49956.76,4,4,4,12
10355,15,9,65835.33,5,4,5,14
10356,78,10,68759.33,2,4,5,11
10357,199,12,80389.69,1,5,5,11
10358,138,13,51774.75,1,5,4,10
10359,56,14,96198.98999999999,3,5,5,13
10360,52,6,32149.480000000003,3,2,2,7
10361,8,7,36948.93,5,2,3,10
10362,62,6,48519.05,3,2,4,9
10363,5,13,68183.6,5,5,5,15
10364,20,7,36959.15,4,2,3,9
10365,106,11,67240.83,2,5,5,12
10366,157,10,55911.37,1,4,4,9
10367,28,8,20222.68,4,3,1,8
10368,9,11,40676.8,5,5,3,13
10369,36,13,71310.15,3,5,5,13
10370,26,8,23792.58,4,3,1,8
10371,22,11,67319.24,4,5,5,14
10372,168,4,13152.53,1,1,1,3
10373,78,7,37695.380000000005,2,2,3,7
10374,162,8,72509.06999999999,1,3,5,9
10375,190,3,17381.61,1,1,1,3
10376,1,14,74763.44,5,5,5,15
10377,89,6,24998.1,2,2,1,5
10378,79,6,26972.9,2,2,2,6
10379,194,6,35872.56,1,2,3,6
10380,72,7,49210.409999999996,2,2,4,8
10381,99,7,34152.31,2,2,2,6
10382,48,12,57778.79,3,5,5,13
10383,141,5,25444.590000000004,1,1,2,4
10384,75,3,12374.779999999999,2,1,1,4
10385,63,7,42569.74,2,2,3,7
10386,112,5,25572.53,1,1,2,4
10387,110,9,18368.99,1,4,1,6
10388,91,8,29441.55,2,3,2,7
10389,67,6,37659.770000000004,2,2,3,7
10390,48,9,55642.78,3,4,4,11
10391,72,8,45815.31,2,3,4,9
10392,43,5,20536.83,3,1,1,5
10393,69,8,31383.71,2,3,2,7
10394,31,5,18242.3,4,1,1,6
10395,2,9,37742.07,5,4,3,12
10396,13,14,76420.71,5,5,5,15
10397,38,8,48409.49,3,3,4,10
10398,23,14,68065.21,4,5,5,14
10399,87,6,20194.66,2,2,1,5
10400,143,6,39988.020000000004,1,2,3,6
10401,35,11,53253.82000000001,4,5,4,13
10402,3,9,40307.88,5,4,3,12
10403,199,8,42588.21,1,3,3,7
10404,1,10,47907.26,5,4,4,13
10405,61,6,37693.659999999996,3,2,3,8
10406,9,13,48439.0,5,5,4,14
10407,18,8,30126.73,4,3,2,9
10408,50,4,10417.130000000001,3,1,1,5
10409,52,10,36500.61,3,4,3,10
10410,12,7,51422.06,5,2,4,11
10411,32,6,33968.35,4,2,2,8
10412,16,11,50908.44,4,5,4,13
10413,28,5,31619.03,4,1,2,7
10414,34,6,22539.309999999998,4,2,1,7
10415,46,7,51132.380000000005,3,2,4,9
10416,180,8,50035.29,1,3,4,8
10417,29,7,23244.98,4,2,1,7
10418,46,7,33144.43,3,2,2,7
10419,56,8,47777.77,3,3,4,10
10420,3,14,60749.06,5,5,5,15
10421,45,9,47419.56,3,4,4,11
10422,40,5,17915.1,3,1,1,5
10423,4,9,54665.78999999999,5,4,4,13
10424,6,8,44734.59,5,3,4,12
10425,30,7,28867.600000000002,4,2,2,8
10426,39,7,28663.0,3,2,2,7
10427,296,8,30813.37,1,3,2,6
10428,143,10,48861.78,1,4,4,9
10429,24,7,39913.65,4,2,3,9
10430,89,7,65464.72,2,2,5,9
10431,23,12,47328.01,4,5,4,13
10432,102,9,32484.8,2,4,2,8
10433,36,6,36112.14,3,2,3,8
10434,6,11,37625.75,5,5,3,13
10435,10,6,30583.63,5,2,2,9
10436,214,7,27128.2,1,2,2,5
10437,74,9,31125.260000000002,2,4,2,8
10438,92,7,61558.49,2,2,5,9
10439,519,2,14151.83,1,1,1,3
10440,14,7,33101.41,5,2,2,9
10441,87,8,23690.14,2,3,1,6
10442,25,10,49803.18,4,4,4,12
10443,22,11,33447.14,4,5,2,11
10444,74,5,14994.929999999998,2,1,1,4
10445,73,7,36688.36,2,2,3,7
10446,231,4,14058.439999999999,1,1,1,3
10447,73,10,48018.689999999995,2,4,4,10
10448,89,8,36404.99,2,3,3,8
10449,115,6,26263.58,1,2,2,5
10450,132,7,43586.29,1,2,3,6
10451,11,5,41633.36,5,1,3,9
10452,29,7,38026.77,4,2,3,9
10453,22,8,27321.81,4,3,2,9
10454,144,7,19374.68,1,2,1,4
10455,172,14,65908.79,1,5,5,11
10456,58,8,25800.72,3,3,2,8
10457,6,8,34460.270000000004,5,3,2,10
10458,118,6,28694.77,1,2,2,5
10459,32,12,33602.72,4,5,2,11
10460,25,7,34154.64,4,2,2,8
10461,36,6,24673.85,3,2,1,6
10462,137,4,19622.62,1,1,1,3
10463,21,5,21953.21,4,1,1,6
10464,201,6,38458.06,1,2,3,6
10465,41,4,21272.27,3,1,1,5
10466,18,9,36173.85,4,4,3,11
10467,25,8,37258.6,4,3,3,10
10468,23,8,55383.69,4,3,4,11
10469,21,7,27019.920000000002,4,2,2,8
10470,111,8,39576.72,1,3,3,7
10471,70,11,64697.21,2,5,5,12
10472,75,8,27183.019999999997,2,3,2,7
10473,28,15,75898.38,4,5,5,14
10474,78,9,53312.06,2,4,4,10
10475,22,11,68242.75,4,5,5,14
10476,16,17,82467.23,4,5,5,14
10477,243,10,65769.49,1,4,5,10
10478,67,11,50481.57,2,5,4,11
10479,97,7,44421.29,2,2,3,7
10480,21,8,61939.770000000004,4,3,5,12
10481,15,6,23930.82,5,2,1,8
10482,49,9,54393.5,3,4,4,11
10483,13,11,71774.69,5,5,5,15
10484,80,8,36124.82,2,3,3,8
10485,133,10,67947.46,1,4,5,10
10487,77,8,49904.02,2,3,4,9
10488,77,8,51794.19,2,3,4,9
10489,146,10,34833.67,1,4,2,7
10490,259,3,9260.55,1,1,1,3
10491,41,6,25784.97,3,2,2,7
10492,17,6,25352.019999999997,4,2,2,8
10493,29,6,41200.78,4,2,3,9
10494,7,8,55715.31,5,3,4,12
10495,85,5,32111.97,2,1,2,5
10496,7,8,37728.93,5,3,3,11
10497,74,5,25352.579999999998,2,1,2,5
10498,31,8,17581.11,4,3,1,8
10499,67,3,15463.880000000001,2,1,1,4
10500,47,7,28856.2,3,2,2,7
10501,117,6,48638.72,1,2,4,7
10502,4,6,20792.43,5,2,1,8
10503,75,13,56622.41,2,5,4,11
10504,106,8,17723.37,2,3,1,6
10505,192,12,24756.87,1,5,1,7
10506,9,4,31075.82,5,1,2,8
10507,29,5,30994.62,4,1,2,7
10508,145,7,34285.01,1,2,2,5
10509,24,6,13185.97,4,2,1,7
10510,39,12,70236.76,3,5,5,13
10511,95,5,34084.59,2,1,2,5
10512,78,11,82101.41,2,5,5,12
10513,61,8,43155.01,3,3,3,9
10514,64,10,37774.98,2,4,3,9
10515,97,6,44562.09,2,2,4,8
10516,61,10,64012.54,3,4,5,12
10517,131,6,30922.21,1,2,2,5
10518,173,5,17276.03,1,1,1,3
10519,174,10,32349.25,1,4,2,7
10520,28,8,40344.840000000004,4,3,3,10
10521,33,8,40288.37,4,3,3,10
10522,48,5,24752.9,3,1,1,5
10523,17,10,59735.14,4,4,5,13
10524,209,8,48097.24,1,3,4,8
10525,61,5,22627.42,3,1,1,5
10526,3,8,22266.760000000002,5,3,1,9
10527,5,8,39701.76,5,3,3,11
10528,65,4,38995.9,2,1,3,6
10529,43,10,46478.71,3,4,4,11
10530,13,7,46932.83,5,2,4,11
10531,72,8,51993.36,2,3,4,9
10532,16,12,84097.81,4,5,5,14
10533,78,14,69854.35,2,5,5,12
10534,125,11,35730.38,1,5,3,9
10535,28,13,89004.24,4,5,5,14
10536,2,11,51860.76,5,5,4,14
10537,18,8,25376.15,4,3,2,9
10538,24,8,52807.76,4,3,4,11
10539,73,5,16776.39,2,1,1,4
10540,12,10,67014.45,5,4,5,14
10541,53,10,70221.99,3,4,5,12
10542,70,6,21358.49,2,2,1,5
10543,28,5,19297.91,4,1,1,6
10544,258,3,5450.45,1,1,1,3
10545,57,6,29713.72,3,2,2,7
10546,48,11,62013.46,3,5,5,13
10547,22,7,54972.68,4,2,4,10
10548,60,5,28536.699999999997,3,1,2,6
10549,12,6,28901.07,5,2,2,9
10550,41,8,45264.9,3,3,4,10
10551,12,8,46703.72,5,3,4,12
10552,29,9,51795.24,4,4,4,12
10553,173,12,56827.08,1,5,4,10
10554,23,8,51470.409999999996,4,3,4,11
10555,19,8,71050.33,4,3,5,12
10556,144,8,43120.89,1,3,3,7
10557,12,4,17611.48,5,1,1,7
10558,19,12,51737.630000000005,4,5,4,13
10559,107,8,52640.28,2,3,4,9
10560,34,9,30938.02,4,4,2,10
10561,45,5,28431.39,3,1,2,6
10562,18,7,14976.42,4,2,1,7
10563,49,9,60745.39,3,4,5,12
10564,6,11,77597.84999999999,5,5,5,15
10565,94,7,22978.46,2,2,1,5
10566,28,10,40353.98,4,4,3,11
10567,52,12,48297.07,3,5,4,12
10568,294,2,18461.86,1,1,1,3
10569,93,9,37449.71,2,4,3,9
10570,7,12,61699.51,5,5,5,15
10571,51,7,34202.99,3,2,2,7
10572,8,11,64141.740000000005,5,5,5,15
10573,76,11,59615.9,2,5,5,12
10574,29,9,45620.090000000004,4,4,4,12
10575,141,7,20052.86,1,2,1,4
10576,21,6,37828.28,4,2,3,9
10577,81,13,74831.73,2,5,5,12
10578,38,8,17317.52,3,3,1,7
10579,104,10,84233.85,2,4,5,11
10580,249,6,29239.27,1,2,2,5
10581,11,7,59262.770000000004,5,2,5,12
10582,10,7,37442.42,5,2,3,10
10583,6,5,20897.140000000003,5,1,1,7
10584,24,10,38435.09,4,4,3,11
10585,18,15,72182.24,4,5,5,14
10586,36,7,42476.5,3,2,3,8
10587,102,12,44744.130000000005,2,5,4,11
10588,116,5,14083.43,1,1,1,3
10589,15,11,49788.5,5,5,4,14
10590,3,9,51173.399999999994,5,4,4,13
10591,80,4,9408.24,2,1,1,4
10592,40,8,52226.36,3,3,4,10
10593,25,6,36148.67,4,2,3,9
10594,69,11,48540.37,2,5,4,11
10595,2,10,55126.65,5,4,4,13
10596,87,7,32433.21,2,2,2,6
10597,81,6,26394.86,2,2,2,6
10598,9,12,46870.78,5,5,4,14
10599,38,9,44792.9,3,4,4,11
10600,18,3,22336.63,4,1,1,6
10601,35,3,24063.2,4,1,1,6
10602,108,8,66775.26000000001,2,3,5,10
10603,13,9,39157.32000000001,5,4,3,12
10604,2,7,28818.120000000003,5,2,2,9
10605,82,8,42146.25,2,3,3,8
10606,108,8,28988.91,2,3,2,7
10607,64,10,34864.38,2,4,2,8
10608,5,12,42604.03,5,5,3,13
10609,66,8,33017.26,2,3,2,7
10610,31,10,60663.47,4,4,5,13
10611,1,9,36241.56,5,4,3,12
10612,11,13,67249.47,5,5,5,15
10613,16,5,42480.259999999995,4,1,3,8
10614,17,9,41652.85,4,4,3,11
10615,99,10,48648.020000000004,2,4,4,10
10616,47,8,37271.08,3,3,3,9
10617,1,9,29291.97,5,4,2,11
10618,30,14,102970.03,4,5,5,14
10619,46,3,19282.760000000002,3,1,1,5
10620,80,4,23452.5,2,1,1,4
10621,50,5,39066.5,3,1,3,7
10622,29,11,67162.79,4,5,5,14
10623,70,8,40876.0,2,3,3,8
10624,9,17,90513.62,5,5,5,15
10625,18,12,91557.67,4,5,5,14
10626,118,5,38231.48,1,1,3,5
10627,28,5,47853.78,4,1,4,9
10628,105,11,37237.16,2,5,3,10
10629,145,8,49148.47,1,3,4,8
10630,13,5,23714.14,5,1,1,7
10631,22,7,38354.009999999995,4,2,3,9
10632,27,9,51231.85,4,4,4,12
10633,10,10,27008.12,5,4,2,11
10634,12,9,55438.02,5,4,4,13
10635,104,5,31488.03,2,1,2,5
10636,42,7,55752.97,3,2,4,9
10637,36,10,51901.62,3,4,4,11
10638,63,8,49484.799999999996,2,3,4,9
10639,322,5,14591.31,1,1,1,3
10640,44,9,41052.43,3,4,3,10
10641,24,11,32690.79,4,5,2,11
10642,68,7,47148.74,2,2,4,8
10643,20,16,92339.95999999999,4,5,5,14
10644,73,9,49698.53,2,4,4,10
10645,24,10,73683.49,4,4,5,13
10646,60,7,35954.57,3,2,3,8
10647,40,7,26621.260000000002,3,2,2,7
10648,1,7,54278.229999999996,5,2,4,11
10649,70,11,60298.05,2,5,5,12
10650,9,9,61722.65,5,4,5,14
10651,6,7,35107.74,5,2,3,10
10652,30,6,32840.97,4,2,2,8
10653,24,11,43812.78,4,5,3,12
10654,37,7,37958.79,3,2,3,8
10655,24,9,35190.17,4,4,3,11
10656,6,8,58142.94,5,3,5,13
10657,43,12,70269.74,3,5,5,13
10658,76,3,18279.43,2,1,1,4
10659,37,8,27227.58,3,3,2,8
10660,233,2,10739.710000000001,1,1,1,3
10661,3,16,78554.25,5,5,5,15
10662,37,8,56071.15,3,3,4,10
10663,6,12,84876.22,5,5,5,15
10664,20,8,37369.44,4,3,3,10
10665,203,5,43828.21,1,1,3,5
10666,13,10,67160.86,5,4,5,14
10667,524,1,10193.01,1,1,1,3
10668,172,3,9714.619999999999,1,1,1,3
10669,137,6,42599.44,1,2,3,6
10670,4,7,41436.659999999996,5,2,3,10
10671,99,14,62384.18,2,5,5,12
10672,234,6,54083.46,1,2,4,7
10673,25,7,27577.17,4,2,2,8
10674,151,8,36885.48,1,3,3,7
10675,26,6,19971.79,4,2,1,7
10676,45,6,31700.73,3,2,2,7
10677,341,4,12511.16,1,1,1,3
10678,25,11,51809.96,4,5,4,13
10679,14,10,62309.13,5,4,5,14
10680,79,11,65509.119999999995,2,5,5,12
10681,2,7,23223.33,5,2,1,8
10682,8,4,23610.77,5,1,1,7
10683,13,6,26992.32,5,2,2,9
10684,61,8,44308.03,3,3,3,9
10685,130,6,19644.04,1,2,1,4
10686,18,16,68982.52,4,5,5,14
10687,88,13,60960.66,2,5,5,12
10688,28,9,28937.620000000003,4,4,2,10
10689,31,9,41661.58,4,4,3,11
10690,116,8,44579.65,1,3,4,8
10691,135,7,26122.38,1,2,2,5
10692,37,8,46895.31,3,3,4,10
10693,10,14,75272.58,5,5,5,15
10694,329,2,3961.06,1,1,1,3
10695,12,15,67840.45,5,5,5,15
10696,73,7,41710.65,2,2,3,7
10697,15,11,55016.53,5,5,4,14
10698,67,10,45098.67,2,4,4,10
10699,271,5,28598.4,1,1,2,4
10700,181,10,45251.78,1,4,4,9
10701,146,6,40881.479999999996,1,2,3,6
10702,13,5,29096.019999999997,5,1,2,8
10703,6,6,27138.260000000002,5,2,2,9
10704,69,6,33900.05,2,2,2,6
10705,84,5,8404.69,2,1,1,4
10706,104,10,49972.14,2,4,4,10
10707,122,3,23149.11,1,1,1,3
10708,4,11,75710.87,5,5,5,15
10709,6,7,30934.06,5,2,2,9
10710,15,4,6491.5,5,1,1,7
10711,31,8,41768.36,4,3,3,10
10712,1,8,33243.24,5,3,2,10
10713,3,9,34648.96,5,4,2,11
10714,58,9,64158.38,3,4,5,12
10715,71,11,39342.02,2,5,3,10
10716,26,7,28416.71,4,2,2,8
10717,1,6,31627.75,5,2,2,9
10718,240,6,36216.15,1,2,3,6
10719,131,6,27494.800000000003,1,2,2,5
10720,13,9,52766.479999999996,5,4,4,13
10721,42,9,40356.58,3,4,3,10
10722,76,11,81507.05,2,5,5,12
10723,6,12,38380.68,5,5,3,13
10724,15,10,46387.46,5,4,4,13
10725,15,9,44595.76,5,4,4,13
10726,82,10,39540.880000000005,2,4,3,9
10727,37,9,26414.38,3,4,2,9
10728,123,9,39159.4,1,4,3,8
10729,89,10,63717.32,2,4,5,11
10730,49,5,22604.1,3,1,1,5
10731,52,10,46340.49,3,4,4,11
10732,55,7,25879.62,3,2,2,7
10733,22,7,25628.98,4,2,2,8
10734,10,8,52141.1,5,3,4,12
10735,24,14,92738.59,4,5,5,14
10736,62,7,32535.670000000002,2,2,2,6
10737,16,9,53813.42,4,4,4,12
10738,55,7,25081.72,3,2,1,6
10739,16,8,34647.399999999994,4,3,2,9
10740,6,11,67024.98999999999,5,5,5,15
10741,14,11,72452.95,5,5,5,15
10742,52,7,52912.3,3,2,4,9
10743,18,12,58738.72,4,5,5,14
10744,59,9,40478.21,3,4,3,10
10745,50,6,42773.87,3,2,3,8
10746,29,10,47469.42,4,4,4,12
10747,31,8,41368.700000000004,4,3,3,10
10748,1,10,72224.4,5,4,5,14
10749,63,12,85471.01,2,5,5,12
10750,2,11,84771.25,5,5,5,15
10751,28,7,32482.850000000002,4,2,2,8
10752,326,8,42510.87,1,3,3,7
10753,98,7,45001.53,2,2,4,8
10754,10,9,36150.86,5,4,3,12
10755,127,3,12097.68,1,1,1,3
10756,6,5,22291.69,5,1,1,7
10757,92,9,59273.14,2,4,5,11
10758,199,7,29405.27,1,2,2,5
10759,9,11,60618.45,5,5,5,15
10760,13,11,55575.47,5,5,4,14
10761,97,7,27436.86,2,2,2,6
10762,41,6,35939.61,3,2,3,8
10763,17,8,36276.02,4,3,3,10
10764,7,9,59770.8,5,4,5,14
10765,74,6,25572.899999999998,2,2,2,6
10766,116,6,24355.780000000002,1,2,1,4
10767,1,8,49747.9,5,3,4,12
10768,117,9,49099.43,1,4,4,9
10769,35,6,18330.3,4,2,1,7
10770,25,7,35764.04,4,2,3,9
10771,60,7,28761.440000000002,3,2,2,7
10772,100,12,72907.39,2,5,5,12
10773,39,10,44852.450000000004,3,4,4,11
10774,5,6,35949.64,5,2,3,10
10775,62,10,54387.78,2,4,4,10
10776,19,6,30316.37,4,2,2,8
10777,95,11,70859.45999999999,2,5,5,12
10778,207,6,36531.46,1,2,3,6
10779,147,10,46474.58,1,4,4,9
10780,1,7,17808.29,5,2,1,8
10781,169,2,12995.39,1,1,1,3
10782,309,3,10652.62,1,1,1,3
10783,118,8,48140.49,1,3,4,8
10784,105,7,29716.86,2,2,2,6
10785,10,8,49442.41,5,3,4,12
10786,51,5,25401.0,3,1,2,6
10787,122,11,47462.18,1,5,4,10
10788,10,5,21387.47,5,1,1,7
10789,36,7,36519.12,3,2,3,8
10790,85,5,10696.24,2,1,1,4
10791,22,7,32217.86,4,2,2,8
10792,65,11,64402.33,2,5,5,12
10793,162,2,9619.6,1,1,1,3
10794,44,8,34090.19,3,3,2,8
10795,150,6,40232.700000000004,1,2,3,6
10796,149,8,32824.58,1,3,2,6
10797,34,6,36176.270000000004,4,2,3,9
10798,31,7,34712.28,4,2,2,8
10799,58,10,42858.35,3,4,3,10
10800,41,7,32442.25,3,2,2,7
10801,119,11,54831.82,1,5,4,10
10802,273,7,29530.11,1,2,2,5
10803,25,8,34115.83,4,3,2,9
10804,87,9,57646.33,2,4,5,11
10805,26,8,41162.24,4,3,3,10
10806,30,8,42689.71,4,3,3,10
10807,54,5,36508.520000000004,3,1,3,7
10808,38,11,50181.08,3,5,4,12
10809,33,4,20889.8,4,1,1,6
10810,74,6,26903.46,2,2,2,6
10811,87,8,49706.82,2,3,4,9
10812,172,10,52972.51,1,4,4,9
10813,90,7,37975.74,2,2,3,7
10814,110,7,28792.34,1,2,2,5
10815,184,7,33082.59,1,2,2,5
10816,128,9,55009.12,1,4,4,9
10817,85,9,23432.86,2,4,1,7
10818,55,11,71393.84,3,5,5,13
10819,55,9,40021.060000000005,3,4,3,10
10820,7,7,35779.05,5,2,3,10
10821,4,13,56427.329999999994,5,5,4,14
10822,14,7,43576.2,5,2,3,10
10823,33,13,44197.33,4,5,3,12
10824,30,10,44481.81,4,4,3,11
10825,227,3,17698.1,1,1,1,3
10826,128,13,63217.25,1,5,5,11
10827,31,12,84050.93,4,5,5,14
10828,140,2,9700.82,1,1,1,3
10829,9,7,30766.33,5,2,2,9
10830,18,8,45806.69,4,3,4,11
10831,32,8,35706.65,4,3,3,10
10832,13,13,81056.67,5,5,5,15
10833,8,4,16052.8,5,1,1,7
10834,22,7,48053.28,4,2,4,10
10835,37,7,28804.34,3,2,2,7
10836,9,13,69374.23,5,5,5,15
10837,31,10,55055.5,4,4,4,12
10838,114,4,15974.720000000001,1,1,1,3
10839,42,5,21579.25,3,1,1,5
10840,94,8,33452.16,2,3,2,7
10841,12,6,35111.64,5,2,3,10
10842,82,10,49406.79,2,4,4,10
10843,143,6,26274.71,1,2,2,5
10844,1,9,29907.87,5,4,2,11
10845,15,9,28762.29,5,4,2,11
10846,3,9,22312.440000000002,5,4,1,10
10847,53,7,24618.53,3,2,1,6
10848,49,7,42416.56,3,2,3,8
10849,189,9,43755.72,1,4,3,8
10850,49,16,61339.83,3,5,5,13
10851,27,7,21659.53,4,2,1,7
10852,253,2,9514.869999999999,1,1,1,3
10853,133,8,41628.38,1,3,3,7
10854,18,8,57847.25,4,3,5,12
10855,66,11,50928.659999999996,2,5,4,11
10856,227,7,45363.21,1,2,4,7
10857,157,7,45181.97,1,2,4,7
10858,49,10,73876.68000000001,3,4,5,12
10859,68,4,14857.95,2,1,1,4
10860,24,6,48138.86,4,2,4,10
10861,78,5,20996.13,2,1,1,4
10862,290,5,25673.58,1,1,2,4
10863,26,11,32856.92,4,5,2,11
10864,13,8,17181.85,5,3,1,9
10865,14,9,36218.22,5,4,3,12
10866,184,5,8612.35,1,1,1,3
10867,140,8,32583.72,1,3,2,6
10868,15,10,42058.37,5,4,3,12
10869,51,12,58677.01,3,5,5,13
10870,126,12,42266.15,1,5,3,9
10871,206,3,12191.43,1,1,1,3
10872,46,9,47198.35,3,4,4,11
10873,9,13,69761.31,5,5,5,15
10874,40,10,59166.3,3,4,5,12
10875,118,9,66152.45,1,4,5,10
10876,1,10,58772.21,5,4,5,14
10877,13,8,33018.83,5,3,2,10
10878,36,10,49408.12,3,4,4,11
10879,33,11,50689.18,4,5,4,13
10880,53,7,24147.83,3,2,1,6
10881,192,6,42266.48,1,2,3,6
10882,241,9,44949.619999999995,1,4,4,9
10883,48,9,39566.17,3,4,3,10
10884,8,4,10444.95,5,1,1,7
10885,154,7,28629.24,1,2,2,5
10886,108,9,37196.89,2,4,3,9
10887,125,2,8439.71,1,1,1,3
10888,60,6,35973.200000000004,3,2,3,8
10889,73,6,39859.37,2,2,3,7
10890,43,8,53726.0,3,3,4,10
10891,21,7,36159.6,4,2,3,9
10892,67,3,8227.27,2,1,1,4
10893,87,6,19587.84,2,2,1,5
10894,24,10,42594.39,4,4,3,11
10895,28,5,28854.47,4,1,2,7
10896,157,7,55649.17,1,2,4,7
10897,30,6,15058.27,4,2,1,7
10898,84,3,31399.29,2,1,2,5
10899,96,10,35528.08,2,4,3,9
10900,22,8,38059.76,4,3,3,10
10901,49,7,30131.079999999998,3,2,2,7
10902,8,12,41633.14,5,5,3,13
10903,52,10,74340.53,3,4,5,12
10904,59,4,17686.91,3,1,1,5
10905,26,14,88270.61,4,5,5,14
10906,37,8,26319.5,3,3,2,8
10907,111,11,55665.22,1,5,4,10
10908,3,11,78092.25,5,5,5,15
10909,99,7,54341.270000000004,2,2,4,8
10910,52,8,44156.92,3,3,3,9
10911,7,8,34745.76,5,3,2,10
10912,25,9,76197.54,4,4,5,13
10913,103,7,56833.82,2,2,4,8
10914,91,13,47582.78,2,5,4,11
10915,42,9,44022.81,3,4,3,10
10916,59,7,30256.8,3,2,2,7
10917,7,11,67278.43,5,5,5,15
10918,87,6,41285.28,2,2,3,7
10919,10,7,35737.62,5,2,3,10
10920,58,14,53879.55,3,5,4,12
10921,37,9,53140.520000000004,3,4,4,11
10922,184,8,28353.61,1,3,2,6
10923,10,9,38188.07,5,4,3,12
10924,8,11,58320.3,5,5,5,15
10925,6,5,24394.71,5,1,1,7
10926,70,9,13901.210000000001,2,4,1,7
10927,114,7,50475.65,1,2,4,7
10928,13,10,31757.14,5,4,2,11
10929,6,11,58990.3,5,5,5,15
10930,10,10,59633.51,5,4,5,14
10931,49,8,34388.119999999995,3,3,2,8
10932,437,2,13186.54,1,1,1,3
10933,86,8,40966.67,2,3,3,8
10934,40,10,73275.04000000001,3,4,5,12
10935,90,12,55711.19,2,5,4,11
10936,4,14,60332.049999999996,5,5,5,15
10937,9,11,57503.15,5,5,5,15
10938,86,3,21613.85,2,1,1,4
10939,61,11,47476.22,3,5,4,12
10940,102,5,12533.7,2,1,1,4
10941,48,6,30941.38,3,2,2,7
10942,25,13,85725.5,4,5,5,14
10943,66,18,93048.59,2,5,5,12
10944,188,9,52210.46,1,4,4,9
10945,35,7,49371.97,4,2,4,10
10946,180,7,37609.119999999995,1,2,3,6
10947,86,12,49756.6,2,5,4,11
10948,10,16,110073.39,5,5,5,15
10949,42,6,48679.33,3,2,4,9
10950,2,10,39254.25,5,4,3,12
10951,108,4,26807.01,2,1,2,5
10952,220,8,35852.05,1,3,3,7
10953,94,7,17283.35,2,2,1,5
10954,22,7,43496.67,4,2,3,9
10955,24,6,17642.07,4,2,1,7
10956,21,12,49370.29,4,5,4,13
10957,226,3,28575.59,1,1,2,4
10958,24,10,51218.12,4,4,4,12
10959,43,5,13280.289999999999,3,1,1,5
10960,42,7,43977.19,3,2,3,8
10961,12,9,33325.07,5,4,2,11
10962,14,10,27394.78,5,4,2,11
10963,80,6,24603.739999999998,2,2,1,5
10964,55,9,26546.42,3,4,2,9
10965,36,6,40408.93,3,2,3,8
10966,113,4,12630.39,1,1,1,3
10967,267,5,27552.03,1,1,2,4
10968,120,14,70183.05,1,5,5,11
10969,64,8,54909.95,2,3,4,9
10970,19,12,45400.66,4,5,4,13
10971,3,7,32489.76,5,2,2,9
10972,108,3,19569.85,2,1,1,4
10973,39,11,52084.31,3,5,4,12
10974,8,8,39444.28,5,3,3,11
10975,53,7,35208.19,3,2,3,8
10976,19,4,23101.59,4,1,1,6
10977,111,5,14193.14,1,1,1,3
10978,9,5,7707.21,5,1,1,7
10979,22,10,59374.99,4,4,5,13
10980,128,5,38731.11,1,1,3,5
10981,3,11,65838.3,5,5,5,15
10982,17,15,99086.1,4,5,5,14
10983,53,2,1390.63,3,1,1,5
10984,91,5,37011.61,2,1,3,6
10985,62,7,18728.73,2,2,1,5
10986,125,5,12613.26,1,1,1,3
10987,32,9,43460.01,4,4,3,11
10988,2,7,35776.48,5,2,3,10
10989,20,7,42917.85,4,2,3,9
10990,81,5,30462.510000000002,2,1,2,5
10991,192,7,33550.69,1,2,2,5
10992,95,7,39758.34,2,2,3,7
10993,181,5,33659.97,1,1,2,4
10994,211,6,43873.49,1,2,3,6
10995,40,8,53694.47,3,3,4,10
10996,40,4,26128.85,3,1,2,6
10997,20,10,39918.95,4,4,3,11
10998,42,9,49614.51,3,4,4,11
10999,16,13,56495.21,4,5,4,13
11000,197,6,22680.06,1,2,1,4
11001,128,10,65943.39,1,4,5,10
11002,27,6,45134.26,4,2,4,10
11003,63,9,49865.83,2,4,4,10
11004,6,9,83048.70999999999,5,4,5,14
11005,381,5,25312.66,1,1,2,4
11006,12,10,54219.47,5,4,4,13
11007,127,7,35263.43,1,2,3,6
11008,16,8,49339.19,4,3,4,11
11009,13,4,31752.660000000003,5,1,2,8
11010,59,7,23930.09,3,2,1,6
11011,140,6,33604.78,1,2,2,5
11012,69,7,48638.880000000005,2,2,4,8
11013,124,9,49447.130000000005,1,4,4,9
11014,43,8,39390.13,3,3,3,9
11015,106,7,33818.11,2,2,2,6
11016,170,6,24579.65,1,2,1,4
11017,140,5,20102.78,1,1,1,3
11018,122,5,29768.81,1,1,2,4
11019,338,5,22665.08,1,1,1,3
11020,110,12,63470.53,1,5,5,11
11021,50,7,29696.25,3,2,2,7
11022,141,10,58485.020000000004,1,4,5,10
11023,35,7,26205.23,4,2,2,8
11024,6,4,32494.480000000003,5,1,2,8
11025,283,4,22834.03,1,1,1,3
11026,102,8,26854.32,2,3,2,7
11027,47,9,51500.04,3,4,4,11
11028,40,9,42546.35,3,4,3,10
11029,122,4,31059.71,1,1,2,4
11030,127,7,31241.020000000004,1,2,2,5
11031,33,10,92358.45,4,4,5,13
11032,81,6,24754.06,2,2,1,5
11033,76,11,47808.659999999996,2,5,4,11
11034,29,8,50983.8,4,3,4,11
11035,105,3,13884.039999999999,2,1,1,4
11036,264,4,17801.71,1,1,1,3
11037,85,6,39402.22,2,2,3,7
11038,1,6,24397.870000000003,5,2,1,8
11039,60,9,72731.5,3,4,5,12
11040,32,6,22030.800000000003,4,2,1,7
11041,77,10,69245.98,2,4,5,11
11042,102,8,39355.07,2,3,3,8
11043,8,8,21564.969999999998,5,3,1,9
11044,71,15,79007.37,2,5,5,12
11045,157,1,18458.64,1,1,1,3
11046,114,7,38439.32,1,2,3,6
11047,14,5,44819.66,5,1,4,10
11048,96,11,41412.7,2,5,3,10
11049,21,5,14054.16,4,1,1,6
11050,21,4,29817.12,4,1,2,7
11051,200,4,34523.619999999995,1,1,2,4
11052,36,8,51453.77,3,3,4,10
11053,18,7,32753.75,4,2,2,8
11054,205,4,15825.27,1,1,1,3
11055,8,11,82134.44,5,5,5,15
11056,20,11,58095.57,4,5,5,14
11057,44,5,30938.98,3,1,2,6
11058,29,11,61578.57,4,5,5,14
11059,13,8,43870.82,5,3,3,11
11060,12,10,43171.049999999996,5,4,3,12
11061,38,11,68109.54,3,5,5,13
11062,2,12,55190.66,5,5,4,14
11063,3,9,57560.19,5,4,5,14
11064,16,12,46623.36,4,5,4,13
11065,15,13,69377.91,5,5,5,15
11066,76,9,38858.93,2,4,3,9
11067,11,6,24136.89,5,2,1,8
11068,54,10,32462.9,3,4,2,9
11069,25,6,40840.020000000004,4,2,3,9
11070,18,9,45984.0,4,4,4,12
11071,28,6,24735.66,4,2,1,7
11072,81,6,22741.38,2,2,1,5
11073,174,5,17084.66,1,1,1,3
11074,23,13,71489.87,4,5,5,14
11075,31,7,56251.51,4,2,4,10
11076,39,4,4433.900000000001,3,1,1,5
11077,4,6,44989.630000000005,5,2,4,11
11078,104,11,48803.31,2,5,4,11
11079,18,8,47047.270000000004,4,3,4,11
11080,31,12,49550.82,4,5,4,13
11081,32,10,55563.22,4,4,4,12
11082,19,10,43086.94,4,4,3,11
11083,64,4,16853.75,2,1,1,4
11084,15,7,38316.92,5,2,3,10
11085,32,5,18664.13,4,1,1,6
11086,49,7,46805.880000000005,3,2,4,9
11087,16,7,17715.78,4,2,1,7
11088,97,4,10676.079999999998,2,1,1,4
11089,54,7,21783.800000000003,3,2,1,6
11090,203,6,27042.16,1,2,2,5
11091,18,8,36066.63,4,3,3,10
11092,76,13,49202.97,2,5,4,11
11093,452,1,152.1,1,1,1,3
11094,12,9,53912.94,5,4,4,13
11095,6,8,25213.03,5,3,2,10
11096,23,12,52274.36,4,5,4,13
11097,23,7,29463.63,4,2,2,8
11098,28,8,38714.19,4,3,3,10
11099,41,9,25651.75,3,4,2,9
11100,243,5,4064.29,1,1,1,3
11101,110,14,67600.51000000001,1,5,5,11
11102,25,11,48596.4,4,5,4,13
11103,72,5,37747.25,2,1,3,6
11104,31,10,48931.479999999996,4,4,4,12
11105,4,13,57507.79,5,5,5,15
11106,103,9,63322.2,2,4,5,11
11107,14,7,48056.79,5,2,4,11
11108,6,7,51011.32,5,2,4,11
11109,4,5,41505.89,5,1,3,9
11110,42,10,42633.9,3,4,3,10
11111,249,6,16799.6,1,2,1,4
11112,12,4,9302.14,5,1,1,7
11113,74,9,46492.01,2,4,4,10
11114,5,6,28756.94,5,2,2,9
11115,3,12,68039.76,5,5,5,15
11116,12,7,33429.26,5,2,2,9
11117,39,8,45935.0,3,3,4,10
11118,26,8,30179.129999999997,4,3,2,9
11119,16,11,94863.5,4,5,5,14
11120,14,10,55643.020000000004,5,4,4,13
11121,13,13,57579.94,5,5,5,15
11122,43,15,68939.95999999999,3,5,5,13
11123,39,7,26682.93,3,2,2,7
11124,68,8,49598.44,2,3,4,9
11125,79,6,22162.22,2,2,1,5
11126,48,9,52485.61,3,4,4,11
11127,7,4,13159.48,5,1,1,7
11128,28,11,65586.77,4,5,5,14
11129,295,5,34828.55,1,1,2,4
11130,18,8,32404.550000000003,4,3,2,9
11131,48,6,18489.660000000003,3,2,1,6
11132,66,6,21657.55,2,2,1,5
11133,154,6,37718.63,1,2,3,6
11134,42,9,45133.47,3,4,4,11
11135,14,7,27041.45,5,2,2,9
11136,10,9,47475.35,5,4,4,13
11137,11,7,41618.59,5,2,3,10
11138,112,14,64073.880000000005,1,5,5,11
11139,40,7,18267.86,3,2,1,6
11140,117,7,36836.61,1,2,3,6
11141,34,5,38824.69,4,1,3,8
11142,12,10,35253.659999999996,5,4,3,12
11143,105,10,75706.18,2,4,5,11
11144,29,5,39569.0,4,1,3,8
11145,42,6,41959.299999999996,3,2,3,8
11146,10,9,38512.15,5,4,3,12
11147,10,5,15902.45,5,1,1,7
11148,7,12,74375.65,5,5,5,15
11149,49,8,39290.68,3,3,3,9
11150,26,6,39817.21,4,2,3,9
11151,84,5,35826.850000000006,2,1,3,6
11152,200,8,53115.65,1,3,4,8
11153,51,7,31759.46,3,2,2,7
11154,8,12,74585.33,5,5,5,15
11155,81,9,38382.09,2,4,3,9
11156,369,3,26750.73,1,1,2,4
11157,7,13,75259.45,5,5,5,15
11158,70,9,62150.5,2,4,5,11
11159,41,7,25853.8,3,2,2,7
11160,9,10,51712.37,5,4,4,13
11161,68,6,34694.74,2,2,2,6
11162,54,8,38608.94,3,3,3,9
11163,46,7,29238.15,3,2,2,7
11164,20,7,27405.14,4,2,2,8
11165,88,6,28963.62,2,2,2,6
11166,72,8,25676.13,2,3,2,7
11167,114,5,37927.56,1,1,3,5
11168,76,4,18969.690000000002,2,1,1,4
11169,82,10,46874.72,2,4,4,10
11170,36,6,49322.56,3,2,4,9
11171,68,9,52428.41,2,4,4,10
11172,22,7,52517.24,4,2,4,10
11173,36,12,39100.07,3,5,3,11
11174,65,7,23116.44,2,2,1,5
11175,116,7,27056.4,1,2,2,5
11176,343,5,25231.18,1,1,2,4
11177,1,10,75934.59,5,4,5,14
11178,11,8,39028.45,5,3,3,11
11179,128,8,36195.92,1,3,3,7
11180,15,10,54202.88,5,4,4,13
11181,229,7,47533.200000000004,1,2,4,7
11182,103,9,54048.520000000004,2,4,4,10
11183,73,8,42373.04,2,3,3,8
11184,90,5,29703.69,2,1,2,5
11185,97,12,58456.18,2,5,5,12
11186,137,4,19391.02,1,1,1,3
11187,42,7,44602.91,3,2,4,9
11188,40,11,60568.700000000004,3,5,5,13
11189,102,6,27567.28,2,2,2,6
11190,133,6,33052.770000000004,1,2,2,5
11191,15,4,14975.05,5,1,1,7
11192,11,5,37192.04,5,1,3,9
11193,26,8,53893.98,4,3,4,11
11194,54,11,57841.75,3,5,5,13
11195,81,10,47068.590000000004,2,4,4,10
11196,90,9,53510.46,2,4,4,10
11197,42,9,42545.840000000004,3,4,3,10
11198,6,14,58369.04,5,5,5,15
11199,165,7,21544.760000000002,1,2,1,4
11200,126,8,28718.989999999998,1,3,2,6
11201,88,7,37253.67,2,2,3,7
11202,40,6,33670.42,3,2,2,7
11203,93,7,44823.21,2,2,4,8
11204,221,7,25575.579999999998,1,2,2,5
11205,12,6,31433.04,5,2,2,9
11206,134,3,3708.7200000000003,1,1,1,3
11207,14,10,43590.58,5,4,3,12
11208,16,7,44874.43,4,2,4,10
11209,11,4,21378.68,5,1,1,7
11210,129,8,26377.899999999998,1,3,2,6
11211,110,7,51285.44,1,2,4,7
11212,5,10,35916.92,5,4,3,12
11213,52,6,33584.36,3,2,2,7
11214,22,8,37558.770000000004,4,3,3,10
11215,35,9,46907.78,4,4,4,12
11216,52,4,27183.67,3,1,2,6
11217,34,7,51890.21,4,2,4,10
11218,144,7,28815.49,1,2,2,5
11219,15,2,11997.0,5,1,1,7
11220,1,10,52233.85,5,4,4,13
11221,6,11,88105.4,5,5,5,15
11222,63,10,52567.97,2,4,4,10
11223,102,6,30037.89,2,2,2,6
11224,78,5,24556.96,2,1,1,4
11225,81,11,71965.98,2,5,5,12
11226,20,6,34514.369999999995,4,2,2,8
11227,293,5,14198.13,1,1,1,3
11228,3,6,63740.28,5,2,5,12
11229,145,11,47301.3,1,5,4,10
11230,115,13,64829.5,1,5,5,11
11231,64,9,43549.67,2,4,3,9
11232,95,9,22463.97,2,4,1,7
11233,34,8,36165.67,4,3,3,10
11234,5,4,24404.49,5,1,1,7
11235,33,6,20234.98,4,2,1,7
11236,6,13,82173.66,5,5,5,15
11237,29,9,60161.4,4,4,5,13
11238,14,10,52074.520000000004,5,4,4,13
11239,38,9,30253.37,3,4,2,9
11240,46,9,39061.16,3,4,3,10
11241,105,5,13201.45,2,1,1,4
11242,66,7,22437.35,2,2,1,5
11243,7,7,29802.969999999998,5,2,2,9
11244,119,5,53691.32,1,1,4,6
11245,4,8,44561.5,5,3,4,12
11246,47,5,14113.35,3,1,1,5
11247,136,7,36180.1,1,2,3,6
11248,16,8,26224.6,4,3,2,9
11249,121,6,26029.020000000004,1,2,2,5
11250,21,9,54863.12,4,4,4,12
11251,41,2,4141.38,3,1,1,5
11252,14,12,56026.57,5,5,4,14
11253,226,2,3198.7799999999997,1,1,1,3
11254,84,5,12740.699999999999,2,1,1,4
11255,37,13,64144.87,3,5,5,13
11256,26,8,51784.44,4,3,4,11
11257,62,13,84994.15,2,5,5,12
11258,49,11,66430.17,3,5,5,13
11259,46,8,29935.760000000002,3,3,2,8
11260,11,10,41602.08,5,4,3,12
11261,204,4,11867.279999999999,1,1,1,3
11262,20,10,65373.880000000005,4,4,5,13
11263,46,11,46634.29,3,5,4,12
11264,15,3,20564.170000000002,5,1,1,7
11265,56,10,28059.760000000002,3,4,2,9
11266,33,6,22101.96,4,2,1,7
11267,22,6,33644.86,4,2,2,8
11268,115,5,17500.21,1,1,1,3
11269,2,10,47083.479999999996,5,4,4,13
11270,35,5,47257.38,4,1,4,9
11271,68,14,57514.38,2,5,5,12
11272,51,11,89073.09,3,5,5,13
11273,121,12,70632.25,1,5,5,11
11274,108,12,52400.42,2,5,4,11
11275,183,4,31444.579999999998,1,1,2,4
11276,54,5,11942.39,3,1,1,5
11277,28,10,55277.41,4,4,4,12
11278,51,4,8841.61,3,1,1,5
11279,2,11,56190.56,5,5,4,14
11280,7,8,27637.15,5,3,2,10
11281,43,5,37813.38,3,1,3,7
11282,11,10,57191.86,5,4,5,14
11283,56,8,67386.0,3,3,5,11
11284,36,4,30101.39,3,1,2,6
11285,33,14,80248.35,4,5,5,14
11286,67,5,16345.61,2,1,1,4
11287,31,7,25170.91,4,2,1,7
11288,70,7,32342.99,2,2,2,6
11289,46,9,38471.700000000004,3,4,3,10
11290,31,11,68191.64,4,5,5,14
11291,101,5,27045.15,2,1,2,5
11292,29,8,40922.39,4,3,3,10
11293,5,6,28625.52,5,2,2,9
11294,3,4,8046.73,5,1,1,7
11295,105,5,32064.53,2,1,2,5
11296,51,10,38317.14,3,4,3,10
11297,44,7,36722.81,3,2,3,8
11298,155,8,51243.96,1,3,4,8
11299,22,11,38778.88,4,5,3,12
11300,29,11,51895.67,4,5,4,13
11301,175,8,22975.65,1,3,1,5
11302,87,8,34463.28,2,3,2,7
11303,4,10,52286.21,5,4,4,13
11304,8,10,57546.98,5,4,5,14
11305,98,6,30418.77,2,2,2,6
11306,19,7,42946.28,4,2,3,9
11307,20,11,52946.33,4,5,4,13
11308,40,11,66892.33,3,5,5,13
11309,54,11,69287.32,3,5,5,13
11310,14,8,25879.7,5,3,2,10
11311,106,8,25393.379999999997,2,3,2,7
11312,16,4,5518.96,4,1,1,6
11313,43,11,57147.88,3,5,5,13
11314,7,7,28663.79,5,2,2,9
11315,22,8,66129.04000000001,4,3,5,12
11316,168,6,20274.56,1,2,1,4
11317,190,4,36319.67,1,1,3,5
11318,24,9,41521.83,4,4,3,11
11319,5,7,18995.989999999998,5,2,1,8
11320,29,4,6455.17,4,1,1,6
11321,23,7,51688.5,4,2,4,10
11322,189,3,4740.37,1,1,1,3
11323,5,8,41751.2,5,3,3,11
11324,109,10,77862.39,2,4,5,11
11325,53,6,33222.31,3,2,2,7
11326,11,7,62079.89,5,2,5,12
11327,16,11,65385.14,4,5,5,14
11328,38,7,32081.339999999997,3,2,2,7
11329,16,10,61566.94,4,4,5,13
11330,17,9,36691.62,4,4,3,11
11331,19,4,22004.37,4,1,1,6
11332,4,9,45819.57,5,4,4,13
11333,27,11,42667.45,4,5,3,12
11334,51,15,85010.34,3,5,5,13
11335,98,5,23528.04,2,1,1,4
11336,81,5,51832.58,2,1,4,7
11337,15,9,52650.77,5,4,4,13
11338,117,7,45997.03,1,2,4,7
11339,87,6,38835.62,2,2,3,7
11340,60,8,47046.41,3,3,4,10
11341,8,13,54168.25,5,5,4,14
11342,118,7,52073.299999999996,1,2,4,7
11343,42,7,59933.76,3,2,5,10
11344,48,10,64959.52,3,4,5,12
11345,26,10,47960.43,4,4,4,12
11346,17,10,64265.22,4,4,5,13
11347,36,8,38761.020000000004,3,3,3,9
11348,12,14,77484.27,5,5,5,15
11349,5,10,61927.86,5,4,5,14
11350,7,7,55239.7,5,2,4,11
11351,39,4,31987.84,3,1,2,6
11352,126,5,18009.45,1,1,1,3
11353,6,6,49627.7,5,2,4,11
11354,59,9,45279.54,3,4,4,11
11355,18,12,34956.87,4,5,3,12
11356,7,7,39720.37,5,2,3,10
11357,43,10,33410.26,3,4,2,9
11358,79,8,29142.3,2,3,2,7
11359,164,7,46605.46,1,2,4,7
11360,15,7,57411.22,5,2,5,12
11361,6,9,23073.33,5,4,1,10
11362,36,12,60667.84,3,5,5,13
11363,39,10,39383.4,3,4,3,10
11364,212,5,24676.89,1,1,1,3
11365,111,8,59418.310000000005,1,3,5,9
11366,159,7,32995.85,1,2,2,5
11367,147,7,52296.46,1,2,4,7
11368,21,13,62238.97,4,5,5,14
11369,91,6,34208.02,2,2,2,6
11370,122,5,26135.85,1,1,2,4
11371,36,12,44191.68,3,5,3,11
11372,18,9,64988.64,4,4,5,13
11373,4,10,48636.92,5,4,4,13
11374,9,9,51060.35,5,4,4,13
11375,127,10,35795.07,1,4,3,8
11376,175,6,20513.02,1,2,1,4
11377,38,13,65959.03,3,5,5,13
11378,18,11,58582.119999999995,4,5,5,14
11379,7,12,79153.38,5,5,5,15
11380,11,9,42567.45,5,4,3,12
11381,81,7,45368.93,2,2,4,8
11382,9,6,18886.61,5,2,1,8
11383,167,8,55516.69,1,3,4,8
11384,135,5,24237.66,1,1,1,3
11385,14,11,65397.03,5,5,5,15
11386,104,11,56017.97,2,5,4,11
11387,39,8,47474.17,3,3,4,10
11388,4,8,44758.0,5,3,4,12
11389,68,9,40604.01,2,4,3,9
11390,68,5,50774.66,2,1,4,7
11391,122,5,48745.16,1,1,4,6
11392,13,7,44460.95,5,2,3,10
11393,85,7,20876.800000000003,2,2,1,5
11394,9,13,66837.1,5,5,5,15
11395,69,6,33252.74,2,2,2,6
11396,8,7,21681.21,5,2,1,8
11397,52,10,62984.810000000005,3,4,5,12
11398,4,9,66076.59,5,4,5,14
11399,137,4,35411.84,1,1,3,5
11400,43,14,61196.88,3,5,5,13
11401,29,8,35288.28,4,3,3,10
11402,16,8,23810.35,4,3,1,8
11403,47,8,69541.59,3,3,5,11
11404,24,11,73566.11,4,5,5,14
11405,107,8,58527.15,2,3,5,10
11406,26,9,75669.4,4,4,5,13
11407,77,8,31234.32,2,3,2,7
11408,86,7,37432.76,2,2,3,7
11409,48,6,16712.62,3,2,1,6
11410,27,8,18661.18,4,3,1,8
11411,115,11,48100.96,1,5,4,10
11412,80,11,58871.770000000004,2,5,5,12
11413,78,6,37539.72,2,2,3,7
11414,37,6,14172.349999999999,3,2,1,6
11415,49,7,44620.14,3,2,4,9
11416,22,18,65008.88,4,5,5,14
11417,32,8,43482.700000000004,4,3,3,10
11418,34,9,31023.31,4,4,2,10
11419,6,10,37113.82,5,4,3,12
11420,17,16,73657.95,4,5,5,14
11421,22,8,56043.22,4,3,4,11
11422,37,5,12368.779999999999,3,1,1,5
11423,17,10,37148.08,4,4,3,11
11424,153,8,51077.35,1,3,4,8
11425,10,9,31476.47,5,4,2,11
11426,26,4,35601.06,4,1,3,8
11427,152,9,37220.65,1,4,3,8
11428,1,13,81433.45,5,5,5,15
11429,79,10,40209.92,2,4,3,9
11430,34,13,43556.24,4,5,3,12
11431,64,7,34986.39,2,2,3,7
11432,109,12,58440.83,2,5,5,12
11433,107,8,46470.75,2,3,4,9
11434,54,9,30916.69,3,4,2,9
11435,196,8,39340.32,1,3,3,7
11436,82,6,25981.2,2,2,2,6
11437,2,13,84629.16,5,5,5,15
11438,19,12,57096.2,4,5,5,14
11439,105,9,63430.04,2,4,5,11
11440,38,9,39194.11,3,4,3,10
11441,12,11,53205.9,5,5,4,14
11442,29,6,26787.489999999998,4,2,2,8
11443,25,13,96652.52,4,5,5,14
11444,36,12,48483.15,3,5,4,12
11445,63,2,15589.68,2,1,1,4
11446,10,3,17566.29,5,1,1,7
11447,35,8,39241.86,4,3,3,10
11448,16,13,92361.92,4,5,5,14
11449,112,6,10728.710000000001,1,2,1,4
11450,25,9,27131.27,4,4,2,10
11451,81,9,42652.17,2,4,3,9
11452,21,8,57555.54,4,3,5,12
11453,59,9,40586.36,3,4,3,10
11454,272,12,61738.0,1,5,5,11
11455,29,6,44106.91,4,2,3,9
11456,207,8,43801.75,1,3,3,7
11457,120,6,45377.0,1,2,4,7
11458,7,8,39576.83,5,3,3,11
11459,114,8,24959.129999999997,1,3,1,5
11460,75,5,25418.43,2,1,2,5
11461,1,16,74099.59,5,5,5,15
11462,26,8,37827.77,4,3,3,10
11463,1,13,41662.31,5,5,3,13
11464,61,7,33054.75,3,2,2,7
11465,34,11,78566.67,4,5,5,14
11466,41,10,32757.97,3,4,2,9
11467,119,6,36122.81,1,2,3,6
11468,32,6,43253.86,4,2,3,9
11469,6,9,50291.92,5,4,4,13
11470,12,7,43984.09,5,2,3,10
11471,400,3,17209.75,1,1,1,3
11472,186,7,28011.7,1,2,2,5
11473,31,6,20302.58,4,2,1,7
11474,63,4,12858.26,2,1,1,4
11475,92,6,15428.029999999999,2,2,1,5
11476,92,8,57835.92,2,3,5,10
11477,48,7,24631.73,3,2,1,6
11478,11,8,49817.799999999996,5,3,4,12
11479,23,11,38518.98,4,5,3,12
11480,22,5,23851.03,4,1,1,6
11481,116,9,44935.79,1,4,4,9
11482,50,11,79490.26,3,5,5,13
11483,20,12,75289.9,4,5,5,14
11484,213,6,35340.19,1,2,3,6
11485,33,12,77770.37,4,5,5,14
11486,50,5,20022.3,3,1,1,5
11487,52,8,52945.47,3,3,4,10
11488,16,8,42083.05,4,3,3,10
11489,119,6,33533.97,1,2,2,5
11490,43,5,18284.04,3,1,1,5
11491,133,7,33354.69,1,2,2,5
11492,187,8,27717.89,1,3,2,6
11493,29,7,57730.75,4,2,5,11
11494,60,2,6988.25,3,1,1,5
11495,93,4,16856.84,2,1,1,4
11496,12,7,29248.69,5,2,2,9
11497,57,7,33505.840000000004,3,2,2,7
11498,186,3,15681.06,1,1,1,3
11499,13,7,22001.2,5,2,1,8
11500,31,6,43375.67,4,2,3,9
11501,16,9,31129.26,4,4,2,10
11502,21,8,24431.010000000002,4,3,1,8
11503,84,10,48014.85,2,4,4,10
11504,196,10,55291.62,1,4,4,9
11505,17,7,30666.16,4,2,2,8
11506,17,7,36434.159999999996,4,2,3,9
11507,90,7,29257.04,2,2,2,6
11508,34,12,82337.01999999999,4,5,5,14
11509,16,5,22833.85,4,1,1,6
11510,24,8,45908.17,4,3,4,11
11511,135,4,21447.3,1,1,1,3
11512,144,6,32566.219999999998,1,2,2,5
11513,394,2,12089.07,1,1,1,3
11514,121,5,34574.8,1,1,2,4
11515,54,9,29091.44,3,4,2,9
11516,16,7,42965.86,4,2,3,9
11517,10,8,46640.79,5,3,4,12
11518,19,7,62423.7,4,2,5,11
11519,57,9,61245.81,3,4,5,12
11520,51,9,63253.62,3,4,5,12
11521,43,7,27435.48,3,2,2,7
11522,18,7,33147.73,4,2,2,8
11523,87,11,58506.490000000005,2,5,5,12
11524,16,11,57495.44,4,5,5,14
11525,40,11,60990.36,3,5,5,13
11526,33,9,48561.62,4,4,4,12
11527,23,7,48029.240000000005,4,2,4,10
11528,94,5,29687.54,2,1,2,5
11529,6,8,44936.53,5,3,4,12
11530,127,8,16101.42,1,3,1,5
11531,208,5,37395.41,1,1,3,5
11532,43,7,37263.85,3,2,3,8
11533,46,9,42566.33,3,4,3,10
11534,21,6,45181.25,4,2,4,10
11535,5,10,48762.39,5,4,4,13
11536,69,11,36195.8,2,5,3,10
11537,6,16,76043.4,5,5,5,15
11538,13,10,62340.97,5,4,5,14
11539,148,10,70089.37,1,4,5,10
11540,73,9,52977.42,2,4,4,10
11541,59,5,18630.37,3,1,1,5
11542,64,9,41755.5,2,4,3,9
11543,62,9,46075.51,2,4,4,10
11544,111,9,39438.56,1,4,3,8
11545,85,9,31630.75,2,4,2,8
11546,64,8,32374.8,2,3,2,7
11547,24,10,52048.95,4,4,4,12
11548,120,5,39129.98,1,1,3,5
11549,148,8,36607.770000000004,1,3,3,7
11550,9,10,48895.240000000005,5,4,4,13
11551,89,7,31888.98,2,2,2,6
11552,28,11,45548.95,4,5,4,13
11553,50,14,93439.8,3,5,5,13
11554,16,8,50295.59,4,3,4,11
11555,56,7,37239.41,3,2,3,8
11556,104,10,79240.89,2,4,5,11
11557,47,3,32350.22,3,1,2,6
11558,105,14,65639.03,2,5,5,12
11559,45,9,44696.869999999995,3,4,4,11
11560,148,7,38771.74,1,2,3,6
11561,11,8,50409.149999999994,5,3,4,12
11562,464,1,3041.14,1,1,1,3
11563,65,10,61018.649999999994,2,4,5,11
11564,61,14,93802.37,3,5,5,13
11565,20,10,56303.06,4,4,4,12
11566,64,12,70834.29000000001,2,5,5,12
11567,58,8,43659.64,3,3,3,9
11568,58,11,60009.27,3,5,5,13
11569,103,8,52705.23,2,3,4,9
11570,36,5,33284.21,3,1,2,6
11571,4,6,56199.34,5,2,4,11
11572,143,4,30249.67,1,1,2,4
11573,56,9,34072.12,3,4,2,9
11574,105,11,50799.72,2,5,4,11
11575,28,8,45257.18,4,3,4,11
11576,47,11,71698.69,3,5,5,13
11577,72,10,35446.26,2,4,3,9
11578,116,7,36398.65,1,2,3,6
11579,39,13,79929.25,3,5,5,13
11580,62,7,17568.96,2,2,1,5
11581,106,4,29261.82,2,1,2,5
11582,130,8,38139.119999999995,1,3,3,7
11583,44,9,49123.09,3,4,4,11
11584,124,9,63332.46,1,4,5,10
11585,42,11,76618.81,3,5,5,13
11586,54,11,54457.020000000004,3,5,4,12
11587,182,7,28601.0,1,2,2,5
11588,77,5,20504.75,2,1,1,4
11589,65,7,42247.37,2,2,3,7
11590,16,7,25993.24,4,2,2,8
11591,3,13,70772.31999999999,5,5,5,15
11592,194,2,10666.57,1,1,1,3
11593,78,10,76060.85,2,4,5,11
11594,34,5,24785.71,4,1,1,6
11595,40,4,28798.449999999997,3,1,2,6
11596,36,11,51923.0,3,5,4,12
11597,102,7,60833.03,2,2,5,9
11598,176,7,63912.39,1,2,5,8
11599,81,10,54632.22,2,4,4,10
11600,5,12,74515.26,5,5,5,15
11601,166,8,23009.63,1,3,1,5
11602,8,5,38580.65,5,1,3,9
11603,15,6,24518.39,5,2,1,8
11604,3,6,22900.41,5,2,1,8
11605,245,4,19383.72,1,1,1,3
11606,77,9,41779.16,2,4,3,9
11607,131,8,36807.95,1,3,3,7
11608,74,12,70341.33,2,5,5,12
11609,24,4,21682.870000000003,4,1,1,6
11610,1,10,68406.43,5,4,5,14
11611,56,6,32533.9,3,2,2,7
11612,13,5,17385.46,5,1,1,7
11613,54,12,56985.76,3,5,5,13
11614,28,7,19080.41,4,2,1,7
11615,9,6,28707.379999999997,5,2,2,9
11616,112,13,75603.8,1,5,5,11
11617,76,6,20582.56,2,2,1,5
11618,4,9,48534.91,5,4,4,13
11619,11,12,36306.619999999995,5,5,3,13
11620,160,5,14257.220000000001,1,1,1,3
11621,56,11,47166.74,3,5,4,12
11622,7,10,37751.91,5,4,3,12
11623,31,8,42988.84,4,3,3,10
11624,13,8,44423.04,5,3,3,11
11625,19,7,54014.17,4,2,4,10
11626,240,7,24893.27,1,2,1,4
11627,76,9,53088.42999999999,2,4,4,10
11628,23,9,34973.02,4,4,3,11
11629,103,10,37942.02,2,4,3,9
11630,68,9,42025.73,2,4,3,9
11631,136,6,17167.04,1,2,1,4
11632,118,6,31413.260000000002,1,2,2,5
11633,27,14,43606.53,4,5,3,12
11634,32,8,49560.25,4,3,4,11
11635,41,7,34407.58,3,2,2,7
11636,72,6,20968.41,2,2,1,5
11637,115,4,32109.41,1,1,2,4
11638,54,14,57643.79,3,5,5,13
11639,73,7,23795.7,2,2,1,5
11640,7,6,34854.82,5,2,2,9
11641,27,6,32289.34,4,2,2,8
11642,48,7,31047.239999999998,3,2,2,7
11643,37,7,15509.45,3,2,1,6
11644,332,3,13012.14,1,1,1,3
11645,3,10,37835.01,5,4,3,12
11646,55,6,37747.19,3,2,3,8
11647,128,8,29951.4,1,3,2,6
11648,31,10,34887.77,4,4,3,11
11649,30,10,33296.74,4,4,2,10
11650,46,7,46600.67,3,2,4,9
11651,17,9,62901.66,4,4,5,13
11652,64,8,54686.39,2,3,4,9
11653,26,7,39182.479999999996,4,2,3,9
11654,56,8,62619.56,3,3,5,11
11655,27,11,64657.81,4,5,5,14
11656,125,4,24063.81,1,1,1,3
11657,3,7,36737.7,5,2,3,10
11658,90,7,34645.950000000004,2,2,2,6
11659,86,9,29240.31,2,4,2,8
11660,33,9,42231.68,4,4,3,11
11661,63,9,75855.83,2,4,5,11
11662,8,9,49000.65,5,4,4,13
11663,24,5,16628.93,4,1,1,6
11664,11,6,30927.42,5,2,2,9
11665,16,8,15236.03,4,3,1,8
11666,36,6,35766.29,3,2,3,8
11667,14,8,63166.3,5,3,5,13
11668,16,4,32113.31,4,1,2,7
11669,61,5,30574.940000000002,3,1,2,6
11670,51,13,66900.84,3,5,5,13
11671,22,6,14827.69,4,2,1,7
11672,2,13,84884.92,5,5,5,15
11673,5,3,30943.35,5,1,2,8
11674,17,8,48022.78,4,3,4,11
11675,55,5,39570.29,3,1,3,7
11676,194,11,44271.79,1,5,3,9
11677,63,9,39948.4,2,4,3,9
11678,9,10,44313.71,5,4,3,12
11679,1,5,41217.490000000005,5,1,3,9
11680,33,6,21885.29,4,2,1,7
11681,168,7,46086.07,1,2,4,7
11682,113,14,44129.18,1,5,3,9
11683,20,9,41344.7,4,4,3,11
11684,56,7,35740.119999999995,3,2,3,8
11685,76,9,53392.36,2,4,4,10
11686,45,8,56588.450000000004,3,3,4,10
11687,34,10,28656.88,4,4,2,10
11688,20,7,26048.449999999997,4,2,2,8
11689,149,3,15686.31,1,1,1,3
11690,140,9,68142.17,1,4,5,10
11691,59,7,20883.46,3,2,1,6
11692,117,9,58339.21,1,4,5,10
11693,112,4,25404.2,1,1,2,4
11694,6,10,44182.06,5,4,3,12
11695,59,10,70439.73,3,4,5,12
11696,2,5,26317.219999999998,5,1,2,8
11697,87,6,39762.659999999996,2,2,3,7
11698,37,9,63518.09,3,4,5,12
11699,73,6,14487.68,2,2,1,5
11700,7,9,57763.43,5,4,5,14
11701,95,11,67611.13,2,5,5,12
11702,71,7,36540.159999999996,2,2,3,7
11703,20,7,18367.68,4,2,1,7
11704,78,5,25747.68,2,1,2,5
11705,110,9,65401.05,1,4,5,10
11706,62,10,38593.43,2,4,3,9
11707,18,8,37197.82,4,3,3,10
11708,44,7,62098.97,3,2,5,10
11709,35,9,63886.76,4,4,5,13
11710,34,10,56667.08,4,4,4,12
11711,1,7,28621.54,5,2,2,9
11712,69,7,27962.77,2,2,2,6
11713,10,9,38243.7,5,4,3,12
11714,25,6,28503.49,4,2,2,8
11715,42,14,47370.06,3,5,4,12
11716,40,8,39959.92,3,3,3,9
11717,2,6,22433.53,5,2,1,8
11718,126,3,24913.44,1,1,1,3
11719,15,6,44083.15,5,2,3,10
11720,86,7,37532.78,2,2,3,7
11721,57,9,58112.38,3,4,5,12
11722,9,8,51701.92,5,3,4,12
11723,23,9,42435.409999999996,4,4,3,11
11724,56,11,47511.35,3,5,4,12
11725,42,9,48698.11,3,4,4,11
11726,48,8,21322.47,3,3,1,7
11727,8,7,38745.37,5,2,3,10
11728,23,9,51993.03,4,4,4,12
11729,107,8,41300.69,2,3,3,8
11730,210,3,16759.55,1,1,1,3
11731,174,5,37727.71,1,1,3,5
11732,161,4,30324.33,1,1,2,4
11733,156,10,48127.6,1,4,4,9
11734,78,6,20914.31,2,2,1,5
11735,8,7,33303.76,5,2,2,9
11736,80,7,16564.88,2,2,1,5
11737,56,9,54263.5,3,4,4,11
11738,28,6,43980.98,4,2,3,9
11739,44,9,50877.770000000004,3,4,4,11
11740,13,9,49698.76,5,4,4,13
11741,40,10,37158.63,3,4,3,10
11742,98,9,42135.52,2,4,3,9
11743,108,6,20030.94,2,2,1,5
11744,38,6,40060.91,3,2,3,8
11745,60,7,10947.62,3,2,1,6
11746,125,7,36301.58,1,2,3,6
11747,37,9,72348.76,3,4,5,12
11748,60,4,13740.41,3,1,1,5
11749,99,10,39196.42,2,4,3,9
11750,23,10,75289.0,4,4,5,13
11751,102,7,42647.509999999995,2,2,3,7
11752,49,11,80445.9,3,5,5,13
11753,350,2,21816.52,1,1,1,3
11754,2,16,46801.74,5,5,4,14
11755,12,9,38759.26,5,4,3,12
11756,105,8,40866.91,2,3,3,8
11757,203,8,29364.56,1,3,2,6
11758,85,5,47384.62,2,1,4,7
11759,91,14,70546.45,2,5,5,12
11760,175,10,28472.84,1,4,2,7
11761,79,10,56501.82,2,4,4,10
11762,54,11,81586.42,3,5,5,13
11763,2,6,18785.989999999998,5,2,1,8
11764,48,6,43081.04,3,2,3,8
11765,149,17,93577.03,1,5,5,11
11766,17,9,46986.2,4,4,4,12
11767,38,6,35246.99,3,2,3,8
11768,56,9,58801.55,3,4,5,12
11769,53,10,88562.34999999999,3,4,5,12
11770,70,7,28184.98,2,2,2,6
11771,7,8,20968.1,5,3,1,9
11772,37,9,34625.15,3,4,2,9
11773,110,4,19212.7,1,1,1,3
11774,43,13,48263.76,3,5,4,12
11775,128,9,35801.45,1,4,3,8
11776,27,6,25073.489999999998,4,2,1,7
11777,228,8,27669.82,1,3,2,6
11778,49,6,39018.869999999995,3,2,3,8
11779,105,6,16115.19,2,2,1,5
11780,2,8,30005.81,5,3,2,10
11781,139,10,84453.56999999999,1,4,5,10
11782,11,9,43843.3,5,4,3,12
11783,11,14,69981.35,5,5,5,15
11784,45,8,24813.43,3,3,1,7
11785,9,10,39287.21,5,4,3,12
11786,20,11,45539.48,4,5,4,13
11787,21,9,57850.13,4,4,5,13
11788,163,7,38974.84,1,2,3,6
11789,170,5,23165.09,1,1,1,3
11790,111,6,31679.47,1,2,2,5
11791,51,9,85016.01,3,4,5,12
11792,48,11,43473.86,3,5,3,11
11793,10,5,23387.74,5,1,1,7
11794,9,6,41504.48,5,2,3,10
11795,133,9,38411.43,1,4,3,8
11796,44,9,48506.33,3,4,4,11
11797,153,5,22264.7,1,1,1,3
11798,95,2,12044.509999999998,2,1,1,4
11799,1,8,31174.58,5,3,2,10
11800,23,7,24138.04,4,2,1,7
11801,55,5,58455.96,3,1,5,9
11802,192,4,13826.13,1,1,1,3
11803,26,13,51570.5,4,5,4,13
11804,4,8,33283.75,5,3,2,10
11805,63,8,47350.240000000005,2,3,4,9
11806,249,5,39969.31,1,1,3,5
11807,6,5,14711.58,5,1,1,7
11808,14,5,21862.739999999998,5,1,1,7
11809,151,6,40049.19,1,2,3,6
11810,38,7,48263.6,3,2,4,9
11811,33,8,27989.09,4,3,2,9
11812,18,9,44398.409999999996,4,4,3,11
11813,1,9,36569.51,5,4,3,12
11814,125,3,10084.34,1,1,1,3
11815,12,5,36472.89,5,1,3,9
11816,57,11,60214.12,3,5,5,13
11817,1,9,50217.67,5,4,4,13
11818,48,13,60931.7,3,5,5,13
11819,38,9,43724.8,3,4,3,10
11820,71,4,15390.57,2,1,1,4
11821,175,11,63582.58,1,5,5,11
11822,36,9,44171.479999999996,3,4,3,10
11823,88,6,36992.29,2,2,3,7
11824,63,7,42678.68,2,2,3,7
11825,33,5,31685.440000000002,4,1,2,7
11826,7,12,63650.86,5,5,5,15
11827,51,11,63562.25,3,5,5,13
11828,117,6,25306.56,1,2,2,5
11829,259,3,10811.01,1,1,1,3
11830,5,12,39367.6,5,5,3,13
11831,80,14,88340.48,2,5,5,12
11832,100,8,46887.89,2,3,4,9
11833,163,6,18763.420000000002,1,2,1,4
11834,8,6,36469.87,5,2,3,10
11835,8,7,14175.92,5,2,1,8
11836,1,12,58415.28,5,5,5,15
11837,31,8,52733.33,4,3,4,11
11838,8,8,27940.29,5,3,2,10
11839,39,10,61888.33,3,4,5,12
11840,280,3,14106.82,1,1,1,3
11841,62,10,33483.13,2,4,2,8
11842,119,12,81894.96,1,5,5,11
11843,19,5,21498.29,4,1,1,6
11844,26,9,42877.22,4,4,3,11
11845,70,6,31783.149999999998,2,2,2,6
11846,42,9,49109.94,3,4,4,11
11847,45,5,47237.56,3,1,4,8
11848,202,6,31723.69,1,2,2,5
11849,197,3,29157.93,1,1,2,4
11850,13,14,86924.43000000001,5,5,5,15
11851,21,7,44033.22,4,2,3,9
11852,66,5,21699.46,2,1,1,4
11853,57,7,39281.86,3,2,3,8
11854,126,8,33582.93,1,3,2,6
11855,86,6,30746.83,2,2,2,6
11856,24,15,59326.07,4,5,5,14
11857,54,10,24858.09,3,4,1,8
11858,39,4,15490.58,3,1,1,5
11859,183,5,38494.86,1,1,3,5
11860,18,6,26792.23,4,2,2,8
11861,76,7,30850.72,2,2,2,6
11862,88,3,10668.699999999999,2,1,1,4
11863,104,15,79701.3,2,5,5,12
11864,185,5,13709.76,1,1,1,3
11865,6,8,45833.15,5,3,4,12
11866,40,12,55069.07,3,5,4,12
11867,13,11,65152.17,5,5,5,15
11868,33,10,55604.67,4,4,4,12
11869,4,8,39462.05,5,3,3,11
11870,70,9,26709.64,2,4,2,8
11871,64,10,48940.75,2,4,4,10
11872,234,6,28202.140000000003,1,2,2,5
11873,29,6,17725.58,4,2,1,7
11874,67,5,11678.470000000001,2,1,1,4
11875,102,9,38661.58,2,4,3,9
11876,61,6,34803.2,3,2,2,7
11877,56,6,24246.63,3,2,1,6
11878,23,13,61135.46,4,5,5,14
11879,43,14,89482.32,3,5,5,13
11880,388,3,5751.76,1,1,1,3
11881,83,7,37624.0,2,2,3,7
11882,31,8,26243.2,4,3,2,9
11883,64,7,52928.299999999996,2,2,4,8
11884,61,5,39866.94,3,1,3,7
11885,487,2,14854.79,1,1,1,3
11886,11,11,67467.64,5,5,5,15
11887,10,9,45193.14,5,4,4,13
11888,2,5,32898.05,5,1,2,8
11889,22,13,79770.36,4,5,5,14
11890,65,10,35433.07,2,4,3,9
11891,7,13,53200.87,5,5,4,14
11892,6,7,33237.52,5,2,2,9
11893,36,5,18348.32,3,1,1,5
11894,1,7,36480.01,5,2,3,10
11895,17,8,49281.689999999995,4,3,4,11
11896,315,6,31514.79,1,2,2,5
11897,94,7,48729.16,2,2,4,8
11898,7,8,36980.83,5,3,3,11
11899,122,9,44260.13,1,4,3,8
11900,114,7,43775.47,1,2,3,6
11901,10,9,28702.04,5,4,2,11
11902,41,7,36731.020000000004,3,2,3,8
11903,78,15,94384.26000000001,2,5,5,12
11904,3,9,40472.28,5,4,3,12
11905,23,7,47662.630000000005,4,2,4,10
11906,4,5,19364.25,5,1,1,7
11907,91,13,46602.62,2,5,4,11
11908,180,8,28220.78,1,3,2,6
11909,37,4,25669.59,3,1,2,6
11910,57,15,86237.55,3,5,5,13
11911,10,13,71054.63,5,5,5,15
11912,332,6,29425.71,1,2,2,5
11913,109,7,31148.28,2,2,2,6
11914,42,8,40506.03,3,3,3,9
11915,33,11,73565.24,4,5,5,14
11916,11,13,57626.6,5,5,5,15
11917,8,9,55195.58,5,4,4,13
11918,94,6,17540.94,2,2,1,5
11919,50,7,47673.729999999996,3,2,4,9
11920,32,8,40652.04,4,3,3,10
11921,67,9,32048.2,2,4,2,8
11922,22,9,32831.64,4,4,2,10
11923,43,14,94553.48999999999,3,5,5,13
11924,63,9,37533.200000000004,2,4,3,9
11925,43,10,43820.78,3,4,3,10
11926,90,6,19140.73,2,2,1,5
11927,3,13,82354.86,5,5,5,15
11928,158,5,27990.97,1,1,2,4
11929,91,7,27412.65,2,2,2,6
11930,2,9,27767.969999999998,5,4,2,11
11931,27,10,49326.86,4,4,4,12
11932,18,9,44848.66,4,4,4,12
11933,2,13,61259.979999999996,5,5,5,15
11934,186,4,20198.78,1,1,1,3
11935,6,5,22752.71,5,1,1,7
11936,5,8,35110.159999999996,5,3,3,11
11937,105,10,68446.48,2,4,5,11
11938,53,12,86242.22,3,5,5,13
11939,37,9,32107.25,3,4,2,9
11940,58,4,13016.439999999999,3,1,1,5
11941,196,7,24109.11,1,2,1,4
11942,43,8,50690.07,3,3,4,10
11943,52,9,45174.08,3,4,4,11
11944,66,11,25726.510000000002,2,5,2,9
11945,107,6,27871.579999999998,2,2,2,6
11946,64,11,53179.94,2,5,4,11
11947,11,8,34547.96,5,3,2,10
11948,10,7,38196.58,5,2,3,10
11949,76,11,65896.51000000001,2,5,5,12
11950,48,10,66418.75,3,4,5,12
11951,37,8,75834.98999999999,3,3,5,11
11952,22,10,42268.83,4,4,3,11
11953,47,12,63088.74,3,5,5,13
11954,12,9,29805.52,5,4,2,11
11955,17,12,64874.030000000006,4,5,5,14
11956,37,8,62490.26,3,3,5,11
11957,1,9,51715.64,5,4,4,13
11958,82,6,24065.100000000002,2,2,1,5
11959,127,5,17311.89,1,1,1,3
11960,13,8,75336.98,5,3,5,13
11961,108,7,31338.8,2,2,2,6
11962,7,9,64665.75,5,4,5,14
11963,19,7,42031.07,4,2,3,9
11964,5,8,39441.67,5,3,3,11
11965,6,14,62917.67,5,5,5,15
11966,73,11,80301.08,2,5,5,12
11967,36,5,41234.310000000005,3,1,3,7
11968,26,12,66035.81999999999,4,5,5,14
11969,48,13,46956.71,3,5,4,12
11970,27,10,27461.8,4,4,2,10
11971,70,6,42402.869999999995,2,2,3,7
11972,11,6,21227.65,5,2,1,8
11973,289,4,23151.559999999998,1,1,1,3
11974,87,9,46410.509999999995,2,4,4,10
11975,114,4,20197.83,1,1,1,3
11976,4,9,44803.67,5,4,4,13
11977,270,3,12834.49,1,1,1,3
11978,93,6,27486.63,2,2,2,6
11979,50,9,38407.28,3,4,3,10
11980,46,10,29256.79,3,4,2,9
11981,130,11,61092.77,1,5,5,11
11982,4,12,30685.170000000002,5,5,2,12
11983,51,11,78131.68,3,5,5,13
11984,153,6,27530.1,1,2,2,5
11985,2,11,62799.1,5,5,5,15
11986,37,9,38494.71,3,4,3,10
11987,59,11,36767.54,3,5,3,11
11988,58,9,27956.36,3,4,2,9
11989,18,9,36272.08,4,4,3,11
11990,114,7,45450.8,1,2,4,7
11991,7,10,43254.270000000004,5,4,3,12
11992,1,5,25063.98,5,1,1,7
11993,374,3,10610.080000000002,1,1,1,3
11994,102,6,39355.88,2,2,3,7
11995,30,6,26574.64,4,2,2,8
11996,131,7,52285.6,1,2,4,7
11997,7,16,78988.24,5,5,5,15
11998,51,10,67547.17,3,4,5,12
11999,33,11,45182.68,4,5,4,13
12000,87,6,18842.89,2,2,1,5
12001,71,5,38173.42,2,1,3,6
12002,46,5,29228.22,3,1,2,6
12003,139,5,28931.97,1,1,2,4
12004,125,9,34572.18,1,4,2,7
12005,75,7,20186.65,2,2,1,5
12006,2,10,47426.03,5,4,4,13
12007,15,12,40147.15,5,5,3,13
12008,116,9,51978.84,1,4,4,9
12009,79,8,41672.49,2,3,3,8
12010,26,16,96510.64,4,5,5,14
12011,111,5,29280.84,1,1,2,4
12012,59,8,46105.15,3,3,4,10
12013,75,5,26917.969999999998,2,1,2,5
12014,15,4,10010.76,5,1,1,7
12015,149,14,69257.22,1,5,5,11
12016,63,8,66464.31999999999,2,3,5,10
12017,25,14,68411.52,4,5,5,14
12018,9,7,42213.85,5,2,3,10
12019,237,5,18027.48,1,1,1,3
12020,12,12,60488.25,5,5,5,15
12021,48,11,62849.69,3,5,5,13
12022,161,7,38130.74,1,2,3,6
12023,67,6,22181.32,2,2,1,5
12024,33,8,39799.9,4,3,3,10
12025,87,2,11160.039999999999,2,1,1,4
12026,32,7,29646.79,4,2,2,8
12027,39,5,17922.68,3,1,1,5
12028,6,11,31818.85,5,5,2,12
12029,120,7,39149.82,1,2,3,6
12030,40,11,73738.37,3,5,5,13
12031,56,5,32534.079999999998,3,1,2,6
12032,183,3,7051.96,1,1,1,3
12033,35,5,18530.96,4,1,1,6
12034,71,7,15371.77,2,2,1,5
12035,228,2,15343.470000000001,1,1,1,3
12036,99,5,35281.96,2,1,3,6
12037,125,6,31353.6,1,2,2,5
12038,57,8,40912.61,3,3,3,9
12039,62,6,26074.620000000003,2,2,2,6
12040,14,7,36790.61,5,2,3,10
12041,24,6,13567.390000000001,4,2,1,7
12042,16,11,59424.49,4,5,5,14
12043,107,9,43763.11,2,4,3,9
12044,97,12,38524.78,2,5,3,10
12045,14,6,23469.53,5,2,1,8
12046,9,5,22544.03,5,1,1,7
12047,32,8,62119.439999999995,4,3,5,12
12048,15,9,43481.47,5,4,3,12
12049,26,9,32879.450000000004,4,4,2,10
12050,11,7,19561.21,5,2,1,8
12051,95,9,55050.85,2,4,4,10
12052,122,4,14557.25,1,1,1,3
12053,26,7,31845.769999999997,4,2,2,8
12054,131,10,43160.5,1,4,3,8
12055,204,2,2985.17,1,1,1,3
12056,52,7,34917.56,3,2,3,8
12057,63,10,41491.64,2,4,3,9
12058,4,9,36288.17,5,4,3,12
12059,223,6,29628.64,1,2,2,5
12060,33,6,26096.48,4,2,2,8
12061,48,6,29286.46,3,2,2,7
12062,113,8,36705.66,1,3,3,7
12063,190,6,38489.44,1,2,3,6
12064,98,9,63677.57,2,4,5,11
12065,136,8,37125.12,1,3,3,7
12066,56,10,31979.5,3,4,2,9
12067,16,9,46914.07,4,4,4,12
12068,49,9,86627.05,3,4,5,12
12069,5,11,48347.06,5,5,4,14
12070,76,15,100159.78,2,5,5,12
12071,32,8,46132.21,4,3,4,11
12072,5,4,36775.02,5,1,3,9
12073,10,11,67290.45999999999,5,5,5,15
12074,79,9,45923.51,2,4,4,10
12075,129,7,37654.61,1,2,3,6
12076,362,2,4017.26,1,1,1,3
12077,28,7,31220.800000000003,4,2,2,8
12078,45,5,26216.98,3,1,2,6
12079,79,10,53198.53,2,4,4,10
12080,34,7,51699.54,4,2,4,10
12081,204,5,18828.88,1,1,1,3
12082,248,4,15480.0,1,1,1,3
12083,30,7,28877.81,4,2,2,8
12084,89,4,19421.53,2,1,1,4
12085,71,12,49993.11,2,5,4,11
12086,28,7,45635.56,4,2,4,10
12087,56,9,42139.84,3,4,3,10
12088,32,8,31361.11,4,3,2,9
12089,14,10,44213.45,5,4,3,12
12090,76,9,60877.88,2,4,5,11
12091,81,12,55644.81,2,5,4,11
12092,27,7,35588.71,4,2,3,9
12093,116,7,22838.67,1,2,1,4
12094,54,9,49421.56,3,4,4,11
12095,53,8,54643.09,3,3,4,10
12096,23,14,51650.99,4,5,4,13
12097,34,6,35250.65,4,2,3,9
12098,68,6,19935.57,2,2,1,5
12099,84,10,34499.18,2,4,2,8
12100,51,4,39663.09,3,1,3,7
12101,126,7,36103.06,1,2,3,6
12102,18,8,31585.37,4,3,2,9
12103,30,11,50809.29,4,5,4,13
12104,42,7,35070.67,3,2,3,8
12105,110,7,31651.41,1,2,2,5
12106,4,7,24464.67,5,2,1,8
12107,37,7,28393.41,3,2,2,7
12108,124,10,54657.08,1,4,4,9
12109,186,4,22337.79,1,1,1,3
12110,87,7,41845.65,2,2,3,7
12111,13,10,59936.44,5,4,5,14
12112,24,4,9000.92,4,1,1,6
12113,33,8,38267.17,4,3,3,10
12114,10,12,57025.89,5,5,5,15
12115,41,7,26708.51,3,2,2,7
12116,165,5,14118.07,1,1,1,3
12117,26,14,81922.76,4,5,5,14
12118,11,9,39741.38,5,4,3,12
12119,80,9,42924.01,2,4,3,9
12120,2,18,84305.89,5,5,5,15
12121,44,7,47072.66,3,2,4,9
12122,106,10,45169.63,2,4,4,10
12123,76,7,40144.21000000001,2,2,3,7
12124,26,9,51758.299999999996,4,4,4,12
12125,22,6,14820.16,4,2,1,7
12126,26,11,44393.27,4,5,3,12
12127,17,7,25312.73,4,2,2,8
12128,41,11,78298.2,3,5,5,13
12129,20,5,25302.559999999998,4,1,2,7
12130,142,8,47353.97,1,3,4,8
12131,74,9,43898.06,2,4,3,9
12132,51,7,47001.32,3,2,4,9
12133,208,9,42960.630000000005,1,4,3,8
12134,3,7,28236.53,5,2,2,9
12135,44,4,7753.7300000000005,3,1,1,5
12136,25,6,18765.32,4,2,1,7
12137,138,5,14629.460000000001,1,1,1,3
12138,10,14,69299.99,5,5,5,15
12139,28,3,20180.550000000003,4,1,1,6
12140,70,6,18238.620000000003,2,2,1,5
12141,157,11,40949.67,1,5,3,9
12142,144,11,32084.43,1,5,2,8
12143,12,8,46175.77,5,3,4,12
12144,31,10,36506.85,4,4,3,11
12145,104,6,16614.22,2,2,1,5
12146,98,8,28737.66,2,3,2,7
12147,113,10,62841.58,1,4,5,10
12148,48,13,65111.68,3,5,5,13
12149,52,4,20307.68,3,1,1,5
12150,52,9,62589.08,3,4,5,12
12151,40,8,64624.96,3,3,5,11
12152,42,10,55280.32,3,4,4,11
12153,55,5,13545.89,3,1,1,5
12154,51,14,91687.20999999999,3,5,5,13
12155,96,11,59027.409999999996,2,5,5,12
12156,82,6,54424.49,2,2,4,8
12157,234,6,44235.58,1,2,3,6
12158,28,9,47946.51,4,4,4,12
12159,7,12,64063.8,5,5,5,15
12160,103,3,7076.86,2,1,1,4
12161,44,12,72723.28,3,5,5,13
12162,4,6,23384.91,5,2,1,8
12163,247,3,17539.31,1,1,1,3
12164,23,10,31484.6,4,4,2,10
12165,54,6,26707.6,3,2,2,7
12166,50,10,47385.69,3,4,4,11
12167,85,5,29949.06,2,1,2,5
12168,24,10,47119.350000000006,4,4,4,12
12169,34,4,16117.56,4,1,1,6
12170,1,7,37749.92,5,2,3,10
12171,20,11,56375.76,4,5,4,13
12172,211,6,53883.23,1,2,4,7
12173,61,7,40936.62,3,2,3,8
12174,35,10,52338.01,4,4,4,12
12175,17,13,72788.93,4,5,5,14
12176,109,12,67212.29,2,5,5,12
12177,8,6,56437.17,5,2,4,11
12178,81,11,54804.62,2,5,4,11
12179,33,7,27669.33,4,2,2,8
12180,49,12,40326.99,3,5,3,11
12181,25,12,82168.12,4,5,5,14
12182,14,8,52727.3,5,3,4,12
12183,254,7,33309.62,1,2,2,5
12184,1,6,36181.270000000004,5,2,3,10
12185,20,16,65434.479999999996,4,5,5,14
12186,142,6,33152.979999999996,1,2,2,5
12187,79,6,63292.55,2,2,5,9
12188,15,12,55404.899999999994,5,5,4,14
12189,218,6,34051.14,1,2,2,5
12190,133,6,33792.99,1,2,2,5
12191,64,6,38904.74,2,2,3,7
12192,4,10,53080.409999999996,5,4,4,13
12193,130,8,44486.86,1,3,3,7
12194,167,12,75591.56,1,5,5,11
12195,33,7,49954.43,4,2,4,10
12196,111,13,62291.34,1,5,5,11
12197,24,7,49684.94,4,2,4,10
12198,133,8,47857.59,1,3,4,8
12199,95,7,29166.66,2,2,2,6
12200,8,8,53738.45,5,3,4,12
12201,40,11,35050.87,3,5,3,11
12202,109,9,44436.14,2,4,3,9
12203,72,7,37043.86,2,2,3,7
12204,30,7,38385.259999999995,4,2,3,9
12205,107,12,49733.21,2,5,4,11
12206,57,7,34473.66,3,2,2,7
12207,153,7,21396.95,1,2,1,4
12208,37,9,40408.08,3,4,3,10
12209,6,6,18363.52,5,2,1,8
12210,64,6,24413.66,2,2,1,5
12211,21,14,56498.340000000004,4,5,4,13
12212,65,11,31401.6,2,5,2,9
12213,45,11,59327.86,3,5,5,13
12214,1,9,56916.369999999995,5,4,4,13
12215,104,10,31221.17,2,4,2,8
12216,75,6,51652.990000000005,2,2,4,8
12217,51,10,40582.9,3,4,3,10
12218,84,8,35276.6,2,3,3,8
12219,25,19,98230.47,4,5,5,14
12220,86,10,42519.43,2,4,3,9
12221,21,8,57423.23,4,3,5,12
12222,45,5,11677.17,3,1,1,5
12223,422,3,20271.370000000003,1,1,1,3
12224,60,10,51451.24,3,4,4,11
12225,350,5,14256.63,1,1,1,3
12226,30,15,88878.06,4,5,5,14
12227,79,8,26683.66,2,3,2,7
12228,65,5,8884.68,2,1,1,4
12229,26,10,38186.25,4,4,3,11
12230,188,4,9380.49,1,1,1,3
12231,60,9,49012.84,3,4,4,11
12232,91,4,14376.900000000001,2,1,1,4
12233,4,9,56037.03,5,4,4,13
12234,231,9,36574.16,1,4,3,8
12235,47,9,46662.479999999996,3,4,4,11
12236,116,6,39258.36,1,2,3,6
12237,26,9,41676.88,4,4,3,11
12238,12,9,45374.88,5,4,4,13
12239,55,5,39601.33,3,1,3,7
12240,9,3,8991.64,5,1,1,7
12241,118,5,23007.14,1,1,1,3
12242,40,8,57258.99,3,3,5,11
12243,23,8,57512.24,4,3,5,12
12244,190,6,32107.16,1,2,2,5
12245,35,4,18125.29,4,1,1,6
12246,17,6,47493.68,4,2,4,10
12247,56,9,47438.79,3,4,4,11
12248,89,9,68851.9,2,4,5,11
12249,57,11,58171.6,3,5,5,13
12250,119,6,19199.92,1,2,1,4
12251,156,10,57073.5,1,4,5,10
12252,5,8,32057.96,5,3,2,10
12253,15,14,108084.41,5,5,5,15
12254,44,9,37663.479999999996,3,4,3,10
12255,3,10,49883.04,5,4,4,13
12256,51,9,46349.71,3,4,4,11
12257,115,10,62479.12,1,4,5,10
12258,59,7,7679.27,3,2,1,6
12259,61,8,40719.649999999994,3,3,3,9
12260,6,14,94002.28,5,5,5,15
12261,9,9,87808.01000000001,5,4,5,14
12262,151,6,41137.53,1,2,3,6
12263,4,4,13156.94,5,1,1,7
12264,10,7,72201.8,5,2,5,12
12265,12,7,47142.45,5,2,4,11
12266,51,5,8058.87,3,1,1,5
12267,53,5,20873.59,3,1,1,5
12268,97,6,36347.76,2,2,3,7
12269,37,9,36446.14,3,4,3,10
12270,205,6,42260.32,1,2,3,6
12271,20,14,89582.33,4,5,5,14
12272,85,7,32111.7,2,2,2,6
12273,122,9,45314.24,1,4,4,9
12274,37,10,68453.34,3,4,5,12
12275,60,16,75395.07,3,5,5,13
12276,142,5,8461.9,1,1,1,3
12277,13,8,26664.239999999998,5,3,2,10
12278,28,3,10061.66,4,1,1,6
12279,43,10,48839.36,3,4,4,11
12280,20,5,26688.170000000002,4,1,2,7
12281,47,9,34579.19,3,4,2,9
12282,234,4,28087.6,1,1,2,4
12283,88,10,43482.73,2,4,3,9
12284,23,7,41751.97,4,2,3,9
12285,21,7,20037.37,4,2,1,7
12286,166,4,33334.74,1,1,2,4
12287,39,7,21675.42,3,2,1,6
12288,135,9,33526.51,1,4,2,7
12289,23,7,26253.6,4,2,2,8
12290,142,7,30357.61,1,2,2,5
12291,110,10,30315.34,1,4,2,7
12292,67,5,22775.34,2,1,1,4
12293,98,5,14120.17,2,1,1,4
12294,63,4,26602.98,2,1,2,5
12295,2,17,57917.58,5,5,5,15
12296,24,8,60417.840000000004,4,3,5,12
12297,81,7,36497.57,2,2,3,7
12298,34,8,39621.100000000006,4,3,3,10
12299,75,7,40907.41,2,2,3,7
12300,36,5,11658.990000000002,3,1,1,5
12301,13,8,66695.75,5,3,5,13
12302,9,15,44886.82,5,5,4,14
12303,12,13,68957.74,5,5,5,15
12304,20,6,13192.29,4,2,1,7
12305,43,8,37757.76,3,3,3,9
12306,86,7,55759.42,2,2,4,8
12307,13,7,25138.09,5,2,1,8
12308,10,4,28664.29,5,1,2,8
12309,7,8,53096.66,5,3,4,12
12310,2,13,60964.200000000004,5,5,5,15
12311,123,7,42764.149999999994,1,2,3,6
12312,61,5,36457.55,3,1,3,7
12313,27,6,51302.450000000004,4,2,4,10
12314,59,9,57408.04,3,4,5,12
12315,7,7,34254.9,5,2,2,9
12316,67,8,51867.3,2,3,4,9
12317,77,5,27365.29,2,1,2,5
12318,15,13,57859.84,5,5,5,15
12319,119,8,31606.94,1,3,2,6
12320,112,4,13193.07,1,1,1,3
12321,38,7,74668.79,3,2,5,10
12322,42,6,26379.879999999997,3,2,2,7
12323,157,6,25377.38,1,2,2,5
12324,93,9,43159.88,2,4,3,9
12325,114,8,27663.38,1,3,2,6
12326,15,5,26461.17,5,1,2,8
12327,42,5,18871.92,3,1,1,5
12328,70,8,37867.9,2,3,3,8
12329,78,8,28208.95,2,3,2,7
12330,8,4,26670.23,5,1,2,8
12331,18,8,56166.67,4,3,4,11
12332,16,14,55691.68,4,5,4,13
12333,13,8,39070.22,5,3,3,11
12334,103,10,68141.54000000001,2,4,5,11
12335,278,4,24797.17,1,1,1,3
12336,100,8,31288.06,2,3,2,7
12337,25,6,37443.03,4,2,3,9
12338,33,11,62569.13,4,5,5,14
12339,35,9,50690.63,4,4,4,12
12340,8,7,39686.369999999995,5,2,3,10
12341,103,8,47691.46,2,3,4,9
12342,30,10,45894.5,4,4,4,12
12343,70,13,77044.86,2,5,5,12
12344,2,9,46244.45,5,4,4,13
12345,50,6,26592.129999999997,3,2,2,7
12346,2,6,28551.43,5,2,2,9
12347,49,8,28809.29,3,3,2,8
12348,12,14,84510.79,5,5,5,15
12349,59,9,37307.06,3,4,3,10
12350,45,4,34668.67,3,1,2,6
12351,67,5,27083.510000000002,2,1,2,5
12352,110,10,61773.25,1,4,5,10
12353,34,10,54748.21,4,4,4,12
12354,1,8,23744.4,5,3,1,9
12355,122,3,26524.11,1,1,2,4
12356,32,8,61597.36,4,3,5,12
12357,25,10,53310.28,4,4,4,12
12358,92,12,15145.19,2,5,1,8
12359,33,9,45718.590000000004,4,4,4,12
12360,105,10,42626.44,2,4,3,9
12361,98,4,21946.8,2,1,1,4
12362,145,8,33046.619999999995,1,3,2,6
12363,9,5,28031.57,5,1,2,8
12364,87,9,50511.14,2,4,4,10
12365,28,16,114395.79000000001,4,5,5,14
12366,13,7,22294.8,5,2,1,8
12367,101,8,38808.01,2,3,3,8
12368,17,5,29580.18,4,1,2,7
12369,9,14,52729.22,5,5,4,14
12370,112,6,42124.28,1,2,3,6
12371,93,8,40821.55,2,3,3,8
12372,111,6,52459.04,1,2,4,7
12373,122,6,21978.56,1,2,1,4
12374,74,10,61167.4,2,4,5,11
12375,35,6,27276.08,4,2,2,8
12376,24,9,57338.8,4,4,5,13
12377,36,9,36882.91,3,4,3,10
12378,240,11,65325.29,1,5,5,11
12379,83,10,41594.91,2,4,3,9
12380,39,7,25320.15,3,2,2,7
12381,21,9,44033.64,4,4,3,11
12382,9,16,86070.39,5,5,5,15
12383,40,7,47952.65,3,2,4,9
12384,73,13,75714.93,2,5,5,12
12385,115,9,29298.74,1,4,2,7
12386,27,7,37515.5,4,2,3,9
12387,80,9,54597.66,2,4,4,10
12388,121,8,31620.14,1,3,2,6
12389,58,6,32628.77,3,2,2,7
12390,9,10,58548.439999999995,5,4,5,14
12391,99,8,34508.17,2,3,2,7
12392,51,6,25622.85,3,2,2,7
12393,7,8,60631.100000000006,5,3,5,13
12394,37,6,42575.09,3,2,3,8
12395,17,8,44438.2,4,3,3,10
12396,2,8,31143.61,5,3,2,10
12397,25,13,61230.88,4,5,5,14
12398,53,7,37455.61,3,2,3,8
12399,61,8,26877.17,3,3,2,8
12400,54,9,43427.44,3,4,3,10
12401,82,7,29029.63,2,2,2,6
12402,85,7,53961.130000000005,2,2,4,8
12403,22,9,50413.22,4,4,4,12
12404,100,4,31386.09,2,1,2,5
12405,110,6,35730.020000000004,1,2,3,6
12406,88,6,24499.93,2,2,1,5
12407,22,9,58672.16,4,4,5,13
12408,53,8,35062.57,3,3,3,9
12409,2,7,32430.43,5,2,2,9
12410,60,9,32645.41,3,4,2,9
12411,94,8,19968.18,2,3,1,6
12412,18,8,42821.259999999995,4,3,3,10
12413,3,10,56506.1,5,4,4,13
12414,164,7,17382.24,1,2,1,4
12415,8,9,39444.61,5,4,3,12
12416,27,8,30522.649999999998,4,3,2,9
12417,86,9,39028.08,2,4,3,9
12418,33,10,37682.36,4,4,3,11
12419,145,8,47834.44,1,3,4,8
12420,38,8,34598.48,3,3,2,8
12421,119,6,17022.57,1,2,1,4
12422,117,11,65374.22,1,5,5,11
12423,70,9,61097.86,2,4,5,11
12424,24,6,28988.2,4,2,2,8
12425,36,8,42597.52,3,3,3,9
12426,30,10,49397.44,4,4,4,12
12427,28,6,38435.39,4,2,3,9
12428,59,9,51844.74,3,4,4,11
12429,3,13,62204.19,5,5,5,15
12430,187,6,14423.75,1,2,1,4
12431,72,9,19863.18,2,4,1,7
12432,12,11,42887.61,5,5,3,13
12433,3,6,38812.79,5,2,3,10
12434,107,13,82476.47,2,5,5,12
12435,186,7,24249.86,1,2,1,4
12436,161,5,20576.91,1,1,1,3
12437,40,6,30281.64,3,2,2,7
12438,36,6,19355.54,3,2,1,6
12439,67,6,19552.39,2,2,1,5
12440,30,10,34374.82,4,4,2,10
12441,50,6,26738.54,3,2,2,7
12442,10,8,25503.350000000002,5,3,2,10
12443,38,9,39565.91,3,4,3,10
12444,90,8,36603.23,2,3,3,8
12445,18,13,93545.14,4,5,5,14
12446,1,7,33850.62,5,2,2,9
12447,10,11,53306.2,5,5,4,14
12448,204,2,986.01,1,1,1,3
12449,11,12,67920.52,5,5,5,15
12450,11,14,64959.36,5,5,5,15
12451,35,15,72912.8,4,5,5,14
12452,52,16,99259.18000000001,3,5,5,13
12453,216,11,54055.68,1,5,4,10
12454,10,10,61598.65,5,4,5,14
12455,139,8,32817.64,1,3,2,6
12456,87,7,30796.149999999998,2,2,2,6
12457,37,7,34049.32,3,2,2,7
12458,47,8,25295.95,3,3,2,8
12459,14,9,44804.38,5,4,4,13
12460,5,8,40127.79,5,3,3,11
12461,22,9,45668.16,4,4,4,12
12462,12,11,52759.31,5,5,4,14
12463,336,6,28062.48,1,2,2,5
12464,98,9,46983.11,2,4,4,10
12465,141,5,24081.26,1,1,1,3
12466,13,4,22071.21,5,1,1,7
12467,106,6,33134.26,2,2,2,6
12468,21,6,24982.61,4,2,1,7
12469,115,6,24217.18,1,2,1,4
12470,13,10,79196.89,5,4,5,14
12471,92,8,57550.34,2,3,5,10
12472,7,12,85516.85,5,5,5,15
12473,130,5,21448.27,1,1,1,3
12474,24,6,25205.989999999998,4,2,2,8
12475,102,13,56230.68,2,5,4,11
12476,29,9,31697.190000000002,4,4,2,10
12477,59,9,36003.82,3,4,3,10
12478,66,3,15702.93,2,1,1,4
12479,50,10,62976.37,3,4,5,12
12480,227,5,27297.02,1,1,2,4
12481,36,11,51814.44,3,5,4,12
12482,7,6,33980.32,5,2,2,9
12483,60,7,32362.01,3,2,2,7
12484,47,6,42921.61,3,2,3,8
12485,73,11,48591.63,2,5,4,11
12486,11,10,15602.060000000001,5,4,1,10
12487,3,7,13727.52,5,2,1,8
12488,19,6,44248.71,4,2,3,9
12489,151,9,53707.96,1,4,4,9
12490,101,3,15409.13,2,1,1,4
12491,67,9,44886.69,2,4,4,10
12492,87,8,33435.27,2,3,2,7
12493,122,14,60887.729999999996,1,5,5,11
12494,171,9,39796.58,1,4,3,8
12495,137,9,48253.09,1,4,4,9
12496,27,7,26796.239999999998,4,2,2,8
12497,13,16,70105.67,5,5,5,15
12498,8,9,59489.74,5,4,5,14
12499,37,10,45825.46,3,4,4,11
12500,39,7,45833.32,3,2,4,9
12501,13,6,33919.71,5,2,2,9
12502,20,5,23240.55,4,1,1,6
12503,18,9,48115.35,4,4,4,12
12504,187,6,42975.93,1,2,3,6
12505,22,5,35433.89,4,1,3,8
12506,123,3,14796.06,1,1,1,3
12507,11,10,57811.07,5,4,5,14
12508,15,8,32184.22,5,3,2,10
12509,76,7,57884.549999999996,2,2,5,9
12510,20,12,53422.33,4,5,4,13
12511,3,9,52840.490000000005,5,4,4,13
12512,3,9,28168.010000000002,5,4,2,11
12513,40,9,18284.19,3,4,1,8
12514,60,11,93811.96,3,5,5,13
12515,107,6,40109.68,2,2,3,7
12516,92,5,23421.31,2,1,1,4
12517,129,5,19667.51,1,1,1,3
12518,5,9,40532.43,5,4,3,12
12519,62,11,52140.53,2,5,4,11
12520,161,5,28132.82,1,1,2,4
12521,7,5,27171.239999999998,5,1,2,8
12522,41,6,27092.34,3,2,2,7
12523,43,6,38292.240000000005,3,2,3,8
12524,115,6,34801.35,1,2,2,5
12525,106,8,25373.57,2,3,2,7
12526,28,10,80145.63,4,4,5,13
12527,8,7,19983.93,5,2,1,8
12528,72,8,27579.98,2,3,2,7
12529,64,6,24201.14,2,2,1,5
12530,27,12,83343.54999999999,4,5,5,14
12531,45,12,44579.28,3,5,4,12
12532,223,2,2869.7,1,1,1,3
12533,71,7,33566.06,2,2,2,6
12534,87,2,23484.489999999998,2,1,1,4
12535,15,7,40005.07,5,2,3,10
12536,59,4,20681.53,3,1,1,5
12537,143,6,46970.18,1,2,4,7
12538,58,6,36939.47,3,2,3,8
12539,38,6,31611.100000000002,3,2,2,7
12540,4,16,60379.58,5,5,5,15
12541,219,4,17677.36,1,1,1,3
12542,27,9,42016.52,4,4,3,11
12543,102,9,31939.61,2,4,2,8
12544,4,10,46514.81,5,4,4,13
12545,86,7,24055.7,2,2,1,5
12546,126,10,49826.86,1,4,4,9
12547,39,11,49895.43,3,5,4,12
12548,4,4,9097.97,5,1,1,7
12549,28,10,46795.37,4,4,4,12
12550,64,5,10977.08,2,1,1,4
12551,87,7,29739.85,2,2,2,6
12552,54,9,46785.11,3,4,4,11
12553,44,7,38443.659999999996,3,2,3,8
12554,28,7,31208.16,4,2,2,8
12555,30,7,48901.58,4,2,4,10
12556,59,4,17469.510000000002,3,1,1,5
12557,6,6,22395.06,5,2,1,8
12558,26,5,25975.89,4,1,2,7
12559,2,6,37744.53,5,2,3,10
12560,2,6,26645.78,5,2,2,9
12561,19,7,50119.18,4,2,4,10
12562,38,5,27031.83,3,1,2,6
12563,53,7,26303.82,3,2,2,7
12564,40,9,19290.329999999998,3,4,1,8
12565,55,9,47969.14,3,4,4,11
12566,12,8,36162.09,5,3,3,11
12567,81,8,40275.06,2,3,3,8
12568,16,7,39955.3,4,2,3,9
12569,209,6,42044.33,1,2,3,6
12570,218,11,26011.28,1,5,2,8
12571,79,2,11139.279999999999,2,1,1,4
12572,22,9,36582.689999999995,4,4,3,11
12573,394,6,40078.49,1,2,3,6
12574,90,7,33566.83,2,2,2,6
12575,100,6,22581.28,2,2,1,5
12576,115,6,53465.28,1,2,4,7
12577,20,9,29581.07,4,4,2,10
12578,217,6,35285.09,1,2,3,6
12579,53,11,61886.700000000004,3,5,5,13
12580,26,9,55914.31,4,4,4,12
12581,92,6,27759.0,2,2,2,6
12582,45,10,59506.71,3,4,5,12
12583,32,7,23801.59,4,2,1,7
12584,8,10,68047.75,5,4,5,14
12585,83,8,25174.370000000003,2,3,1,6
12586,8,10,53120.520000000004,5,4,4,13
12587,56,9,68561.31,3,4,5,12
12588,14,8,39874.62,5,3,3,11
12589,99,8,37274.36,2,3,3,8
12590,224,5,26625.239999999998,1,1,2,4
12591,60,5,18903.280000000002,3,1,1,5
12592,45,7,52541.93,3,2,4,9
12593,42,3,19785.22,3,1,1,5
12594,62,4,10448.43,2,1,1,4
12595,178,6,37478.88,1,2,3,6
12596,32,10,50722.21,4,4,4,12
12597,53,8,61472.979999999996,3,3,5,11
12598,7,3,18977.46,5,1,1,7
12599,40,6,43173.729999999996,3,2,3,8
12600,163,4,23659.72,1,1,1,3
12601,71,4,54566.85,2,1,4,7
12602,52,8,37980.58,3,3,3,9
12603,33,8,72477.2,4,3,5,12
12604,43,6,45574.46000000001,3,2,4,9
12605,6,4,27060.91,5,1,2,8
12606,25,13,83708.23,4,5,5,14
12607,6,9,53742.24,5,4,4,13
12608,77,12,70753.45,2,5,5,12
12609,47,1,11386.2,3,1,1,5
12610,63,9,30072.38,2,4,2,8
12611,116,5,13818.99,1,1,1,3
12612,18,16,81390.64,4,5,5,14
12613,267,5,41463.94,1,1,3,5
12614,1,6,59492.270000000004,5,2,5,12
12615,27,7,29801.34,4,2,2,8
12616,11,2,5819.23,5,1,1,7
12617,113,5,14665.19,1,1,1,3
12618,179,11,32733.45,1,5,2,8
12619,44,11,65396.7,3,5,5,13
12620,33,13,53703.490000000005,4,5,4,13
12621,21,6,52151.52,4,2,4,10
12622,80,9,24986.55,2,4,1,7
12623,29,9,29639.68,4,4,2,10
12624,74,6,26227.510000000002,2,2,2,6
12625,90,11,64518.51,2,5,5,12
12626,158,6,31990.83,1,2,2,5
12627,54,7,49896.45,3,2,4,9
12628,32,4,13795.14,4,1,1,6
12629,124,13,57353.26,1,5,5,11
12630,52,6,27451.62,3,2,2,7
12631,133,7,13283.24,1,2,1,4
12632,9,8,52998.490000000005,5,3,4,12
12633,19,12,57123.65,4,5,5,14
12634,11,10,43232.630000000005,5,4,3,12
12635,26,8,48849.88,4,3,4,11
12636,152,5,20023.3,1,1,1,3
12637,56,7,40206.03,3,2,3,8
12638,49,7,30736.949999999997,3,2,2,7
12639,95,3,12952.34,2,1,1,4
12640,123,7,43977.06,1,2,3,6
12641,100,12,25788.489999999998,2,5,2,9
12642,110,11,56035.16,1,5,4,10
12643,69,6,16182.88,2,2,1,5
12644,20,10,58228.28,4,4,5,13
12645,42,11,76054.28,3,5,5,13
12646,148,3,24615.6,1,1,1,3
12647,5,13,78935.55,5,5,5,15
12648,45,6,20747.73,3,2,1,6
12649,173,5,21264.43,1,1,1,3
12650,58,12,68833.38,3,5,5,13
12651,123,7,26296.56,1,2,2,5
12652,5,8,50888.18,5,3,4,12
12653,107,4,17366.46,2,1,1,4
12654,36,8,42242.299999999996,3,3,3,9
12655,38,12,82427.98,3,5,5,13
12656,52,8,53528.270000000004,3,3,4,10
12657,76,11,57057.479999999996,2,5,5,12
12658,65,5,17148.73,2,1,1,4
12659,33,14,114150.25,4,5,5,14
12660,116,9,52994.94,1,4,4,9
12661,162,2,5337.25,1,1,1,3
12662,64,10,52442.44,2,4,4,10
12663,10,8,42648.42,5,3,3,11
12664,78,8,32767.82,2,3,2,7
12665,59,6,19318.54,3,2,1,6
12666,9,7,15630.19,5,2,1,8
12667,108,6,33363.45,2,2,2,6
12668,20,4,29883.690000000002,4,1,2,7
12669,76,11,78813.26000000001,2,5,5,12
12670,231,8,45567.14,1,3,4,8
12671,347,2,13918.62,1,1,1,3
12672,17,6,49351.880000000005,4,2,4,10
12673,151,6,40674.47,1,2,3,6
12674,218,5,24242.73,1,1,1,3
12675,103,10,30641.18,2,4,2,8
12676,10,7,31386.15,5,2,2,9
12677,80,7,32646.43,2,2,2,6
12678,73,5,9874.42,2,1,1,4
12679,39,6,14861.41,3,2,1,6
12680,57,7,41352.92,3,2,3,8
12681,17,4,35079.06,4,1,3,8
12682,87,6,28636.42,2,2,2,6
12683,61,9,38353.4,3,4,3,10
12684,3,12,33087.68,5,5,2,12
12685,18,7,37312.49,4,2,3,9
12686,98,7,69442.58,2,2,5,9
12687,50,7,62592.02,3,2,5,10
12688,10,9,61403.22,5,4,5,14
12689,2,8,19846.329999999998,5,3,1,9
12690,71,7,38956.89,2,2,3,7
12691,15,9,45638.16,5,4,4,13
12692,93,8,26620.96,2,3,2,7
12693,53,13,55886.86,3,5,4,12
12694,20,4,28111.79,4,1,2,7
12695,133,5,26508.08,1,1,2,4
12696,38,12,67741.95,3,5,5,13
12697,195,4,14448.6,1,1,1,3
12698,151,9,35702.51,1,4,3,8
12699,86,12,37771.64,2,5,3,10
12700,2,12,71323.3,5,5,5,15
12701,71,11,36108.38,2,5,3,10
12702,17,8,36090.32,4,3,3,10
12703,104,6,39784.700000000004,2,2,3,7
12704,17,10,62914.92,4,4,5,13
12705,27,7,36117.24,4,2,3,9
12706,1,9,42000.5,5,4,3,12
12707,61,9,36884.98,3,4,3,10
12708,17,7,21432.46,4,2,1,7
12709,62,9,31790.98,2,4,2,8
12710,194,6,32868.270000000004,1,2,2,5
12711,12,7,38191.01,5,2,3,10
12712,22,11,52827.17,4,5,4,13
12713,18,6,32606.78,4,2,2,8
12714,7,16,75389.39,5,5,5,15
12715,116,9,40144.88,1,4,3,8
12716,198,3,5633.67,1,1,1,3
12717,35,10,43704.05,4,4,3,11
12718,1,7,21612.6,5,2,1,8
12719,73,7,30563.5,2,2,2,6
12720,162,7,30464.489999999998,1,2,2,5
12721,91,9,43221.07,2,4,3,9
12722,48,6,17912.42,3,2,1,6
12723,36,10,48757.11,3,4,4,11
12724,6,5,35992.03,5,1,3,9
12725,34,11,40821.29,4,5,3,12
12726,30,7,26698.88,4,2,2,8
12727,59,7,52217.69,3,2,4,9
12728,72,7,39856.45,2,2,3,7
12729,26,13,50978.69,4,5,4,13
12730,27,5,33966.22,4,1,2,7
12731,18,10,72796.06,4,4,5,13
12732,2,8,55134.49,5,3,4,12
12733,1,8,39867.77,5,3,3,11
12734,2,14,72437.29,5,5,5,15
12735,38,11,35891.58,3,5,3,11
12736,34,7,42104.14,4,2,3,9
12737,6,11,61681.12,5,5,5,15
12738,18,6,44949.22,4,2,4,10
12739,116,10,63115.39,1,4,5,10
12740,117,6,54128.270000000004,1,2,4,7
12741,2,8,40122.76,5,3,3,11
12742,36,8,37082.06,3,3,3,9
12743,207,7,53931.65,1,2,4,7
12744,35,5,20408.620000000003,4,1,1,6
12745,31,9,71129.31999999999,4,4,5,13
12746,68,7,35029.02,2,2,3,7
12747,18,10,63881.939999999995,4,4,5,13
12748,109,10,49249.14,2,4,4,10
12749,195,3,20914.909999999996,1,1,1,3
12750,111,7,57125.97,1,2,5,8
12751,11,7,25702.81,5,2,2,9
12752,35,5,10935.35,4,1,1,6
12753,110,7,51106.57,1,2,4,7
12754,133,6,17438.52,1,2,1,4
12755,77,5,37372.9,2,1,3,6
12756,36,7,19581.6,3,2,1,6
12757,1,12,43186.23,5,5,3,13
12758,20,6,16697.27,4,2,1,7
12759,99,12,77314.68,2,5,5,12
12760,233,2,8407.79,1,1,1,3
12761,46,10,81287.83,3,4,5,12
12762,77,7,55179.67,2,2,4,8
12763,25,15,64959.47,4,5,5,14
12764,23,9,59693.04,4,4,5,13
12765,110,4,17058.3,1,1,1,3
12766,47,8,42101.93,3,3,3,9
12767,83,8,70750.11,2,3,5,10
12768,85,8,55546.380000000005,2,3,4,9
12769,78,7,34070.87,2,2,2,6
12770,4,7,35507.82,5,2,3,10
12771,26,8,24236.31,4,3,1,8
12772,96,6,33222.99,2,2,2,6
12773,49,14,88291.56,3,5,5,13
12774,26,7,37492.76,4,2,3,9
12775,415,5,33282.17,1,1,2,4
12776,26,7,36407.380000000005,4,2,3,9
12777,23,7,44950.62,4,2,4,10
12778,140,9,35970.72,1,4,3,8
12779,46,9,46311.049999999996,3,4,4,11
12780,162,7,42047.11,1,2,3,6
12781,11,8,48779.29,5,3,4,12
12782,65,5,48501.04,2,1,4,7
12783,63,4,19170.67,2,1,1,4
12784,49,6,33642.53,3,2,2,7
12785,9,4,15625.45,5,1,1,7
12786,2,10,58502.310000000005,5,4,5,14
12787,68,12,53080.86,2,5,4,11
12788,94,5,38610.51,2,1,3,6
12789,30,7,52472.979999999996,4,2,4,10
12790,48,5,30256.48,3,1,2,6
12791,104,8,38494.79,2,3,3,8
12792,137,7,44851.31,1,2,4,7
12793,165,9,67045.15,1,4,5,10
12794,21,9,36549.37,4,4,3,11
12795,96,9,28049.84,2,4,2,8
12796,32,12,42423.96,4,5,3,12
12797,184,3,22369.77,1,1,1,3
12798,24,8,51002.52,4,3,4,11
12799,206,4,23566.05,1,1,1,3
12800,60,5,29462.96,3,1,2,6
12801,488,1,650.32,1,1,1,3
12802,89,8,45435.36,2,3,4,9
12803,23,15,62428.21,4,5,5,14
12804,69,3,11438.810000000001,2,1,1,4
12805,243,11,51803.4,1,5,4,10
12806,16,6,29068.0,4,2,2,8
12807,39,7,41968.49,3,2,3,8
12808,7,7,20486.22,5,2,1,8
12809,40,7,16338.86,3,2,1,6
12810,21,9,58935.35,4,4,5,13
12811,77,9,60588.34,2,4,5,11
12812,15,7,38533.76,5,2,3,10
12813,14,10,58039.79,5,4,5,14
12814,40,8,65368.28,3,3,5,11
12815,28,10,48477.229999999996,4,4,4,12
12816,44,2,4944.849999999999,3,1,1,5
12817,148,9,63105.91,1,4,5,10
12818,28,8,53564.36,4,3,4,11
12819,26,4,13220.84,4,1,1,6
12820,79,6,17497.829999999998,2,2,1,5
12821,36,7,30933.03,3,2,2,7
12822,117,5,28224.83,1,1,2,4
12823,7,7,37767.89,5,2,3,10
12824,48,9,22810.09,3,4,1,8
12825,24,4,30551.47,4,1,2,7
12826,28,12,52102.43,4,5,4,13
12827,131,7,20104.38,1,2,1,4
12828,88,8,19641.469999999998,2,3,1,6
12829,17,11,82895.34,4,5,5,14
12830,320,2,17555.49,1,1,1,3
12831,132,8,46634.99,1,3,4,8
12832,32,12,53972.32,4,5,4,13
12833,50,10,54933.89,3,4,4,11
12834,50,11,52666.19,3,5,4,12
12835,50,7,37535.2,3,2,3,8
12836,13,6,39446.05,5,2,3,10
12837,30,7,20381.39,4,2,1,7
12838,30,11,79316.46,4,5,5,14
12839,86,12,62180.479999999996,2,5,5,12
12840,253,7,19801.64,1,2,1,4
12841,9,9,36028.65,5,4,3,12
12842,94,3,19732.23,2,1,1,4
12843,142,5,16011.41,1,1,1,3
12844,10,8,49709.770000000004,5,3,4,12
12845,36,8,29391.48,3,3,2,8
12846,91,12,75743.58,2,5,5,12
12847,114,4,33490.54,1,1,2,4
12848,36,11,65233.43,3,5,5,13
12849,10,10,51518.729999999996,5,4,4,13
12850,112,8,11632.74,1,3,1,5
12851,161,6,37334.380000000005,1,2,3,6
12852,177,4,24615.91,1,1,1,3
12853,24,10,57435.58,4,4,5,13
12854,100,5,18074.48,2,1,1,4
12855,95,10,78442.1,2,4,5,11
12856,54,10,41230.21,3,4,3,10
12857,16,7,36197.78,4,2,3,9
12858,66,9,44071.259999999995,2,4,3,9
12859,6,7,44544.82,5,2,3,10
12860,276,4,15229.04,1,1,1,3
12861,16,9,36928.729999999996,4,4,3,11
12862,2,6,32173.52,5,2,2,9
12863,214,6,27138.199999999997,1,2,2,5
12864,138,5,45006.02,1,1,4,6
12865,48,7,38305.45,3,2,3,8
12866,239,7,33577.08,1,2,2,5
12867,8,6,34743.35,5,2,2,9
12868,8,19,78386.79000000001,5,5,5,15
12869,58,8,19184.62,3,3,1,7
12870,40,11,50530.38,3,5,4,12
12871,12,7,45611.3,5,2,4,11
12872,207,4,11563.39,1,1,1,3
12873,22,9,53612.92,4,4,4,12
12874,14,6,17361.13,5,2,1,8
12875,111,7,47685.66,1,2,4,7
12876,55,7,48219.85,3,2,4,9
12877,84,8,62492.28,2,3,5,10
12878,29,9,41680.55,4,4,3,11
12879,34,10,51567.020000000004,4,4,4,12
12880,7,16,77825.14,5,5,5,15
12881,8,6,33971.19,5,2,2,9
12882,17,9,48661.24,4,4,4,12
12883,247,9,63556.81,1,4,5,10
12884,138,9,68429.56,1,4,5,10
12885,42,7,34091.82,3,2,2,7
12886,45,7,29794.71,3,2,2,7
12887,34,9,50442.6,4,4,4,12
12888,16,13,36421.15,4,5,3,12
12889,20,11,72620.38,4,5,5,14
12890,138,5,18464.27,1,1,1,3
12891,160,6,15192.95,1,2,1,4
12892,44,12,79659.36,3,5,5,13
12893,57,9,44735.93,3,4,4,11
12894,356,4,11958.5,1,1,1,3
12895,145,5,23224.19,1,1,1,3
12896,128,9,68239.68,1,4,5,10
12897,21,12,61276.86,4,5,5,14
12898,105,6,15999.3,2,2,1,5
12899,41,14,60599.44,3,5,5,13
12900,171,8,19773.690000000002,1,3,1,5
12901,74,8,62385.61,2,3,5,10
12902,11,14,73750.27,5,5,5,15
12903,8,11,67907.26000000001,5,5,5,15
12904,98,5,44764.92,2,1,4,7
12905,14,6,31512.18,5,2,2,9
12906,21,8,27425.07,4,3,2,9
12907,116,4,16792.7,1,1,1,3
12908,21,11,44050.38,4,5,3,12
12909,40,11,53979.46,3,5,4,12
12910,2,10,41347.08,5,4,3,12
12911,3,12,67776.08,5,5,5,15
12912,68,7,24387.18,2,2,1,5
12913,22,10,30314.92,4,4,2,10
12914,5,8,24956.41,5,3,1,9
12915,58,6,28352.34,3,2,2,7
12916,157,7,49407.57,1,2,4,7
12917,70,9,47911.79,2,4,4,10
12918,2,6,30399.14,5,2,2,9
12919,2,11,66594.76,5,5,5,15
12920,109,7,35729.74,2,2,3,7
12921,55,5,19034.96,3,1,1,5
12922,342,5,18760.09,1,1,1,3
12923,85,13,45421.7,2,5,4,11
12924,28,3,5061.96,4,1,1,6
12925,52,5,42485.770000000004,3,1,3,7
12926,61,6,43128.0,3,2,3,8
12927,6,8,43768.43,5,3,3,11
12928,19,6,28345.11,4,2,2,8
12929,117,12,98746.11,1,5,5,11
12930,66,8,43062.44,2,3,3,8
12931,16,5,23946.420000000002,4,1,1,6
12932,117,2,12520.650000000001,1,1,1,3
12933,17,11,53371.24,4,5,4,13
12934,1,14,96060.03,5,5,5,15
12935,107,8,41033.03,2,3,3,8
12936,31,13,56286.21,4,5,4,13
12937,3,13,53886.99,5,5,4,14
12938,4,13,68713.23,5,5,5,15
12939,29,9,24360.94,4,4,1,9
12940,122,7,35252.08,1,2,3,6
12941,108,8,60694.8,2,3,5,10
12942,203,7,39644.02,1,2,3,6
12943,61,12,81009.55,3,5,5,13
12944,140,8,23460.010000000002,1,3,1,5
12945,5,10,47460.509999999995,5,4,4,13
12946,52,6,35284.83,3,2,3,8
12947,34,5,37373.54,4,1,3,8
12948,2,10,66804.58,5,4,5,14
12949,26,10,103074.87,4,4,5,13
12950,51,6,21862.98,3,2,1,6
12951,1,6,25118.59,5,2,1,8
12952,71,4,31618.879999999997,2,1,2,5
12953,12,11,64404.11,5,5,5,15
12954,84,4,20298.85,2,1,1,4
12955,45,12,60644.85,3,5,5,13
12956,7,7,49351.229999999996,5,2,4,11
12957,128,9,46356.59,1,4,4,9
12959,88,6,32570.23,2,2,2,6
12960,99,9,50903.11,2,4,4,10
12961,92,7,31737.43,2,2,2,6
12962,57,10,37916.7,3,4,3,10
12963,18,8,51168.36,4,3,4,11
12964,264,4,15686.81,1,1,1,3
12965,47,10,40773.729999999996,3,4,3,10
12966,73,5,18928.93,2,1,1,4
12967,31,8,31723.99,4,3,2,9
12968,21,12,73486.9,4,5,5,14
12969,27,4,23230.440000000002,4,1,1,6
12970,91,4,12029.67,2,1,1,4
12971,80,6,15900.33,2,2,1,5
12972,39,10,53858.4,3,4,4,11
12973,15,6,46477.66,5,2,4,11
12974,93,9,27345.51,2,4,2,8
12975,252,9,48823.5,1,4,4,9
12976,19,13,58590.64,4,5,5,14
12977,23,14,59266.82,4,5,5,14
12978,33,7,37614.88,4,2,3,9
12979,30,11,62907.47,4,5,5,14
12980,170,8,48131.17,1,3,4,8
12981,39,4,11601.470000000001,3,1,1,5
12982,207,2,2506.3,1,1,1,3
12983,147,9,43087.52,1,4,3,8
12984,34,11,50479.32,4,5,4,13
12985,215,5,20717.43,1,1,1,3
12986,16,6,29412.329999999998,4,2,2,8
12987,123,8,61671.03,1,3,5,9
12988,11,7,38315.130000000005,5,2,3,10
12989,18,8,25418.54,4,3,2,9
12990,98,5,22497.44,2,1,1,4
12991,12,11,48151.159999999996,5,5,4,14
12992,49,7,28239.58,3,2,2,7
12993,11,6,31985.27,5,2,2,9
12994,86,5,28433.969999999998,2,1,2,5
12995,41,8,34750.88,3,3,2,8
12996,119,11,53659.66,1,5,4,10
12997,111,4,18856.37,1,1,1,3
12998,104,9,67529.13,2,4,5,11
12999,3,10,65748.09,5,4,5,14
13000,156,7,30684.760000000002,1,2,2,5
13001,117,6,35313.42,1,2,3,6
13002,3,7,45833.130000000005,5,2,4,11
13003,43,9,48611.39,3,4,4,11
13004,28,12,75409.5,4,5,5,14
13005,44,11,58317.130000000005,3,5,5,13
13006,24,7,40270.09,4,2,3,9
13007,9,11,42698.49,5,5,3,13
13008,7,5,23519.6,5,1,1,7
13009,125,8,38263.1,1,3,3,7
13010,150,5,26493.550000000003,1,1,2,4
13011,2,7,33124.020000000004,5,2,2,9
13012,18,4,14300.890000000001,4,1,1,6
13013,39,5,27802.879999999997,3,1,2,6
13014,3,10,40481.06,5,4,3,12
13015,8,10,29425.219999999998,5,4,2,11
13016,6,10,43840.47,5,4,3,12
13017,29,7,29406.7,4,2,2,8
13018,41,4,15736.529999999999,3,1,1,5
13019,48,9,29399.95,3,4,2,9
13020,55,12,72338.23,3,5,5,13
13021,43,9,45308.23,3,4,4,11
13022,43,9,45975.090000000004,3,4,4,11
13023,71,9,35908.19,2,4,3,9
13024,142,2,13719.470000000001,1,1,1,3
13025,58,7,45884.659999999996,3,2,4,9
13026,55,6,29947.7,3,2,2,7
13027,241,5,18644.39,1,1,1,3
13028,120,7,31306.31,1,2,2,5
13029,15,8,36920.25,5,3,3,11
13030,6,11,57085.12,5,5,5,15
13031,16,15,75781.55,4,5,5,14
13032,107,5,40448.76,2,1,3,6
13033,15,9,49791.2,5,4,4,13
13034,9,9,36410.96,5,4,3,12
13035,111,9,25622.83,1,4,2,7
13036,163,5,23344.06,1,1,1,3
13037,19,12,60411.55,4,5,5,14
13038,20,7,41875.14,4,2,3,9
13039,34,8,36217.65,4,3,3,10
13040,149,6,59239.15,1,2,5,8
13041,129,8,45171.79,1,3,4,8
13042,44,4,10640.97,3,1,1,5
13043,31,6,16846.49,4,2,1,7
13044,89,6,46021.25,2,2,4,8
13045,33,11,56520.0,4,5,4,13
13046,121,7,26259.97,1,2,2,5
13047,43,6,57330.57,3,2,5,10
13048,208,9,30894.38,1,4,2,7
13049,138,3,9256.37,1,1,1,3
13050,49,9,33626.61,3,4,2,9
13051,67,7,47365.72,2,2,4,8
13052,38,13,76873.34,3,5,5,13
13053,13,12,55884.16,5,5,4,14
13054,46,12,84694.59,3,5,5,13
13055,107,5,34568.24,2,1,2,5
13056,147,2,2410.71,1,1,1,3
13057,205,3,7857.05,1,1,1,3
13058,49,5,19522.79,3,1,1,5
13059,306,5,26642.809999999998,1,1,2,4
13060,16,13,49716.84,4,5,4,13
13061,44,9,65280.82,3,4,5,12
13062,80,9,58936.27,2,4,5,11
13063,4,6,13422.36,5,2,1,8
13064,145,9,43530.630000000005,1,4,3,8
13065,77,8,51840.880000000005,2,3,4,9
13066,42,11,71467.01,3,5,5,13
13067,54,11,50327.01,3,5,4,12
13068,31,8,33283.93,4,3,2,9
13069,3,6,18712.95,5,2,1,8
13070,115,11,98126.53,1,5,5,11
13071,130,10,47101.94,1,4,4,9
13072,48,6,49822.350000000006,3,2,4,9
13073,146,4,19211.96,1,1,1,3
13074,62,6,29388.64,2,2,2,6
13075,21,7,60984.63,4,2,5,11
13076,126,9,49736.45,1,4,4,9
13077,203,8,49922.909999999996,1,3,4,8
13078,103,9,44217.11,2,4,3,9
13079,39,10,61953.19,3,4,5,12
13080,88,6,40328.56,2,2,3,7
13081,30,4,13908.789999999999,4,1,1,6
13082,156,4,16530.93,1,1,1,3
13083,152,8,32131.219999999998,1,3,2,6
13084,204,8,39637.520000000004,1,3,3,7
13085,20,8,36123.05,4,3,3,10
13086,27,7,47857.39,4,2,4,10
13087,52,11,25318.350000000002,3,5,2,10
13088,33,10,39775.64,4,4,3,11
13089,138,6,66548.19,1,2,5,8
13090,49,6,48487.240000000005,3,2,4,9
13091,151,5,30771.5,1,1,2,4
13092,1,10,63009.229999999996,5,4,5,14
13093,85,11,40948.55,2,5,3,10
13094,6,3,12546.970000000001,5,1,1,7
13095,16,14,62581.39,4,5,5,14
13096,3,13,47634.32,5,5,4,14
13097,124,7,42715.549999999996,1,2,3,6
13098,36,7,57142.57,3,2,5,10
13099,94,9,55881.630000000005,2,4,4,10
13100,103,3,12495.99,2,1,1,4
13101,52,9,25680.699999999997,3,4,2,9
13102,51,9,40708.6,3,4,3,10
13103,10,7,25856.989999999998,5,2,2,9
13104,80,11,56692.909999999996,2,5,4,11
13105,61,14,59474.7,3,5,5,13
13106,156,3,12340.78,1,1,1,3
13107,88,6,34787.93,2,2,2,6
13108,35,11,75707.52,4,5,5,14
13109,67,5,26799.489999999998,2,1,2,5
13110,29,13,49174.07,4,5,4,13
13111,42,10,53501.060000000005,3,4,4,11
13112,101,9,59868.5,2,4,5,11
13113,326,3,17049.84,1,1,1,3
13114,15,10,54992.2,5,4,4,13
13115,68,7,41722.92,2,2,3,7
13116,3,7,39889.94,5,2,3,10
13117,16,6,20177.940000000002,4,2,1,7
13118,60,11,68666.37,3,5,5,13
13119,90,8,55262.89,2,3,4,9
13120,48,9,46020.07,3,4,4,11
13121,1,11,49295.97,5,5,4,14
13122,26,10,33396.26,4,4,2,10
13123,99,7,46506.700000000004,2,2,4,8
13124,166,5,41797.43,1,1,3,5
13125,9,9,50645.740000000005,5,4,4,13
13126,218,6,31248.69,1,2,2,5
13127,16,13,81105.01000000001,4,5,5,14
13128,59,6,29626.58,3,2,2,7
13129,91,6,22634.760000000002,2,2,1,5
13130,46,7,33746.67,3,2,2,7
13131,20,11,65233.37,4,5,5,14
13132,22,10,42077.82,4,4,3,11
13133,29,13,75519.88,4,5,5,14
13134,6,7,18972.72,5,2,1,8
13135,27,11,53441.850000000006,4,5,4,13
13136,71,7,24542.920000000002,2,2,1,5
13137,12,10,50529.42,5,4,4,13
13138,21,12,64606.49,4,5,5,14
13139,132,9,49549.840000000004,1,4,4,9
13140,81,7,16758.69,2,2,1,5
13141,54,9,31755.8,3,4,2,9
13142,7,11,60071.23,5,5,5,15
13143,126,7,43714.66,1,2,3,6
13144,96,8,40133.19,2,3,3,8
13145,35,8,45134.310000000005,4,3,4,11
13146,27,13,56606.18,4,5,4,13
13147,214,7,45939.21,1,2,4,7
13148,120,7,26668.62,1,2,2,5
13149,96,9,31585.75,2,4,2,8
13150,52,11,36244.5,3,5,3,11
13151,117,6,34522.759999999995,1,2,2,5
13152,71,9,52607.240000000005,2,4,4,10
13153,45,9,43074.22,3,4,3,10
13154,33,10,57658.700000000004,4,4,5,13
13155,89,12,58594.58,2,5,5,12
13156,21,5,11088.58,4,1,1,6
13157,72,8,27626.77,2,3,2,7
13158,8,9,55204.32,5,4,4,13
13159,79,13,88029.78,2,5,5,12
13160,16,7,37928.75,4,2,3,9
13161,57,6,34600.84,3,2,2,7
13162,24,3,10941.8,4,1,1,6
13163,17,9,20759.29,4,4,1,9
13164,6,7,30082.51,5,2,2,9
13165,52,13,68522.39,3,5,5,13
13166,25,8,27043.9,4,3,2,9
13167,103,9,53546.47,2,4,4,10
13168,127,6,27415.03,1,2,2,5
13169,66,7,35601.81,2,2,3,7
13170,87,6,49048.07,2,2,4,8
13171,22,9,46422.73,4,4,4,12
13172,56,8,36851.03,3,3,3,9
13173,9,12,70603.43,5,5,5,15
13174,49,8,64893.73,3,3,5,11
13175,185,5,32076.11,1,1,2,4
13176,266,4,30835.36,1,1,2,4
13177,370,3,6559.68,1,1,1,3
13178,237,6,40189.14,1,2,3,6
13179,129,8,43075.450000000004,1,3,3,7
13180,172,12,55310.13,1,5,4,10
13181,112,9,60048.89,1,4,5,10
13182,209,7,32154.42,1,2,2,5
13183,89,6,11084.05,2,2,1,5
13184,30,7,23640.02,4,2,1,7
13185,47,10,62741.75,3,4,5,12
13186,169,6,28770.91,1,2,2,5
13187,84,10,52173.29,2,4,4,10
13188,64,7,57031.380000000005,2,2,5,9
13189,10,6,33494.78,5,2,2,9
13190,115,16,72981.09,1,5,5,11
13191,12,6,28967.01,5,2,2,9
13192,14,12,43608.91,5,5,3,13
13193,13,8,49877.81,5,3,4,12
13194,20,10,42546.79,4,4,3,11
13195,13,7,51408.21,5,2,4,11
13196,170,8,45370.92,1,3,4,8
13197,19,9,35879.91,4,4,3,11
13198,177,2,10054.24,1,1,1,3
13199,40,10,44121.12,3,4,3,10
13200,98,7,42011.95,2,2,3,7
13201,75,4,34805.259999999995,2,1,2,5
13202,222,5,28468.5,1,1,2,4
13203,16,5,25438.79,4,1,2,7
13204,102,12,65685.56999999999,2,5,5,12
13205,36,10,72926.48,3,4,5,12
13206,14,6,44631.649999999994,5,2,4,11
13207,94,8,38706.16,2,3,3,8
13208,4,11,49759.85,5,5,4,14
13209,124,5,20312.25,1,1,1,3
13210,14,9,35784.770000000004,5,4,3,12
13211,21,8,29869.920000000002,4,3,2,9
13212,2,6,27453.85,5,2,2,9
13213,1,9,31814.3,5,4,2,11
13214,51,9,50459.37,3,4,4,11
13215,74,9,26313.52,2,4,2,8
13216,51,9,52255.08,3,4,4,11
13217,202,3,17214.59,1,1,1,3
13218,80,10,44005.7,2,4,3,9
13219,42,7,33764.69,3,2,2,7
13220,13,11,75761.51,5,5,5,15
13221,53,7,41673.16,3,2,3,8
13222,32,9,57850.979999999996,4,4,5,13
13223,150,4,33039.84,1,1,2,4
13224,63,9,48188.91,2,4,4,10
13225,83,6,31411.08,2,2,2,6
13226,70,10,65249.27,2,4,5,11
13227,80,12,78982.54000000001,2,5,5,12
13228,12,9,34130.03,5,4,2,11
13229,21,6,29403.25,4,2,2,8
13230,19,5,21493.690000000002,4,1,1,6
13231,162,3,21641.64,1,1,1,3
13232,100,10,25437.86,2,4,2,8
13233,67,9,61044.229999999996,2,4,5,11
13234,255,7,32309.059999999998,1,2,2,5
13235,47,10,59708.58,3,4,5,12
13236,26,5,39423.58,4,1,3,8
13237,74,9,53649.079999999994,2,4,4,10
13238,43,6,26110.32,3,2,2,7
13239,147,6,44279.1,1,2,3,6
13240,160,8,32546.059999999998,1,3,2,6
13241,8,5,30972.62,5,1,2,8
13242,72,13,81053.56,2,5,5,12
13243,60,9,37573.14,3,4,3,10
13244,7,6,28818.45,5,2,2,9
13245,1,10,56011.29,5,4,4,13
13246,2,10,44451.39,5,4,3,12
13247,106,10,41082.770000000004,2,4,3,9
13248,38,6,22249.22,3,2,1,6
13249,103,10,59969.71,2,4,5,11
13250,14,6,32194.199999999997,5,2,2,9
13251,34,8,51249.770000000004,4,3,4,11
13252,3,12,59817.91,5,5,5,15
13253,29,7,53618.06,4,2,4,10
13254,4,12,60930.45,5,5,5,15
13255,39,6,33207.69,3,2,2,7
13256,17,9,69521.11,4,4,5,13
13257,70,9,26209.75,2,4,2,8
13258,54,5,22223.89,3,1,1,5
13259,43,8,24345.02,3,3,1,7
13260,5,11,44258.8,5,5,3,13
13261,243,6,31510.13,1,2,2,5
13262,9,5,7607.75,5,1,1,7
13263,7,6,48887.03,5,2,4,11
13264,299,4,24986.36,1,1,1,3
13265,50,4,12810.369999999999,3,1,1,5
13266,77,12,56221.73,2,5,4,11
13267,60,10,66644.95,3,4,5,12
13268,34,5,16242.869999999999,4,1,1,6
13269,206,6,37641.75,1,2,3,6
13270,10,4,27855.989999999998,5,1,2,8
13271,48,14,68155.28,3,5,5,13
13272,87,4,11028.83,2,1,1,4
13273,68,4,29615.0,2,1,2,5
13274,59,12,72336.72,3,5,5,13
13275,54,9,33997.7,3,4,2,9
13276,40,10,60168.25,3,4,5,12
13277,14,6,37056.35,5,2,3,10
13278,518,2,12607.99,1,1,1,3
13279,47,15,78046.77,3,5,5,13
13280,15,9,60545.14,5,4,5,14
13281,81,9,27175.22,2,4,2,8
13282,11,6,38306.82,5,2,3,10
13283,20,7,43990.37,4,2,3,9
13284,9,8,40985.07,5,3,3,11
13285,162,5,21738.12,1,1,1,3
13286,89,8,64758.43,2,3,5,10
13287,135,9,51143.24,1,4,4,9
13288,61,8,37469.05,3,3,3,9
13289,18,8,69376.93000000001,4,3,5,12
13290,15,6,36313.34,5,2,3,10
13291,86,12,74309.38,2,5,5,12
13292,53,8,35791.22,3,3,3,9
13293,9,6,33617.9,5,2,2,9
13294,10,8,42120.759999999995,5,3,3,11
13295,246,6,50685.49,1,2,4,7
13296,1,10,74050.72,5,4,5,14
13297,121,4,12158.460000000001,1,1,1,3
13298,46,4,20087.190000000002,3,1,1,5
13299,160,9,47281.73,1,4,4,9
13300,170,6,26842.39,1,2,2,5
13301,31,9,43152.83,4,4,3,11
13302,65,10,53067.52,2,4,4,10
13303,78,8,52967.829999999994,2,3,4,9
13304,85,10,45289.78,2,4,4,10
13305,1,13,87987.37,5,5,5,15
13306,19,9,57346.39,4,4,5,13
13307,29,10,52464.14,4,4,4,12
13308,93,13,61907.09,2,5,5,12
13309,111,12,82045.12,1,5,5,11
13310,241,5,36485.97,1,1,3,5
13311,2,10,53511.18,5,4,4,13
13312,19,8,31791.46,4,3,2,9
13313,74,9,43717.95,2,4,3,9
13314,101,5,11226.32,2,1,1,4
13315,20,10,53634.46,4,4,4,12
13316,30,16,105389.09,4,5,5,14
13317,16,11,41188.15,4,5,3,12
13318,28,13,80243.14,4,5,5,14
13319,24,7,30244.64,4,2,2,8
13320,46,7,48486.03,3,2,4,9
13321,1,13,61884.85,5,5,5,15
13322,24,9,64853.950000000004,4,4,5,13
13323,146,3,20540.52,1,1,1,3
13324,135,6,22550.100000000002,1,2,1,4
13325,43,9,30891.379999999997,3,4,2,9
13326,29,8,64910.89,4,3,5,12
13327,18,7,17152.370000000003,4,2,1,7
13328,2,13,67674.04,5,5,5,15
13329,216,4,29893.63,1,1,2,4
13330,165,4,11867.11,1,1,1,3
13331,128,2,13355.14,1,1,1,3
13332,181,7,45969.11,1,2,4,7
13333,20,8,54206.979999999996,4,3,4,11
13334,10,11,39742.770000000004,5,5,3,13
13335,126,10,52037.58,1,4,4,9
13336,14,8,48929.56,5,3,4,12
13337,17,8,33684.81,4,3,2,9
13338,63,4,20591.739999999998,2,1,1,4
13339,68,9,33512.25,2,4,2,8
13340,232,3,9667.66,1,1,1,3
13341,37,7,32005.35,3,2,2,7
13342,35,12,83500.79000000001,4,5,5,14
13343,20,8,40172.15,4,3,3,10
13344,18,12,40738.83,4,5,3,12
13345,26,6,24614.22,4,2,1,7
13346,14,6,25778.62,5,2,2,9
13347,247,7,42511.83,1,2,3,6
13348,29,5,28946.429999999997,4,1,2,7
13349,3,8,52566.36,5,3,4,12
13350,63,7,44309.880000000005,2,2,3,7
13351,55,11,68045.9,3,5,5,13
13352,43,11,68519.03,3,5,5,13
13353,68,5,19426.77,2,1,1,4
13354,39,8,23128.469999999998,3,3,1,7
13355,182,5,18052.29,1,1,1,3
13356,34,11,48542.05,4,5,4,13
13357,19,11,42921.450000000004,4,5,3,12
13358,60,9,61165.99,3,4,5,12
13359,10,8,40880.47,5,3,3,11
13360,54,11,43161.99,3,5,3,11
13361,111,8,27034.38,1,3,2,6
13362,353,1,2267.78,1,1,1,3
13363,50,10,41815.15,3,4,3,10
13364,52,12,71602.11,3,5,5,13
13365,30,12,78399.88,4,5,5,14
13366,15,9,35045.630000000005,5,4,3,12
13367,46,7,27351.03,3,2,2,7
13368,10,10,72591.39,5,4,5,14
13369,175,9,34909.65,1,4,3,8
13370,24,11,44027.92,4,5,3,12
13371,193,3,21083.11,1,1,1,3
13372,92,6,23807.14,2,2,1,5
13373,50,9,49722.25,3,4,4,11
13374,61,9,68249.68,3,4,5,12
13375,338,1,1058.62,1,1,1,3
13376,42,10,49926.01,3,4,4,11
13377,18,7,32423.6,4,2,2,8
13378,64,6,15680.25,2,2,1,5
13379,6,10,40610.49,5,4,3,12
13380,141,8,42150.82,1,3,3,7
13381,106,6,37641.88,2,2,3,7
13382,71,7,42281.049999999996,2,2,3,7
13383,31,9,38668.64,4,4,3,11
13384,15,6,23139.7,5,2,1,8
13385,83,14,97520.42,2,5,5,12
13386,31,7,38235.19,4,2,3,9
13387,262,7,16903.08,1,2,1,4
13388,68,13,70429.22,2,5,5,12
13389,53,7,41900.39,3,2,3,8
13390,60,5,13131.640000000001,3,1,1,5
13391,143,7,33269.659999999996,1,2,2,5
13392,20,11,83822.95,4,5,5,14
13393,88,7,39311.02,2,2,3,7
13394,20,10,54809.0,4,4,4,12
13395,26,7,59016.75,4,2,5,11
13396,5,8,19518.4,5,3,1,9
13397,209,3,16759.58,1,1,1,3
13398,13,14,70703.57,5,5,5,15
13399,74,6,26570.54,2,2,2,6
13400,84,6,18170.09,2,2,1,5
13401,372,4,8937.6,1,1,1,3
13402,134,3,38998.96,1,1,3,5
13403,16,8,41995.43,4,3,3,10
13404,96,10,53646.94,2,4,4,10
13405,71,7,29438.010000000002,2,2,2,6
13406,69,13,44918.86,2,5,4,11
13407,347,5,22206.8,1,1,1,3
13408,14,4,12932.77,5,1,1,7
13409,82,9,53460.24,2,4,4,10
13410,7,11,47112.46,5,5,4,14
13411,83,10,30163.71,2,4,2,8
13412,123,9,33871.28,1,4,2,7
13413,74,8,58840.240000000005,2,3,5,10
13414,168,5,17228.21,1,1,1,3
13415,3,8,37899.03,5,3,3,11
13416,14,7,15041.23,5,2,1,8
13417,28,10,44384.04,4,4,3,11
13418,55,6,30059.38,3,2,2,7
13419,98,11,54841.020000000004,2,5,4,11
13420,113,9,45839.020000000004,1,4,4,9
13421,73,7,40463.75,2,2,3,7
13422,239,6,42953.94,1,2,3,6
13423,35,7,46894.19,4,2,4,10
13424,3,9,22964.3,5,4,1,10
13425,39,13,85410.17,3,5,5,13
13426,49,11,62942.29,3,5,5,13
13427,27,12,71947.06,4,5,5,14
13428,32,8,44090.42,4,3,3,10
13429,116,6,42475.09,1,2,3,6
13430,52,8,36683.729999999996,3,3,3,9
13431,108,6,13123.24,2,2,1,5
13432,120,5,38678.64,1,1,3,5
13433,152,11,31592.760000000002,1,5,2,8
13434,177,3,27419.45,1,1,2,4
13435,21,7,52034.479999999996,4,2,4,10
13436,58,7,23465.9,3,2,1,6
13437,160,11,73871.94,1,5,5,11
13438,47,9,46956.33,3,4,4,11
13439,46,11,70428.02,3,5,5,13
13440,130,9,58072.83,1,4,5,10
13441,78,6,43412.7,2,2,3,7
13442,36,7,49781.0,3,2,4,9
13443,68,7,45887.18,2,2,4,8
13444,187,7,50073.65,1,2,4,7
13445,7,14,83342.46,5,5,5,15
13446,7,8,25187.79,5,3,2,10
13447,22,11,45547.7,4,5,4,13
13448,66,8,33422.68,2,3,2,7
13449,132,9,73787.9,1,4,5,10
13450,22,7,27786.24,4,2,2,8
13451,28,6,26475.24,4,2,2,8
13452,41,14,72511.65,3,5,5,13
13453,12,11,59526.91,5,5,5,15
13454,142,5,29026.539999999997,1,1,2,4
13455,198,4,22778.11,1,1,1,3
13456,19,6,36035.4,4,2,3,9
13457,30,10,35456.55,4,4,3,11
13458,27,11,71810.45,4,5,5,14
13459,23,11,53146.06,4,5,4,13
13460,20,12,60933.38,4,5,5,14
13461,51,5,31870.36,3,1,2,6
13462,20,16,61855.14,4,5,5,14
13463,54,6,35341.11,3,2,3,8
13464,45,10,63485.73,3,4,5,12
13465,2,8,51349.54,5,3,4,12
13466,25,7,40030.35,4,2,3,9
13467,216,3,20122.14,1,1,1,3
13468,125,6,24245.86,1,2,1,4
13469,138,3,15402.02,1,1,1,3
13470,189,7,19705.65,1,2,1,4
13471,107,15,63723.27,2,5,5,12
13472,20,8,45133.43,4,3,4,11
13473,31,6,45747.94,4,2,4,10
13474,48,9,28857.9,3,4,2,9
13475,14,9,58098.16,5,4,5,14
13476,83,8,41891.34,2,3,3,8
13477,182,3,10399.82,1,1,1,3
13478,52,7,30665.59,3,2,2,7
13479,405,2,13628.61,1,1,1,3
13480,44,12,51762.85,3,5,4,12
13481,12,17,49597.63,5,5,4,14
13482,41,9,57098.83,3,4,5,12
13483,36,10,75104.81,3,4,5,12
13484,51,3,23644.22,3,1,1,5
13485,195,7,23446.54,1,2,1,4
13486,110,8,49092.17,1,3,4,8
13487,127,8,34812.92,1,3,2,6
13488,52,4,25006.43,3,1,1,5
13489,135,5,25607.16,1,1,2,4
13490,30,6,44070.84,4,2,3,9
13491,5,11,42647.35,5,5,3,13
13492,21,4,28792.06,4,1,2,7
13493,10,13,61459.85,5,5,5,15
13494,82,7,73905.48,2,2,5,9
13495,63,7,31226.42,2,2,2,6
13496,9,5,39141.93,5,1,3,9
13497,42,13,68824.4,3,5,5,13
13498,14,19,100549.91,5,5,5,15
13499,93,5,35368.53,2,1,3,6
13500,120,10,35789.03,1,4,3,8
13501,6,8,56703.43,5,3,4,12
13502,39,9,62362.259999999995,3,4,5,12
13503,236,10,32788.88,1,4,2,7
13504,82,8,42376.82,2,3,3,8
13505,7,14,65559.67,5,5,5,15
13506,84,8,52720.65,2,3,4,9
13507,7,6,14487.11,5,2,1,8
13508,42,6,16995.61,3,2,1,6
13509,19,7,14579.75,4,2,1,7
13510,40,7,34241.03,3,2,2,7
13511,31,8,37006.61,4,3,3,10
13512,114,4,17531.73,1,1,1,3
13513,6,7,41644.15,5,2,3,10
13514,9,8,41715.74,5,3,3,11
13515,8,5,33414.520000000004,5,1,2,8
13516,44,9,31014.440000000002,3,4,2,9
13517,175,6,47075.95,1,2,4,7
13518,42,9,39490.62,3,4,3,10
13519,48,6,44929.52,3,2,4,9
13520,56,9,57160.13,3,4,5,12
13521,106,8,44219.34,2,3,3,8
13522,19,9,47392.16,4,4,4,12
13523,12,9,27968.73,5,4,2,11
13524,46,9,36229.3,3,4,3,10
13525,3,9,49278.47,5,4,4,13
13526,146,10,29978.75,1,4,2,7
13527,9,11,62555.79,5,5,5,15
13528,26,6,40023.17,4,2,3,9
13529,22,6,47518.38,4,2,4,10
13530,2,9,40101.770000000004,5,4,3,12
13531,28,9,34450.28,4,4,2,10
13532,34,10,49470.79,4,4,4,12
13533,109,11,56844.829999999994,2,5,4,11
13534,158,8,34069.5,1,3,2,6
13535,30,8,35833.39,4,3,3,10
13536,28,7,15649.47,4,2,1,7
13537,53,10,50477.87,3,4,4,11
13538,97,9,36137.159999999996,2,4,3,9
13539,57,10,75534.67,3,4,5,12
13540,65,13,51928.16,2,5,4,11
13541,122,12,50086.2,1,5,4,10
13542,121,9,56300.61,1,4,4,9
13543,76,8,37848.049999999996,2,3,3,8
13544,117,11,56440.79,1,5,4,10
13545,51,4,20526.73,3,1,1,5
13546,33,8,24962.9,4,3,1,8
13547,31,9,36548.96,4,4,3,11
13548,38,5,30027.02,3,1,2,6
13549,3,4,11031.43,5,1,1,7
13550,464,2,4478.969999999999,1,1,1,3
13551,17,9,40941.020000000004,4,4,3,11
13552,51,4,18162.22,3,1,1,5
13553,26,8,63026.21,4,3,5,12
13554,84,9,50333.350000000006,2,4,4,10
13555,31,6,28886.66,4,2,2,8
13556,18,8,26317.09,4,3,2,9
13557,9,14,46104.67,5,5,4,14
13558,53,8,42648.93,3,3,3,9
13559,45,8,45869.86,3,3,4,10
13560,7,14,51832.57,5,5,4,14
13561,27,11,33492.54,4,5,2,11
13562,19,5,16430.76,4,1,1,6
13563,1,13,48428.53,5,5,4,14
13564,39,7,24358.64,3,2,1,6
13565,24,7,13282.599999999999,4,2,1,7
13566,65,11,40501.2,2,5,3,10
13567,93,5,25221.609999999997,2,1,2,5
13568,140,7,29171.58,1,2,2,5
13569,1,12,68181.04,5,5,5,15
13570,112,9,42792.28,1,4,3,8
13571,14,16,79240.17,5,5,5,15
13572,46,10,87487.20999999999,3,4,5,12
13573,33,10,61105.07,4,4,5,13
13574,180,3,7969.41,1,1,1,3
13575,26,6,23594.42,4,2,1,7
13576,145,8,42525.69,1,3,3,7
13577,10,15,95499.87999999999,5,5,5,15
13578,3,8,29787.26,5,3,2,10
13579,62,9,36796.16,2,4,3,9
13580,23,13,62183.83,4,5,5,14
13581,36,8,40137.52,3,3,3,9
13582,45,6,38687.74,3,2,3,8
13583,102,2,15969.689999999999,2,1,1,4
13584,66,12,58606.18,2,5,5,12
13585,97,6,30299.36,2,2,2,6
13586,200,6,24440.52,1,2,1,4
13587,59,9,58298.46,3,4,5,12
13588,218,7,45206.06,1,2,4,7
13589,217,5,42985.8,1,1,3,5
13590,21,5,37183.88,4,1,3,8
13591,52,6,37763.92,3,2,3,8
13592,62,9,57727.29,2,4,5,11
13593,16,14,54457.54,4,5,4,13
13594,24,12,67494.70999999999,4,5,5,14
13595,10,6,42609.43,5,2,3,10
13596,254,4,8406.9,1,1,1,3
13597,136,7,46731.04,1,2,4,7
13598,78,11,62011.79,2,5,5,12
13599,8,8,62296.69,5,3,5,13
13600,46,13,64324.689999999995,3,5,5,13
13601,52,13,62259.96,3,5,5,13
13602,127,6,29448.379999999997,1,2,2,5
13603,35,10,50984.9,4,4,4,12
13604,24,10,49251.99,4,4,4,12
13605,190,6,13421.1,1,2,1,4
13606,4,12,89554.93,5,5,5,15
13607,166,8,42943.31,1,3,3,7
13608,87,7,45257.020000000004,2,2,4,8
13609,124,1,485.55,1,1,1,3
13610,55,9,36458.79,3,4,3,10
13611,25,7,42619.92,4,2,3,9
13612,21,10,39839.02,4,4,3,11
13613,21,10,46021.2,4,4,4,12
13614,62,14,50273.57,2,5,4,11
13615,15,13,54944.57,5,5,4,14
13616,20,9,51533.76,4,4,4,12
13617,8,12,59089.670000000006,5,5,5,15
13618,17,5,28763.58,4,1,2,7
13619,90,12,63314.47,2,5,5,12
13620,10,11,49224.29,5,5,4,14
13621,28,4,14075.71,4,1,1,6
13622,25,6,67366.62,4,2,5,11
13623,121,6,53917.5,1,2,4,7
13624,4,15,50355.840000000004,5,5,4,14
13625,164,9,61583.05,1,4,5,10
13626,4,8,27652.59,5,3,2,10
13627,45,9,53363.01,3,4,4,11
13628,26,10,55001.35,4,4,4,12
13629,37,9,39500.799999999996,3,4,3,10
13630,115,10,62020.78,1,4,5,10
13631,78,16,64803.72,2,5,5,12
13632,25,9,49869.69,4,4,4,12
13633,25,8,45462.83,4,3,4,11
13634,20,6,43770.979999999996,4,2,3,9
13635,217,10,60678.96,1,4,5,10
13636,48,16,82514.37,3,5,5,13
13637,76,9,47114.41,2,4,4,10
13638,4,13,64748.91,5,5,5,15
13639,150,9,44947.79,1,4,4,9
13640,138,5,15449.92,1,1,1,3
13641,71,5,11632.99,2,1,1,4
13642,4,11,47434.36,5,5,4,14
13643,4,9,58323.47,5,4,5,14
13644,76,4,20852.1,2,1,1,4
13645,2,9,47809.64,5,4,4,13
13646,133,8,45813.56,1,3,4,8
13647,31,8,45229.58,4,3,4,11
13648,58,7,32136.29,3,2,2,7
13649,32,6,60508.07,4,2,5,11
13650,90,7,24513.11,2,2,1,5
13651,45,8,37996.7,3,3,3,9
13652,8,9,55546.41,5,4,4,13
13653,91,9,32121.31,2,4,2,8
13654,6,5,54356.56,5,1,4,10
13655,73,10,60989.990000000005,2,4,5,11
13656,60,9,45990.02,3,4,4,11
13657,1,10,69541.34999999999,5,4,5,14
13658,26,10,36580.729999999996,4,4,3,11
13659,23,4,14864.509999999998,4,1,1,6
13660,9,9,48571.63,5,4,4,13
13661,37,4,43057.0,3,1,3,7
13662,2,11,93685.67,5,5,5,15
13663,128,2,1444.6599999999999,1,1,1,3
13664,501,4,26296.480000000003,1,1,2,4
13665,29,9,37524.310000000005,4,4,3,11
13666,14,9,47861.28,5,4,4,13
13667,18,9,51762.92,4,4,4,12
13668,139,6,19338.5,1,2,1,4
13669,55,6,33407.22,3,2,2,7
13670,21,11,29370.68,4,5,2,11
13671,49,9,39537.37,3,4,3,10
13672,75,8,48848.810000000005,2,3,4,9
13673,5,8,33946.79,5,3,2,10
13674,50,13,80042.79,3,5,5,13
13675,25,5,39679.32,4,1,3,8
13676,83,9,54056.76,2,4,4,10
13677,26,7,33663.62,4,2,2,8
13678,3,5,31407.46,5,1,2,8
13679,1,6,18863.97,5,2,1,8
13680,23,9,50321.59,4,4,4,12
13681,136,4,21751.129999999997,1,1,1,3
13682,192,8,34562.97,1,3,2,6
13683,4,7,31110.05,5,2,2,9
13684,12,8,21099.08,5,3,1,9
13685,60,10,80562.87,3,4,5,12
13686,6,14,82322.5,5,5,5,15
13687,85,7,38436.61,2,2,3,7
13688,38,5,32934.8,3,1,2,6
13689,34,13,71878.8,4,5,5,14
13690,22,8,37286.27,4,3,3,10
13691,19,9,60859.79,4,4,5,13
13692,13,14,96691.28,5,5,5,15
13693,7,12,53589.08,5,5,4,14
13694,23,8,50780.18,4,3,4,11
13695,10,11,68619.06,5,5,5,15
13696,189,9,46845.44,1,4,4,9
13697,23,11,62785.71,4,5,5,14
13698,65,7,54909.18,2,2,4,8
13699,246,4,21624.41,1,1,1,3
13700,234,7,26861.38,1,2,2,5
13701,2,12,54931.54,5,5,4,14
13702,168,10,46801.770000000004,1,4,4,9
13703,103,6,30393.43,2,2,2,6
13704,35,7,49873.48,4,2,4,10
13705,7,7,34973.83,5,2,3,10
13706,123,6,50339.58,1,2,4,7
13707,31,9,23186.43,4,4,1,9
13708,39,9,45270.9,3,4,4,11
13709,12,11,41013.61,5,5,3,13
13710,46,7,29208.22,3,2,2,7
13711,47,10,24671.36,3,4,1,8
13712,27,13,49207.39,4,5,4,13
13713,260,5,18736.11,1,1,1,3
13714,41,8,40195.74,3,3,3,9
13715,25,6,47442.9,4,2,4,10
13716,25,15,111836.32,4,5,5,14
13717,48,10,58203.02,3,4,5,12
13718,11,11,89472.58,5,5,5,15
13719,136,7,18258.05,1,2,1,4
13720,35,14,65715.03,4,5,5,14
13721,4,14,83950.33,5,5,5,15
13722,39,14,78254.78,3,5,5,13
13723,61,5,29295.440000000002,3,1,2,6
13724,3,13,39850.69,5,5,3,13
13725,5,11,67403.9,5,5,5,15
13726,105,6,22216.48,2,2,1,5
13727,40,8,26297.04,3,3,2,8
13728,11,12,49531.380000000005,5,5,4,14
13729,64,13,41128.35,2,5,3,10
13730,19,6,42523.81,4,2,3,9
13731,87,6,41385.79,2,2,3,7
13732,85,8,49896.27,2,3,4,9
13733,140,4,29545.96,1,1,2,4
13734,122,11,35452.98,1,5,3,9
13735,195,11,36879.340000000004,1,5,3,9
13736,13,12,94233.34,5,5,5,15
13737,123,7,29223.9,1,2,2,5
13738,221,6,25818.63,1,2,2,5
13739,134,3,4245.04,1,1,1,3
13740,21,9,63068.0,4,4,5,13
13741,18,16,71535.1,4,5,5,14
13742,70,3,28833.73,2,1,2,5
13743,89,13,44754.45,2,5,4,11
13744,118,6,39117.12,1,2,3,6
13745,3,3,27089.13,5,1,2,8
13746,9,3,12613.349999999999,5,1,1,7
13747,2,9,55750.54,5,4,4,13
13748,35,6,27984.21,4,2,2,8
13749,26,7,18737.34,4,2,1,7
13750,17,8,31923.03,4,3,2,9
13751,31,8,39555.45,4,3,3,10
13752,159,6,29078.1,1,2,2,5
13753,85,5,23906.04,2,1,1,4
13754,195,6,38411.229999999996,1,2,3,6
13755,129,9,38400.71,1,4,3,8
13756,31,14,72901.98,4,5,5,14
13757,185,4,37223.350000000006,1,1,3,5
13758,53,9,53305.03,3,4,4,11
13759,23,8,42735.549999999996,4,3,3,10
13760,43,10,33571.29,3,4,2,9
13761,110,6,30401.1,1,2,2,5
13762,13,8,40045.83,5,3,3,11
13763,33,5,55781.0,4,1,4,9
13764,195,4,8109.59,1,1,1,3
13765,43,9,46650.43,3,4,4,11
13766,70,6,34918.47,2,2,3,7
13767,100,10,31359.76,2,4,2,8
13768,11,7,37922.89,5,2,3,10
13769,16,6,22820.41,4,2,1,7
13770,33,5,22933.04,4,1,1,6
13771,24,8,37818.68,4,3,3,10
13772,192,6,29090.489999999998,1,2,2,5
13773,15,3,17200.629999999997,5,1,1,7
13774,52,12,53777.62,3,5,4,12
13775,50,4,38107.67,3,1,3,7
13776,13,15,75933.25,5,5,5,15
13777,37,2,19814.02,3,1,1,5
13778,23,11,56965.4,4,5,5,14
13779,50,8,47564.74,3,3,4,10
13780,40,12,66348.08,3,5,5,13
13781,31,5,36251.21,4,1,3,8
13782,29,8,25567.13,4,3,2,9
13783,5,7,37917.11,5,2,3,10
13784,10,9,59035.58,5,4,5,14
13785,93,8,28804.699999999997,2,3,2,7
13786,94,11,42196.13,2,5,3,10
13787,112,5,18879.940000000002,1,1,1,3
13788,14,6,22511.35,5,2,1,8
13789,45,9,43660.32,3,4,3,10
13790,33,11,65034.520000000004,4,5,5,14
13791,109,3,13996.0,2,1,1,4
13792,130,7,32333.49,1,2,2,5
13793,66,9,50822.24,2,4,4,10
13794,88,6,35361.28,2,2,3,7
13795,90,10,49913.86,2,4,4,10
13796,62,10,61087.42,2,4,5,11
13797,202,5,23342.66,1,1,1,3
13798,25,13,72407.7,4,5,5,14
13799,89,5,25695.579999999998,2,1,2,5
13800,192,9,38012.44,1,4,3,8
13801,89,7,37069.07,2,2,3,7
13802,79,4,16246.029999999999,2,1,1,4
13803,1,3,21879.92,5,1,1,7
13804,3,9,46214.47,5,4,4,13
13805,184,8,54121.55,1,3,4,8
13806,145,6,41775.26,1,2,3,6
13807,137,7,31749.9,1,2,2,5
13808,48,4,17082.47,3,1,1,5
13809,120,3,8759.99,1,1,1,3
13810,25,10,63117.84,4,4,5,13
13811,280,5,18233.23,1,1,1,3
13812,220,8,36147.24,1,3,3,7
13813,75,4,27350.42,2,1,2,5
13814,46,5,25697.489999999998,3,1,2,6
13815,71,11,43665.1,2,5,3,10
13816,28,5,28960.97,4,1,2,7
13817,10,5,22739.54,5,1,1,7
13818,9,10,24400.55,5,4,1,10
13819,303,5,18012.06,1,1,1,3
13820,97,4,18748.34,2,1,1,4
13821,13,10,57131.86,5,4,5,14
13822,72,7,31440.53,2,2,2,6
13823,196,6,47516.41,1,2,4,7
13824,3,9,54362.8,5,4,4,13
13825,11,16,111258.5,5,5,5,15
13826,103,7,26426.22,2,2,2,6
13827,25,7,39542.59,4,2,3,9
13828,111,5,33625.77,1,1,2,4
13829,43,7,34743.15,3,2,2,7
13830,197,5,12654.52,1,1,1,3
13831,4,10,53534.23,5,4,4,13
13832,233,5,14724.62,1,1,1,3
13833,110,5,29753.23,1,1,2,4
13834,108,3,22531.629999999997,2,1,1,4
13835,56,5,23853.0,3,1,1,5
13836,13,15,92798.6,5,5,5,15
13837,127,5,22623.56,1,1,1,3
13838,59,4,25103.93,3,1,1,5
13839,99,7,36312.45,2,2,3,7
13840,18,3,9101.54,4,1,1,6
13841,106,3,29364.75,2,1,2,5
13842,8,14,80451.12,5,5,5,15
13843,143,7,28302.16,1,2,2,5
13844,41,12,62203.79,3,5,5,13
13845,61,6,21038.0,3,2,1,6
13846,83,8,33203.88,2,3,2,7
13847,26,11,47524.810000000005,4,5,4,13
13848,144,5,30595.25,1,1,2,4
13849,74,11,65460.950000000004,2,5,5,12
13850,100,5,48889.0,2,1,4,7
13851,42,9,59914.74,3,4,5,12
13852,9,6,16165.5,5,2,1,8
13853,33,9,65910.1,4,4,5,13
13854,32,7,35548.5,4,2,3,9
13855,82,4,27366.1,2,1,2,5
13856,142,5,27281.76,1,1,2,4
13857,63,9,26194.71,2,4,2,8
13858,121,7,28777.03,1,2,2,5
13859,52,5,33142.47,3,1,2,6
13860,86,8,30879.13,2,3,2,7
13861,42,11,43080.15,3,5,3,11
13862,92,6,33229.65,2,2,2,6
13863,21,14,81813.15,4,5,5,14
13864,60,9,52931.85,3,4,4,11
13865,4,7,22870.16,5,2,1,8
13866,16,9,30649.530000000002,4,4,2,10
13867,212,11,52964.78999999999,1,5,4,10
13868,14,11,42409.77,5,5,3,13
13869,79,11,63552.350000000006,2,5,5,12
13870,17,16,65245.32,4,5,5,14
13871,34,10,44467.67,4,4,3,11
13872,54,9,42622.02,3,4,3,10
13873,17,6,18758.2,4,2,1,7
13874,21,10,53037.68,4,4,4,12
13875,245,5,16041.470000000001,1,1,1,3
13876,5,4,25441.96,5,1,2,8
13877,61,8,61283.2,3,3,5,11
13878,30,7,67486.05,4,2,5,11
13879,191,7,40402.02,1,2,3,6
13880,23,6,21735.68,4,2,1,7
13881,50,8,52959.08,3,3,4,10
13882,19,10,54169.61,4,4,4,12
13883,39,10,45007.04,3,4,4,11
13884,97,7,24534.87,2,2,1,5
13885,42,8,50223.51,3,3,4,10
13886,83,11,37037.600000000006,2,5,3,10
13887,16,9,31744.45,4,4,2,10
13888,35,10,35728.72,3,4,3,10
13889,1,4,14928.45,5,1,1,7
13890,210,6,47087.32,1,2,4,7
13891,252,4,30677.1,1,1,2,4
13892,1,7,25520.969999999998,5,2,2,9
13893,34,3,17769.05,4,1,1,6
13894,94,9,40082.520000000004,2,4,3,9
13895,182,8,63786.68,1,3,5,9
13896,44,5,28280.05,3,1,2,6
13897,135,5,28296.600000000002,1,1,2,4
13898,29,14,47801.92,4,5,4,13
13899,75,11,67061.37,2,5,5,12
13900,126,8,31913.23,1,3,2,6
13901,53,8,38935.25,3,3,3,9
13902,5,9,34167.35,5,4,2,11
13903,25,6,60678.31,4,2,5,11
13904,32,9,32256.03,4,4,2,10
13905,147,3,12647.07,1,1,1,3
13906,154,5,19522.829999999998,1,1,1,3
13907,31,8,50032.29,4,3,4,11
13908,38,8,65904.68000000001,3,3,5,11
13909,7,9,35529.8,5,4,3,12
13910,129,7,26474.88,1,2,2,5
13911,40,10,51910.09,3,4,4,11
13912,177,7,35127.659999999996,1,2,3,6
13913,76,6,30697.760000000002,2,2,2,6
13914,32,5,28308.78,4,1,2,7
13915,87,10,58887.1,2,4,5,11
13916,179,7,26009.620000000003,1,2,2,5
13917,21,8,53421.0,4,3,4,11
13918,27,8,22157.79,4,3,1,8
13919,31,9,50209.76,4,4,4,12
13920,10,14,90669.59,5,5,5,15
13921,1,11,52956.61,5,5,4,14
13922,20,4,15726.619999999999,4,1,1,6
13923,62,11,49047.68,2,5,4,11
13924,50,10,75964.53,3,4,5,12
13925,47,4,14318.82,3,1,1,5
13926,54,9,15541.26,3,4,1,8
13927,131,8,39371.56,1,3,3,7
13928,47,11,74084.52,3,5,5,13
13929,2,6,41717.520000000004,5,2,3,10
13930,77,6,23825.37,2,2,1,5
13931,33,15,86236.41,4,5,5,14
13932,87,8,44548.84,2,3,3,8
13933,38,10,42703.62,3,4,3,10
13934,58,5,29554.71,3,1,2,6
13935,93,4,11854.24,2,1,1,4
13936,53,15,100059.59,3,5,5,13
13937,52,12,63520.73,3,5,5,13
13938,70,8,25451.01,2,3,2,7
13939,62,9,43809.130000000005,2,4,3,9
13940,29,7,32693.16,4,2,2,8
13941,11,11,68650.69,5,5,5,15
13942,40,8,17371.41,3,3,1,7
13943,40,7,37576.97,3,2,3,8
13944,50,6,28071.870000000003,3,2,2,7
13945,115,9,52140.01,1,4,4,9
13946,5,7,26581.07,5,2,2,9
13947,35,7,11869.970000000001,3,2,1,6
13948,145,6,30762.010000000002,1,2,2,5
13949,54,12,71972.12,3,5,5,13
13950,90,10,43345.659999999996,2,4,3,9
13951,74,7,31195.81,2,2,2,6
13952,11,6,35308.22,5,2,3,10
13953,31,11,45985.99,4,5,4,13
13954,3,5,15947.72,5,1,1,7
13955,245,3,15935.210000000001,1,1,1,3
13956,2,8,38016.3,5,3,3,11
13957,233,12,48870.62,1,5,4,10
13958,21,2,16233.62,4,1,1,6
13959,2,6,39498.02,5,2,3,10
13960,272,3,10333.22,1,1,1,3
13961,20,3,11264.11,4,1,1,6
13962,6,10,50113.72,5,4,4,13
13963,152,7,26014.58,1,2,2,5
13964,5,8,29406.879999999997,5,3,2,10
13965,75,6,32553.739999999998,2,2,2,6
13966,20,6,35123.5,4,2,3,9
13967,1,14,73500.81,5,5,5,15
13968,19,9,41283.07,4,4,3,11
13969,105,11,45163.1,2,5,4,11
13970,13,10,47792.200000000004,5,4,4,13
13971,42,7,23850.170000000002,3,2,1,6
13972,25,9,17975.46,4,4,1,9
13973,109,2,8187.7699999999995,2,1,1,4
13974,28,11,78365.04,4,5,5,14
13975,20,8,25008.329999999998,4,3,1,8
13976,2,4,18281.95,5,1,1,7
13977,97,12,93446.95999999999,2,5,5,12
13978,66,9,36845.7,2,4,3,9
13979,4,13,71501.69,5,5,5,15
13980,139,7,44661.75,1,2,4,7
13981,69,6,20300.98,2,2,1,5
13982,11,9,43998.25,5,4,3,12
13983,35,11,87517.44,3,5,5,13
13984,14,12,40736.26,5,5,3,13
13985,7,12,61869.55,5,5,5,15
13986,9,7,24672.54,5,2,1,8
13987,84,11,48281.770000000004,2,5,4,11
13988,29,7,57781.079999999994,4,2,5,11
13989,14,13,86999.36,5,5,5,15
13990,79,9,32983.94,2,4,2,8
13991,95,6,29240.3,2,2,2,6
13992,15,11,68352.59,5,5,5,15
13993,15,13,66071.89,5,5,5,15
13994,79,11,35292.67,2,5,3,10
13995,8,9,46725.25,5,4,4,13
13996,27,10,48404.54,4,4,4,12
13997,132,4,25096.37,1,1,1,3
13998,26,9,42029.3,4,4,3,11
13999,69,10,47090.44,2,4,4,10
14000,33,17,77763.83,4,5,5,14
14001,8,9,48529.5,5,4,4,13
14002,66,7,30096.21,2,2,2,6
14003,29,8,65533.26,4,3,5,12
14004,25,8,28309.940000000002,4,3,2,9
14005,68,7,28833.64,2,2,2,6
14006,17,10,50870.46,4,4,4,12
14007,10,7,42544.6,5,2,3,10
14008,24,10,42606.53,4,4,3,11
14009,110,7,47816.89,1,2,4,7
14010,114,9,30838.14,1,4,2,7
14011,220,5,24803.5,1,1,1,3
14012,21,8,54296.909999999996,4,3,4,11
14013,99,9,44940.36,2,4,4,10
14014,176,5,18093.920000000002,1,1,1,3
14015,10,3,7757.09,5,1,1,7
14016,48,12,73549.02,3,5,5,13
14017,32,8,48927.51,4,3,4,11
14018,17,6,26343.3,4,2,2,8
14019,169,6,24017.37,1,2,1,4
14020,26,8,59969.68,4,3,5,12
14021,234,6,29384.46,1,2,2,5
14022,402,6,33644.43,1,2,2,5
14023,33,10,49036.020000000004,4,4,4,12
14024,247,3,24320.940000000002,1,1,1,3
14025,124,8,25383.63,1,3,2,6
14026,88,8,24758.73,2,3,1,6
14027,111,8,55177.45,1,3,4,8
14028,60,9,57041.0,3,4,5,12
14029,86,2,5384.1900000000005,2,1,1,4
14030,112,7,22134.64,1,2,1,4
14031,72,13,74949.19,2,5,5,12
14032,63,6,17595.64,2,2,1,5
14033,77,11,57215.54,2,5,5,12
14034,56,7,47911.62,3,2,4,9
14035,31,6,28055.83,4,2,2,8
14036,52,2,12672.900000000001,3,1,1,5
14037,28,8,38841.68,4,3,3,10
14038,39,9,19328.61,3,4,1,8
14039,52,9,44429.74,3,4,3,10
14040,28,9,36155.33,4,4,3,11
14041,19,7,27687.88,4,2,2,8
14042,46,7,59275.759999999995,3,2,5,10
14043,24,11,52694.26,4,5,4,13
14044,24,7,26237.34,4,2,2,8
14045,28,7,16734.739999999998,4,2,1,7
14046,106,8,38598.9,2,3,3,8
14047,111,11,72354.3,1,5,5,11
14048,259,3,6414.02,1,1,1,3
14049,145,10,50220.95,1,4,4,9
14050,78,7,40689.53,2,2,3,7
14051,257,6,35597.020000000004,1,2,3,6
14052,29,9,33024.26,4,4,2,10
14053,202,6,40715.340000000004,1,2,3,6
14054,375,3,24933.36,1,1,1,3
14055,62,6,20430.6,2,2,1,5
14056,115,5,25334.18,1,1,2,4
14057,58,10,52305.41,3,4,4,11
14058,89,7,51394.53,2,2,4,8
14059,93,8,37778.42,2,3,3,8
14060,24,8,27889.22,4,3,2,9
14061,42,3,24483.0,3,1,1,5
14062,6,10,68397.68,5,4,5,14
14063,19,9,31704.61,4,4,2,10
14064,40,8,34786.68,3,3,2,8
14065,107,10,34551.74,2,4,2,8
14066,8,12,55571.75,5,5,4,14
14067,73,2,2978.2200000000003,2,1,1,4
14068,115,11,64254.13,1,5,5,11
14069,76,7,29624.86,2,2,2,6
14070,10,10,43006.880000000005,5,4,3,12
14071,69,5,33346.15,2,1,2,5
14072,83,8,76172.3,2,3,5,10
14073,10,6,41793.729999999996,5,2,3,10
14074,263,2,16515.1,1,1,1,3
14075,21,5,35616.11,4,1,3,8
14076,158,6,32307.85,1,2,2,5
14077,26,10,30236.44,4,4,2,10
14078,2,8,24873.46,5,3,1,9
14079,5,9,35014.05,5,4,3,12
14080,8,6,31767.57,5,2,2,9
14081,82,3,807.8399999999999,2,1,1,4
14082,5,8,74644.5,5,3,5,13
14083,3,12,62960.409999999996,5,5,5,15
14084,12,7,36356.45,5,2,3,10
14085,69,5,33945.350000000006,2,1,2,5
14086,60,5,36059.630000000005,3,1,3,7
14087,49,7,46232.189999999995,3,2,4,9
14088,59,8,69937.87,3,3,5,11
14089,132,4,31358.07,1,1,2,4
14090,50,6,57772.91,3,2,5,10
14091,9,10,65158.95,5,4,5,14
14092,6,11,57087.74,5,5,5,15
14093,1,9,35094.3,5,4,3,12
14094,10,7,44108.58,5,2,3,10
14095,29,8,31206.039999999997,4,3,2,9
14096,30,6,27144.989999999998,4,2,2,8
14097,125,8,42681.9,1,3,3,7
14098,224,6,11523.869999999999,1,2,1,4
14099,2,13,70904.77,5,5,5,15
14100,16,11,73185.99,4,5,5,14
14101,102,9,35736.35,2,4,3,9
14102,29,16,83565.6,4,5,5,14
14103,18,12,75157.96,4,5,5,14
14104,12,6,19138.68,5,2,1,8
14105,16,11,34261.29,4,5,2,11
14106,47,3,16887.3,3,1,1,5
14107,41,9,36670.45,3,4,3,10
14108,59,9,45842.59,3,4,4,11
14109,16,7,26642.01,4,2,2,8
14110,77,9,49057.89,2,4,4,10
14111,84,5,32064.309999999998,2,1,2,5
14112,54,16,70517.77,3,5,5,13
14113,96,9,44428.8,2,4,3,9
14114,8,8,47129.630000000005,5,3,4,12
14115,41,5,32222.5,3,1,2,6
14116,266,3,7851.08,1,1,1,3
14117,423,2,6864.9800000000005,1,1,1,3
14118,23,7,36222.07,4,2,3,9
14119,87,5,37037.729999999996,2,1,3,6
14120,22,5,20959.57,4,1,1,6
14121,108,7,24353.23,2,2,1,5
14122,25,8,45826.6,4,3,4,11
14123,220,5,16552.86,1,1,1,3
14124,124,3,20175.809999999998,1,1,1,3
14125,106,13,77669.94,2,5,5,12
14126,192,6,33812.47,1,2,2,5
14127,42,7,24161.57,3,2,1,6
14128,23,4,20421.62,4,1,1,6
14129,18,9,77150.70999999999,4,4,5,13
14130,82,4,36730.14,2,1,3,6
14131,8,9,32625.870000000003,5,4,2,11
14132,81,7,28594.78,2,2,2,6
14133,86,10,63065.979999999996,2,4,5,11
14134,220,6,41374.48,1,2,3,6
14135,87,5,28387.09,2,1,2,5
14136,258,7,39056.479999999996,1,2,3,6
14137,30,9,56038.97,4,4,4,12
14138,1,3,14877.05,5,1,1,7
14139,22,11,54437.42,4,5,4,13
14140,47,4,10378.189999999999,3,1,1,5
14141,105,9,39755.03,2,4,3,9
14142,16,10,55656.979999999996,4,4,4,12
14143,53,9,57626.21,3,4,5,12
14144,89,10,43190.78,2,4,3,9
14145,61,10,43479.840000000004,3,4,3,10
14146,18,10,71378.06,4,4,5,13
14147,45,9,72964.48999999999,3,4,5,12
14148,57,4,18881.57,3,1,1,5
14149,160,4,33119.68,1,1,2,4
14150,148,6,16895.48,1,2,1,4
14151,12,12,60146.31,5,5,5,15
14152,7,9,50505.52,5,4,4,13
14153,122,11,53369.17,1,5,4,10
14154,128,9,32061.46,1,4,2,7
14155,6,9,43329.04,5,4,3,12
14156,43,14,69258.76000000001,3,5,5,13
14157,184,9,24227.77,1,4,1,6
14158,177,6,23896.17,1,2,1,4
14159,7,10,38322.02,5,4,3,12
14160,111,4,22881.07,1,1,1,3
14161,75,12,68547.29,2,5,5,12
14162,20,10,44185.02,4,4,3,11
14163,25,9,75160.18,4,4,5,13
14164,49,7,42598.27,3,2,3,8
14165,10,5,14266.02,5,1,1,7
14166,11,5,26211.82,5,1,2,8
14167,20,6,20044.79,4,2,1,7
14168,235,5,28209.14,1,1,2,4
14169,30,12,71549.18000000001,4,5,5,14
14170,19,12,79319.26000000001,4,5,5,14
14171,20,5,18582.72,4,1,1,6
14172,46,8,35865.99,3,3,3,9
14173,87,6,32322.98,2,2,2,6
14174,56,4,24373.3,3,1,1,5
14175,218,3,20573.3,1,1,1,3
14176,5,8,45296.53,5,3,4,12
14177,10,12,81207.77,5,5,5,15
14178,117,8,40950.15,1,3,3,7
14179,63,8,33359.81,2,3,2,7
14180,45,5,16516.29,3,1,1,5
14181,28,6,30581.65,4,2,2,8
14182,22,12,70733.58,4,5,5,14
14183,139,8,26720.05,1,3,2,6
14184,9,10,50711.96,5,4,4,13
14185,78,11,72412.55,2,5,5,12
14186,46,9,38928.93,3,4,3,10
14187,3,10,68434.55,5,4,5,14
14188,168,5,33662.03,1,1,2,4
14189,207,9,41155.96,1,4,3,8
14190,27,12,42567.37,4,5,3,12
14191,91,5,24183.760000000002,2,1,1,4
14192,53,11,54784.479999999996,3,5,4,12
14193,454,1,10830.54,1,1,1,3
14194,25,17,78522.07,4,5,5,14
14195,24,7,35013.25,4,2,3,9
14196,19,9,43763.15,4,4,3,11
14197,33,5,27429.76,4,1,2,7
14198,5,8,20938.06,5,3,1,9
14199,32,9,47216.35,4,4,4,12
14200,23,12,40118.240000000005,4,5,3,12
14201,208,8,51265.32,1,3,4,8
14202,7,13,65878.31,5,5,5,15
14203,48,4,21645.64,3,1,1,5
14204,113,9,47070.85,1,4,4,9
14205,78,11,51613.07,2,5,4,11
14206,118,4,13653.48,1,1,1,3
14207,43,4,24678.68,3,1,1,5
14208,26,9,42144.5,4,4,3,11
14209,90,15,47156.37,2,5,4,11
14210,69,3,10812.939999999999,2,1,1,4
14211,13,8,26078.08,5,3,2,10
14212,54,12,60689.08,3,5,5,13
14213,75,9,44619.9,2,4,4,10
14214,16,6,36769.87,4,2,3,9
14215,10,8,29484.06,5,3,2,10
14216,86,4,16248.75,2,1,1,4
14217,8,6,30409.91,5,2,2,9
14218,39,4,29067.73,3,1,2,6
14219,15,11,38073.64,5,5,3,13
14220,11,8,42612.34,5,3,3,11
14221,1,12,65854.53,5,5,5,15
14222,11,10,32565.88,5,4,2,11
14223,36,7,44361.83,3,2,3,8
14224,105,5,24753.59,2,1,1,4
14225,57,8,35434.56,3,3,3,9
14226,1,8,38982.020000000004,5,3,3,11
14227,113,8,35442.66,1,3,3,7
14228,36,9,42176.81,3,4,3,10
14229,67,13,64374.6,2,5,5,12
14230,54,10,34930.75,3,4,3,10
14231,89,7,31585.21,2,2,2,6
14232,34,10,57208.299999999996,4,4,5,13
14233,13,15,109612.22,5,5,5,15
14234,159,9,35436.59,1,4,3,8
14235,6,9,36809.85,5,4,3,12
14236,148,6,13123.52,1,2,1,4
14237,342,5,31639.370000000003,1,1,2,4
14238,77,3,13116.789999999999,2,1,1,4
14239,193,4,7600.139999999999,1,1,1,3
14240,65,4,31793.84,2,1,2,5
14241,83,8,21538.690000000002,2,3,1,6
14242,93,4,15422.85,2,1,1,4
14243,37,6,24609.52,3,2,1,6
14244,236,7,37753.72,1,2,3,6
14245,48,5,26834.5,3,1,2,6
14246,28,13,60250.58,4,5,5,14
14247,56,8,57233.88,3,3,5,11
14248,10,15,81727.31999999999,5,5,5,15
14249,56,7,37778.05,3,2,3,8
14250,87,13,63859.979999999996,2,5,5,12
14251,49,12,50859.91,3,5,4,12
14252,107,6,9336.67,2,2,1,5
14253,49,12,81365.23,3,5,5,13
14254,118,8,32632.44,1,3,2,6
14255,10,6,25096.079999999998,5,2,1,8
14256,7,4,26445.03,5,1,2,8
14257,96,15,91872.72,2,5,5,12
14258,75,5,42344.39,2,1,3,6
14259,69,9,49771.770000000004,2,4,4,10
14260,215,6,39131.03,1,2,3,6
14261,22,10,51746.91,4,4,4,12
14262,6,10,57275.32,5,4,5,14
14263,3,13,84923.94,5,5,5,15
14264,56,7,33707.39,3,2,2,7
14265,73,7,75166.53,2,2,5,9
14266,31,8,48106.159999999996,4,3,4,11
14267,306,4,29380.170000000002,1,1,2,4
14268,134,9,50655.13,1,4,4,9
14269,23,5,22131.379999999997,4,1,1,6
14270,160,7,33441.62,1,2,2,5
14271,47,8,35559.11,3,3,3,9
14272,19,6,31117.26,4,2,2,8
14273,35,11,75662.0,3,5,5,13
14274,2,11,67655.74,5,5,5,15
14275,131,4,20652.2,1,1,1,3
14276,5,12,88041.17,5,5,5,15
14277,26,13,62685.090000000004,4,5,5,14
14278,20,9,55545.450000000004,4,4,4,12
14279,42,7,21760.51,3,2,1,6
14280,450,4,29583.78,1,1,2,4
14281,13,7,28180.95,5,2,2,9
14282,2,5,22059.37,5,1,1,7
14283,47,7,27909.39,3,2,2,7
14284,91,6,59254.59,2,2,5,9
14285,2,15,40041.94,5,5,3,13
14286,59,8,40627.38,3,3,3,9
14287,10,11,82056.68,5,5,5,15
14288,60,13,88782.84,3,5,5,13
14289,83,7,52758.28,2,2,4,8
14290,121,10,65742.85,1,4,5,10
14291,282,5,6048.299999999999,1,1,1,3
14292,34,11,45076.74,4,5,4,13
14293,57,3,26616.52,3,1,2,6
14294,64,9,44626.1,2,4,4,10
14295,291,3,17006.02,1,1,1,3
14296,14,7,35388.22,5,2,3,10
14297,33,8,40603.97,4,3,3,10
14298,105,4,16510.29,2,1,1,4
14299,30,9,30723.789999999997,4,4,2,10
14300,82,5,12489.92,2,1,1,4
14301,19,8,24411.88,4,3,1,8
14302,116,8,44899.05,1,3,4,8
14303,15,7,55066.82,5,3,4,12
14304,58,6,28555.32,3,2,2,7
14305,48,6,36267.25,3,2,3,8
14306,22,8,54132.39,4,3,4,11
14307,33,7,32053.48,4,3,2,9
14308,158,6,41092.34,1,2,3,6
14309,10,6,18750.47,5,2,1,8
14310,8,13,50444.4,5,5,4,14
14311,120,5,20903.93,1,1,1,3
14312,238,6,15562.61,1,2,1,4
14313,17,11,39790.66,4,5,3,12
14314,83,9,29572.760000000002,2,4,2,8
14315,154,7,29586.030000000002,1,3,2,6
14316,7,9,41599.56,5,4,3,12
14317,70,10,32604.19,2,4,2,8
14318,11,4,31906.11,5,1,2,8
14319,72,5,21648.2,2,1,1,4
14320,55,11,68828.06999999999,3,5,5,13
14321,6,12,58738.66,5,5,5,15
14322,93,5,23046.230000000003,2,1,1,4
14323,11,15,61794.340000000004,5,5,5,15
14324,24,8,54209.82,4,3,4,11
14325,3,6,39555.3,5,2,3,10
14326,122,7,21306.14,1,3,1,5
14327,61,5,23619.09,3,1,1,5
14328,87,10,45187.25,2,4,4,10
14329,15,12,74840.84,5,5,5,15
14330,3,10,73264.67,5,4,5,14
14331,22,8,46343.7,4,3,4,11
14332,202,5,27963.13,1,1,2,4
14333,18,11,37560.54,4,5,3,12
14334,56,6,12364.42,3,2,1,6
14335,112,5,28487.59,1,1,2,4
14336,53,5,15435.32,3,1,1,5
14337,194,8,30794.02,1,3,2,6
14338,73,8,57405.77,2,3,5,10
14339,51,11,50547.97,3,5,4,12
14340,3,8,50933.09,5,3,4,12
14341,34,13,64050.95,4,5,5,14
14342,37,4,26075.55,3,1,2,6
14343,15,9,20771.94,5,4,1,10
14344,34,9,51903.13,4,4,4,12
14345,35,11,44729.93,3,5,4,12
14346,50,15,66697.95,3,5,5,13
14347,12,9,57351.77,5,4,5,14
14348,136,5,32991.43,1,1,2,4
14349,54,10,58572.96000000001,3,4,5,12
14350,46,8,42060.05,3,3,3,9
14351,26,5,11718.91,4,1,1,6
14352,64,11,58611.39,2,5,5,12
14353,88,11,48107.46,2,5,4,11
14354,1,10,66203.3,5,4,5,14
14355,139,7,24578.879999999997,1,3,1,5
14356,16,8,42052.93,4,3,3,10
14357,14,10,47767.54,5,4,4,13
14358,26,8,24128.469999999998,4,3,1,8
14359,93,11,40034.5,2,5,3,10
14360,3,11,45578.8,5,5,4,14
14361,10,7,29543.329999999998,5,3,2,10
14362,22,6,35213.17,4,2,3,9
14363,179,5,30688.46,1,1,2,4
14364,1,2,7782.02,5,1,1,7
14365,5,5,26820.35,5,1,2,8
14366,26,7,33677.14,4,3,2,9
14367,274,6,13208.380000000001,1,2,1,4
14368,71,9,52068.850000000006,2,4,4,10
14369,65,8,39076.53,2,3,3,8
14370,83,6,47619.770000000004,2,2,4,8
14371,5,9,49438.200000000004,5,4,4,13
14372,28,9,35887.82,4,4,3,11
14373,35,8,47286.53,3,3,4,10
14374,23,8,37038.49,4,3,3,10
14375,42,6,27972.42,3,2,2,7
14376,61,9,38804.54,3,4,3,10
14377,33,5,25909.63,4,1,2,7
14378,29,7,34547.3,4,3,2,9
14379,60,10,52937.270000000004,3,4,4,11
14380,37,8,21514.05,3,3,1,7
14381,53,15,107763.56999999999,3,5,5,13
14382,51,12,56153.15,3,5,4,12
14383,481,2,5038.27,1,1,1,3
14384,30,6,27135.96,4,2,2,8
14385,71,7,14531.32,2,3,1,6
14386,215,3,8018.52,1,1,1,3
14387,198,5,17629.93,1,1,1,3
14388,92,10,46739.43,2,4,4,10
14389,103,9,49805.28,2,4,4,10
14390,170,4,28702.09,1,1,2,4
14391,25,9,25645.27,4,4,2,10
14392,110,7,15187.06,1,3,1,5
14393,212,3,6610.74,1,1,1,3
14394,33,8,33405.57,4,3,2,9
14395,29,9,36029.94,4,4,3,11
14396,25,8,31540.949999999997,4,3,2,9
14397,125,8,28632.85,1,3,2,6
14398,62,7,26655.28,2,3,2,7
14399,40,12,87395.62,3,5,5,13
14400,83,11,46916.1,2,5,4,11
14401,166,6,22097.16,1,2,1,4
14402,9,8,35728.68,5,3,3,11
14403,52,8,36842.58,3,3,3,9
14404,194,7,58256.71,1,3,5,9
14405,164,5,17853.23,1,1,1,3
14406,62,6,27081.47,2,2,2,6
14407,44,6,31102.45,3,2,2,7
14408,74,7,20181.920000000002,2,3,1,6
14409,124,5,27892.219999999998,1,1,2,4
14410,38,13,65516.82,3,5,5,13
14411,75,10,53970.88,2,4,4,10
14412,89,9,34712.58,2,4,2,8
14413,61,9,35153.9,3,4,3,10
14414,10,12,74607.31999999999,5,5,5,15
14415,9,12,53289.63,5,5,4,14
14416,73,12,47399.35,2,5,4,11
14417,27,8,29202.34,4,3,2,9
14418,120,6,33167.659999999996,1,2,2,5
14419,32,4,26800.28,4,1,2,7
14420,20,8,37960.23,4,3,3,10
14421,22,7,41630.17,4,3,3,10
14422,81,4,33013.63,2,1,2,5
14423,71,10,57731.74,2,4,5,11
14424,184,6,32214.2,1,2,2,5
14425,42,11,53081.31,3,5,4,12
14426,29,12,53548.64,4,5,4,13
14427,59,9,32594.379999999997,3,4,2,9
14428,21,7,33660.66,4,3,2,9
14429,10,5,17407.510000000002,5,1,1,7
14430,74,6,26929.86,2,2,2,6
14431,21,10,58317.39,4,4,5,13
14432,61,7,22492.13,3,3,1,7
14433,17,12,50880.35,4,5,4,13
14434,16,10,54416.35,4,4,4,12
14435,284,2,11871.369999999999,1,1,1,3
14436,51,11,71372.79,3,5,5,13
14437,8,9,44101.479999999996,5,4,3,12
14438,44,8,56310.02,3,3,4,10
14439,86,5,19401.68,2,1,1,4
14440,4,4,30641.22,5,1,2,8
14441,3,8,42031.74,5,3,3,11
14442,34,10,54315.659999999996,4,4,4,12
14443,55,11,52407.07,3,5,4,12
14444,21,10,47977.91,4,4,4,12
14445,24,11,53064.49,4,5,4,13
14446,46,12,65209.2,3,5,5,13
14447,195,6,23725.75,1,2,1,4
14448,10,10,48561.82,5,4,4,13
14449,97,6,25696.54,2,2,2,6
14450,64,10,69441.34,2,4,5,11
14451,1,10,44307.26,5,4,3,12
14452,139,10,39331.16,1,4,3,8
14453,9,7,48607.13,5,3,4,12
14454,100,7,41920.04,2,3,3,8
14455,21,5,30053.809999999998,4,1,2,7
14456,173,6,29256.78,1,2,2,5
14457,80,3,10088.949999999999,2,1,1,4
14458,60,11,53046.229999999996,3,5,4,12
14459,65,9,38133.049999999996,2,4,3,9
14460,1,7,57922.62,5,3,5,13
14461,11,10,71708.44,5,4,5,14
14462,48,10,35078.130000000005,3,4,3,10
14463,145,8,25028.879999999997,1,3,1,5
14464,34,7,32941.3,4,3,2,9
14465,66,7,29373.42,2,3,2,7
14466,382,3,6397.67,1,1,1,3
14467,11,10,40462.25,5,4,3,12
14468,3,10,36506.75,5,4,3,12
14469,128,7,42759.96000000001,1,3,3,7
14470,5,6,29637.0,5,2,2,9
14471,140,8,52562.5,1,3,4,8
14472,4,6,58337.18,5,2,5,12
14473,12,4,4425.74,5,1,1,7
14474,128,7,29545.8,1,3,2,6
14475,146,7,65112.240000000005,1,3,5,9
14476,24,12,53642.520000000004,4,5,4,13
14477,30,8,26717.1,4,3,2,9
14478,48,11,51642.090000000004,3,5,4,12
14479,99,13,75583.51,2,5,5,12
14480,28,11,35405.619999999995,4,5,3,12
14481,34,6,28393.13,4,2,2,8
14482,63,10,48564.630000000005,2,4,4,10
14483,39,4,18075.71,3,1,1,5
14484,97,8,25448.91,2,3,2,7
14485,14,9,50198.7,5,4,4,13
14486,11,9,35027.97,5,4,3,12
14487,147,6,20060.93,1,2,1,4
14488,114,9,52879.6,1,4,4,9
14489,17,10,79200.29000000001,4,4,5,13
14490,34,9,66226.51999999999,4,4,5,13
14491,121,5,13604.77,1,1,1,3
14492,1,6,29457.17,5,2,2,9
14493,31,8,83037.55,4,3,5,12
14494,4,9,47916.96,5,4,4,13
14495,162,6,47136.979999999996,1,2,4,7
14496,43,6,40133.25,3,2,3,8
14497,70,13,58181.52,2,5,5,12
14498,39,6,30097.370000000003,3,2,2,7
14499,89,7,18996.71,2,3,1,6
14500,22,5,18273.730000000003,4,1,1,6
14501,84,4,7133.85,2,1,1,4
14502,3,9,53973.590000000004,5,4,4,13
14503,6,8,53574.45,5,3,4,12
14504,6,9,50696.73,5,4,4,13
14505,6,12,50933.89,5,5,4,14
14506,41,7,30508.73,3,3,2,8
14507,38,8,44748.17,3,3,4,10
14508,69,10,50160.520000000004,2,4,4,10
14509,68,5,24504.97,2,1,1,4
14510,64,8,21531.670000000002,2,3,1,6
14511,29,10,57787.86,4,4,5,13
14512,46,7,41795.99,3,3,3,9
14513,11,6,20198.7,5,2,1,8
14514,31,6,35057.0,4,2,3,9
14515,28,5,38116.0,4,1,3,8
14516,97,5,23610.91,2,1,1,4
14517,34,11,45990.5,4,5,4,13
14518,199,6,31826.61,1,2,2,5
14519,21,5,16870.32,4,1,1,6
14520,167,5,28691.65,1,1,2,4
14521,316,4,28138.03,1,1,2,4
14522,8,9,18457.18,5,4,1,10
14523,147,8,44151.46,1,3,3,7
14524,41,12,63444.46,3,5,5,13
14525,4,8,32843.34,5,3,2,10
14526,2,10,54276.89,5,4,4,13
14527,47,11,84773.36,3,5,5,13
14528,60,9,48334.47,3,4,4,11
14529,58,14,98363.23,3,5,5,13
14530,13,12,51486.92,5,5,4,14
14531,81,10,42055.53,2,4,3,9
14532,397,2,25341.77,1,1,2,4
14533,6,9,43740.17,5,4,3,12
14534,145,9,59975.46,1,4,5,10
14535,29,10,65332.92,4,4,5,13
14536,87,8,33012.66,2,3,2,7
14537,46,12,43223.92,3,5,3,11
14538,170,6,33940.0,1,2,2,5
14539,20,9,41483.96,4,4,3,11
14540,13,11,48304.58,5,5,4,14
14541,4,8,41366.119999999995,5,3,3,11
14542,37,10,57099.33,3,4,5,12
14543,6,11,30479.09,5,5,2,12
14544,25,9,59709.3,4,4,5,13
14545,80,6,19588.69,2,2,1,5
14546,27,6,27167.39,4,2,2,8
14547,27,8,72377.58,4,3,5,12
14548,43,6,36321.0,3,2,3,8
14549,58,7,47095.81,3,3,4,10
14550,58,11,47142.119999999995,3,5,4,12
14551,80,10,45663.46,2,4,4,10
14552,63,10,33995.4,2,4,2,8
14553,24,10,42696.78,4,4,3,11
14554,64,10,62962.46,2,4,5,11
14555,32,10,54157.83,4,4,4,12
14556,24,10,56171.33,4,4,4,12
14557,19,11,72725.76,4,5,5,14
14558,5,9,28211.88,5,4,2,11
14559,29,12,70656.06,4,5,5,14
14560,82,14,78274.25,2,5,5,12
14561,41,7,13757.880000000001,3,3,1,7
14562,48,4,23264.61,3,1,1,5
14563,26,7,31681.309999999998,4,3,2,9
14564,109,8,39775.04,2,3,3,8
14565,15,7,34641.64,5,3,2,10
14566,188,8,33998.99,1,3,2,6
14567,148,6,31582.48,1,2,2,5
14568,18,4,22132.25,4,1,1,6
14569,6,8,50570.41,5,3,4,12
14570,26,8,24589.1,4,3,1,8
14571,96,8,56664.52,2,3,4,9
14572,42,11,83318.69,3,5,5,13
14573,4,18,119408.32,5,5,5,15
14574,14,7,33590.74,5,3,2,10
14575,19,7,39628.67,4,3,3,10
14576,126,11,29601.620000000003,1,5,2,8
14577,103,8,40394.26,2,3,3,8
14578,133,6,17097.65,1,2,1,4
14579,36,7,56036.15,3,3,4,10
14580,89,7,61495.62,2,3,5,10
14581,151,5,31050.09,1,1,2,4
14582,71,11,64040.68,2,5,5,12
14583,14,10,39828.75,5,4,3,12
14584,141,14,55985.29,1,5,4,10
14585,162,8,43294.92,1,3,3,7
14586,44,11,72527.15000000001,3,5,5,13
14587,13,6,26265.65,5,2,2,9
14588,72,7,21109.4,2,3,1,6
14589,31,10,33819.01,4,4,2,10
14590,66,4,30244.739999999998,2,1,2,5
14591,15,8,29865.88,5,3,2,10
14592,100,12,49966.29,2,5,4,11
14593,62,5,31796.96,2,1,2,5
14594,27,8,23985.79,4,3,1,8
14595,8,9,44904.65,5,4,4,13
14596,137,7,62189.01,1,3,5,9
14597,107,4,22770.41,2,1,1,4
14598,63,8,30565.46,2,3,2,7
14599,9,4,4090.5,5,1,1,7
14600,131,8,34988.65,1,3,3,7
14601,17,11,64506.41,4,5,5,14
14602,17,4,36467.68,4,1,3,8
14603,76,10,21375.64,2,4,1,7
14604,7,11,47669.36,5,5,4,14
14605,67,12,36985.21,2,5,3,10
14606,94,9,66672.52,2,4,5,11
14607,271,6,38995.99,1,2,3,6
14608,21,7,14805.27,4,3,1,8
14609,9,11,63055.96,5,5,5,15
14610,41,9,69246.73,3,4,5,12
14611,30,5,32484.56,4,1,2,7
14612,112,7,27285.91,1,3,2,6
14613,39,6,39497.05,3,2,3,8
14614,9,5,16883.66,5,1,1,7
14615,12,8,24392.74,5,3,1,9
14616,90,7,46316.07,2,3,4,9
14617,96,9,40698.74,2,4,3,9
14618,4,14,58900.55,5,5,5,15
14619,38,9,43475.62,3,4,3,10
14620,74,15,70826.57,2,5,5,12
14621,102,10,60127.59,2,4,5,11
14622,80,13,55696.33,2,5,4,11
14623,24,6,28759.510000000002,4,2,2,8
14624,76,5,17429.8,2,1,1,4
14625,232,12,51350.49,1,5,4,10
14626,167,5,17702.37,1,1,1,3
14627,114,8,21078.620000000003,1,3,1,5
14628,10,9,27110.25,5,4,2,11
14629,15,8,36164.26,5,3,3,11
14630,82,7,49447.06,2,3,4,9
14631,95,10,50192.799999999996,2,4,4,10
14632,13,10,46413.96,5,4,4,13
14633,6,8,27798.2,5,3,2,10
14634,20,10,42686.33,4,4,3,11
14635,1,9,38163.950000000004,5,4,3,12
14636,60,9,54132.41,3,4,4,11
14637,10,10,59404.47,5,4,5,14
14638,91,6,15945.22,2,2,1,5
14639,176,5,5160.98,1,1,1,3
14640,23,10,57120.42,4,4,5,13
14641,45,10,48827.840000000004,3,4,4,11
14642,17,4,21576.1,4,1,1,6
14643,54,9,41113.08,3,4,3,10
14644,68,7,42454.26,2,3,3,8
14645,168,3,8032.06,1,1,1,3
14646,62,9,51270.369999999995,2,4,4,10
14647,13,5,35898.94,5,1,3,9
14648,203,5,26510.79,1,1,2,4
14649,166,8,43181.93,1,3,3,7
14650,148,8,34675.29,1,3,2,6
14651,79,4,18220.6,2,1,1,4
14652,89,7,33895.26,2,3,2,7
14653,66,13,48549.28,2,5,4,11
14654,42,8,59431.51,3,3,5,11
14655,57,4,27096.29,3,1,2,6
14656,48,11,58746.01,3,5,5,13
14657,33,11,68087.79000000001,4,5,5,14
14658,64,6,33682.84,2,2,2,6
14659,52,10,46776.55,3,4,4,11
14660,15,10,38577.79,5,4,3,12
14661,29,8,31625.72,4,3,2,9
14662,145,5,18260.170000000002,1,1,1,3
14663,28,7,19480.49,4,3,1,8
14664,111,6,30394.690000000002,1,2,2,5
14665,21,11,46252.89,4,5,4,13
14666,11,10,46054.87,5,4,4,13
14667,116,5,16792.34,1,1,1,3
14668,139,7,49777.62,1,3,4,8
14669,87,7,31571.49,2,3,2,7
14670,26,8,33747.119999999995,4,3,2,9
14671,46,9,56532.82,3,4,4,11
14672,136,4,8936.86,1,1,1,3
14673,51,11,57622.66,3,5,5,13
14674,29,7,44424.86,4,3,3,10
14675,28,10,24804.21,4,4,1,9
14676,61,10,53596.2,3,4,4,11
14677,12,7,22066.39,5,3,1,9
14678,16,5,18078.03,4,1,1,6
14679,97,9,64086.51,2,4,5,11
14680,41,6,27973.53,3,2,2,7
14681,4,12,61986.479999999996,5,5,5,15
14682,27,6,31620.079999999998,4,2,2,8
14683,16,9,62323.36,4,4,5,13
14684,66,9,23435.260000000002,2,4,1,7
14685,87,12,42476.85,2,5,3,10
14686,4,8,35591.770000000004,5,3,3,11
14687,63,7,22991.38,2,3,1,6
14688,19,5,19944.53,4,1,1,6
14689,91,8,24693.11,2,3,1,6
14690,33,13,43763.04,4,5,3,12
14691,121,8,44508.64,1,3,3,7
14692,19,11,49277.8,4,5,4,13
14693,55,10,48304.39,3,4,4,11
14694,21,15,74280.13,4,5,5,14
14695,7,7,36494.71,5,3,3,11
14696,84,6,35880.57,2,2,3,7
14697,181,5,12822.24,1,1,1,3
14698,15,10,70957.69,5,4,5,14
14699,61,10,51493.58,3,4,4,11
14700,200,7,45621.56,1,3,4,8
14701,25,11,51963.270000000004,4,5,4,13
14702,2,16,70439.16,5,5,5,15
14703,61,8,55051.479999999996,3,3,4,10
14704,21,7,41711.82,4,3,3,10
14705,118,7,26631.53,1,3,2,6
14706,146,8,57280.97,1,3,5,9
14707,34,10,45754.29,4,4,4,12
14708,34,8,30182.48,4,3,2,9
14709,56,8,39582.1,3,3,3,9
14710,29,13,81291.17,4,5,5,14
14711,31,11,81199.61,4,5,5,14
14712,20,15,96576.7,4,5,5,14
14713,10,14,80485.22,5,5,5,15
14714,145,5,36627.62,1,1,3,5
14715,13,7,36269.13,5,3,3,11
14716,3,9,46505.59,5,4,4,13
14717,37,10,59123.880000000005,3,4,5,12
14718,60,7,23187.16,3,3,1,7
14719,14,10,45189.46000000001,5,4,4,13
14720,46,7,27885.52,3,3,2,8
14721,39,12,54269.24,3,5,4,12
14722,24,2,15068.7,4,1,1,6
14723,44,3,6656.8099999999995,3,1,1,5
14724,67,9,50525.24,2,4,4,10
14725,54,8,49271.23,3,3,4,10
14726,69,10,44902.82,2,4,4,10
14727,34,8,42978.72,4,3,3,10
14728,57,11,85240.63,3,5,5,13
14729,12,13,82756.99,5,5,5,15
14730,18,14,54612.9,4,5,4,13
14731,6,5,13687.82,5,1,1,7
14732,99,4,31798.43,2,1,2,5
14733,7,6,26788.25,5,2,2,9
14734,269,5,18850.63,1,1,1,3
14735,14,7,58929.35,5,3,5,13
14736,172,5,16648.62,1,1,1,3
14737,43,9,54854.13,3,4,4,11
14738,87,9,48310.35,2,4,4,10
14739,15,9,46813.85,5,4,4,13
14740,17,8,44082.79,4,3,3,10
14741,46,10,34904.659999999996,3,4,3,10
14742,137,5,37753.96,1,1,3,5
14743,73,7,41484.130000000005,2,3,3,8
14744,192,3,11832.59,1,1,1,3
14745,71,6,19357.85,2,2,1,5
14746,23,11,49989.47,4,5,4,13
14747,102,6,18782.0,2,2,1,5
14748,91,5,23271.010000000002,2,1,1,4
14749,14,10,53210.39,5,4,4,13
14750,81,6,16940.829999999998,2,2,1,5
14751,69,9,37045.54,2,4,3,9
14752,19,8,26446.91,4,3,2,9
14753,194,5,16922.31,1,1,1,3
14754,60,10,35742.24,3,4,3,10
14755,24,5,38044.2,4,1,3,8
14756,79,14,55164.27,2,5,4,11
14757,103,8,39070.96,2,3,3,8
14758,49,13,87288.52,3,5,5,13
14759,51,8,34989.4,3,3,3,9
14760,38,14,55734.33,3,5,4,12
14761,122,9,39151.24,1,4,3,8
14762,48,8,33320.229999999996,3,3,2,8
14763,157,4,45292.869999999995,1,1,4,6
14764,86,9,65470.670000000006,2,4,5,11
14765,48,5,18627.379999999997,3,1,1,5
14766,211,5,21509.76,1,1,1,3
14767,7,8,23665.56,5,3,1,9
14768,48,6,24167.57,3,2,1,6
14769,15,7,14553.24,5,3,1,9
14770,26,6,23530.789999999997,4,2,1,7
14771,93,10,39097.94,2,4,3,9
14772,135,3,16244.97,1,1,1,3
14773,33,9,39572.24,4,4,3,11
14774,151,3,30653.7,1,1,2,4
14775,134,10,56320.380000000005,1,4,4,9
14776,57,11,63420.82,3,5,5,13
14777,18,16,69984.46,4,5,5,14
14778,15,6,15732.369999999999,5,2,1,8
14779,20,11,47439.76,4,5,4,13
14780,41,11,58512.36,3,5,5,13
14781,1,9,32923.63,5,4,2,11
14782,3,13,76259.09,5,5,5,15
14783,18,8,27765.92,4,3,2,9
14784,116,7,32580.19,1,3,2,6
14785,94,7,52231.15,2,3,4,9
14786,352,5,19497.92,1,1,1,3
14787,67,9,49554.75,2,4,4,10
14788,61,13,67105.72,3,5,5,13
14789,127,6,17818.68,1,2,1,4
14790,95,12,80901.63,2,5,5,12
14791,108,9,41037.79,2,4,3,9
14792,32,4,12924.34,4,1,1,6
14793,73,8,29719.449999999997,2,3,2,7
14794,47,11,76936.69,3,5,5,13
14795,43,6,22106.89,3,2,1,6
14796,98,12,83738.69,2,5,5,12
14797,33,8,43732.729999999996,4,3,3,10
14798,65,10,49798.92,2,4,4,10
14799,11,12,64576.83,5,5,5,15
14800,63,13,49272.0,2,5,4,11
14801,20,7,30872.55,4,3,2,9
14802,49,12,77836.61,3,5,5,13
14803,233,3,9232.17,1,1,1,3
14804,2,12,85382.74,5,5,5,15
14805,75,12,69486.36,2,5,5,12
14806,52,8,32723.83,3,3,2,8
14807,78,9,44568.47,2,4,4,10
14808,36,10,76754.08,3,4,5,12
14809,19,13,72293.43,4,5,5,14
14810,35,7,30204.770000000004,3,3,2,8
14811,32,10,60550.19,4,4,5,13
14812,71,11,48884.950000000004,2,5,4,11
14813,118,8,66428.68,1,3,5,9
14814,69,10,40973.21,2,4,3,9
14815,71,8,34329.11,2,3,2,7
14816,9,10,56211.94,5,4,4,13
14817,5,9,30756.25,5,4,2,11
14818,33,8,51525.53,4,3,4,11
14819,27,7,33672.81,4,3,2,9
14820,20,13,85031.08,4,5,5,14
14821,24,11,48691.06,4,5,4,13
14822,140,10,77968.99,1,4,5,10
14823,11,7,35845.340000000004,5,3,3,11
14824,120,8,26198.6,1,3,2,6
14825,100,5,38978.81,2,1,3,6
14826,39,10,33159.76,3,4,2,9
14827,240,3,24040.15,1,1,1,3
14828,40,14,88436.15,3,5,5,13
14829,26,11,61494.740000000005,4,5,5,14
14830,64,10,65988.23,2,4,5,11
14831,314,3,8458.34,1,1,1,3
14832,284,4,34185.25,1,1,2,4
14833,58,8,46356.5,3,3,4,10
14834,29,10,36374.619999999995,4,4,3,11
14835,39,8,43567.91,3,3,3,9
14836,8,4,11463.82,5,1,1,7
14837,1,7,27276.769999999997,5,3,2,10
14838,2,8,44369.65,5,3,3,11
14839,55,13,67170.52,3,5,5,13
14840,9,8,57310.71,5,3,5,13
14841,89,5,30027.93,2,1,2,5
14842,42,8,25916.48,3,3,2,8
14843,4,13,73912.79,5,5,5,15
14844,31,7,25846.69,4,3,2,9
14845,135,7,23048.33,1,3,1,5
14846,89,10,56159.89,2,4,4,10
14847,144,10,59938.31,1,4,5,10
14848,54,8,30828.090000000004,3,3,2,8
14849,8,12,83420.7,5,5,5,15
14850,173,10,65285.39,1,4,5,10
14851,3,7,17310.89,5,3,1,9
14852,9,7,36696.29,5,3,3,11
14853,115,4,20889.83,1,1,1,3
14854,33,12,59469.13,4,5,5,14
14855,9,10,46452.04,5,4,4,13
14856,113,9,63211.62,1,4,5,10
14857,30,7,40827.46,4,3,3,10
14858,1,3,29063.34,5,1,2,8
14859,38,11,55389.88,3,5,4,12
14860,15,11,36314.32,5,5,3,13
14861,219,5,35951.77,1,1,3,5
14862,23,9,34626.479999999996,4,4,2,10
14863,293,6,29521.2,1,2,2,5
14864,36,6,31850.82,3,2,2,7
14865,2,11,82815.23,5,5,5,15
14866,67,6,34236.740000000005,2,2,2,6
14867,114,15,98809.2,1,5,5,11
14868,88,9,54004.74,2,4,4,10
14869,1,6,51436.2,5,2,4,11
14870,33,6,36193.68,4,2,3,9
14871,6,6,20457.14,5,2,1,8
14872,68,7,29740.56,2,3,2,7
14873,77,10,46281.33,2,4,4,10
14874,19,11,51201.66,4,5,4,13
14875,42,8,27837.089999999997,3,3,2,8
14876,9,8,23725.35,5,3,1,9
14877,41,7,39461.55,3,3,3,9
14878,74,3,12605.949999999999,2,1,1,4
14879,116,7,46512.39,1,3,4,8
14880,84,8,61134.05,2,3,5,10
14881,63,4,17641.76,2,1,1,4
14882,28,7,40831.17,4,3,3,10
14883,155,8,50172.43,1,3,4,8
14884,102,10,67983.82,2,4,5,11
14885,220,5,19795.95,1,1,1,3
14886,74,7,29902.120000000003,2,3,2,7
14887,35,10,65485.78,3,4,5,12
14888,47,10,45747.11,3,4,4,11
14889,23,5,31515.66,4,1,2,7
14890,81,8,46195.25,2,3,4,9
14891,218,8,62631.29,1,3,5,9
14892,8,7,28903.99,5,3,2,10
14893,191,4,18662.27,1,1,1,3
14894,169,8,32899.66,1,3,2,6
14895,46,10,45526.08,3,4,4,11
14896,64,11,63500.58,2,5,5,12
14897,72,10,51863.69,2,4,4,10
14898,47,6,23230.2,3,2,1,6
14899,115,10,37403.54,1,4,3,8
14900,35,7,50308.88,3,3,4,10
14901,5,10,70033.1,5,4,5,14
14902,17,16,81653.66,4,5,5,14
14903,57,8,27571.13,3,3,2,8
14904,29,10,66286.66,4,4,5,13
14905,17,5,21976.78,4,1,1,6
14906,114,8,32453.24,1,3,2,6
14907,95,6,39226.74,2,2,3,7
14908,134,8,19999.11,1,3,1,5
14909,29,3,10006.38,4,1,1,6
14910,67,10,41334.53,2,4,3,9
14911,55,9,47678.69,3,4,4,11
14912,42,7,44980.24,3,3,4,10
14913,44,5,29917.47,3,1,2,6
14914,41,7,40631.060000000005,3,3,3,9
14915,195,5,30225.0,1,1,2,4
14916,9,7,37386.84,5,3,3,11
14917,28,5,30403.92,4,1,2,7
14918,104,7,24454.440000000002,2,3,1,6
14919,97,5,36025.7,2,1,3,6
14920,33,4,24988.96,4,1,1,6
14921,20,12,69869.13,4,5,5,14
14922,6,10,53114.26,5,4,4,13
14923,299,6,66390.55,1,2,5,8
14924,3,9,15940.560000000001,5,4,1,10
14925,115,7,33283.87,1,3,2,6
14926,22,9,52926.1,4,4,4,12
14927,47,11,36384.88,3,5,3,11
14928,26,7,28769.4,4,3,2,9
14929,46,4,36682.07,3,1,3,7
14930,85,6,26398.620000000003,2,2,2,6
14931,8,12,49450.29,5,5,4,14
14932,4,6,27318.07,5,2,2,9
14933,195,5,11081.6,1,1,1,3
14934,47,5,18520.79,3,1,1,5
14935,67,12,45919.48,2,5,4,11
14936,22,5,20521.670000000002,4,1,1,6
14937,51,13,83634.43,3,5,5,13
14938,12,8,23591.69,5,3,1,9
14939,1,11,54595.35,5,5,4,14
14940,26,7,31090.47,4,3,2,9
14941,59,8,37005.01,3,3,3,9
14942,101,5,17902.38,2,1,1,4
14943,232,7,37797.86,1,3,3,7
14944,1,10,42478.77,5,4,3,12
14945,90,5,40098.64,2,1,3,6
14946,8,13,68797.98999999999,5,5,5,15
14947,31,5,22472.25,4,1,1,6
14948,29,7,30037.47,4,3,2,9
14950,7,7,33860.81,5,3,2,10
14951,137,6,22849.46,1,2,1,4
14952,74,10,48139.98,2,4,4,10
14953,46,8,37781.28,3,3,3,9
14954,5,7,48384.79,5,3,4,12
14955,155,6,23400.749999999996,1,2,1,4
14956,73,9,61721.83,2,4,5,11
14957,193,7,29364.8,1,3,2,6
14958,52,13,73603.23,3,5,5,13
14959,5,8,49189.08,5,3,4,12
14960,41,8,27522.44,3,3,2,8
14961,38,6,21021.2,3,2,1,6
14962,5,16,105406.65,5,5,5,15
14963,19,3,3874.6,4,1,1,6
14964,8,9,46795.08,5,4,4,13
14965,40,7,53691.5,3,3,4,10
14966,71,9,35119.69,2,4,3,9
14967,12,13,70459.79000000001,5,5,5,15
14968,67,5,49766.39,2,1,4,7
14969,79,9,66137.47,2,4,5,11
14970,77,9,59925.15,2,4,5,11
14971,136,7,31556.45,1,3,2,6
14972,6,6,24388.45,5,2,1,8
14973,26,6,50068.07,4,2,4,10
14974,26,10,49418.0,4,4,4,12
14975,10,8,48154.4,5,3,4,12
14976,254,5,18800.78,1,1,1,3
14977,164,8,39396.29,1,3,3,7
14978,76,10,46912.24,2,4,4,10
14979,26,5,23877.91,4,1,1,6
14980,147,8,54406.17,1,3,4,8
14981,82,7,39215.64,2,3,3,8
14982,34,7,41712.83,4,3,3,10
14983,24,10,50110.86,4,4,4,12
14984,193,7,31528.05,1,3,2,6
14985,45,11,47266.09,3,5,4,12
14986,50,5,20264.91,3,1,1,5
14987,75,6,34817.049999999996,2,2,2,6
14988,186,5,14551.949999999999,1,1,1,3
14989,207,6,22990.559999999998,1,2,1,4
14990,28,3,8498.86,4,1,1,6
14991,61,4,25369.76,3,1,2,6
14992,161,3,11431.6,1,1,1,3
14993,43,6,30528.0,3,2,2,7
14994,10,7,28523.94,5,3,2,10
14995,8,3,19021.84,5,1,1,7
14996,10,11,61817.92,5,5,5,15
14997,118,4,21563.22,1,1,1,3
14998,69,7,58296.75,2,3,5,10
14999,16,7,34585.020000000004,4,3,2,9
15000,34,7,31556.71,4,3,2,9
15001,126,7,21840.04,1,3,1,5
15002,25,9,31155.04,4,4,2,10
15003,61,7,29373.26,3,3,2,8
15004,164,7,23045.82,1,3,1,5
15005,113,2,5598.15,1,1,1,3
15006,295,7,32978.05,1,3,2,6
15007,140,6,23350.42,1,2,1,4
15008,29,10,53034.89,4,4,4,12
15009,71,11,44609.34,2,5,4,11
15010,28,8,31453.24,4,3,2,9
15011,6,10,64897.14,5,4,5,14
15012,43,10,73073.04,3,4,5,12
15013,13,6,32336.24,5,2,2,9
15014,28,12,59779.52,4,5,5,14
15015,49,5,15769.59,3,1,1,5
15016,199,4,19952.28,1,1,1,3
15017,102,8,31150.13,2,3,2,7
15018,6,10,27580.45,5,4,2,11
15019,50,5,23185.41,3,1,1,5
15020,10,9,53060.0,5,4,4,13
15021,17,7,28221.2,4,3,2,9
15022,19,6,22733.99,4,2,1,7
15023,19,12,79221.95,4,5,5,14
15024,23,6,11970.08,4,2,1,7
15025,10,6,25274.18,5,2,2,9
15026,27,10,53685.87,4,4,4,12
15027,15,9,48609.55,5,4,4,13
15028,3,8,57160.200000000004,5,3,5,13
15029,79,10,51484.240000000005,2,4,4,10
15030,39,8,26750.66,3,3,2,8
15031,3,6,18447.4,5,2,1,8
15032,16,7,36708.49,4,3,3,10
15033,10,7,23491.36,5,3,1,9
15034,23,13,83846.67,4,5,5,14
15035,89,7,33591.96,2,3,2,7
15036,42,10,54495.770000000004,3,4,4,11
15037,28,11,73100.55,4,5,5,14
15038,31,8,35751.96,4,3,3,10
15039,98,8,32434.37,2,3,2,7
15040,48,10,65148.21,3,4,5,12
15041,12,8,41564.369999999995,5,3,3,11
15042,89,4,19910.32,2,1,1,4
15043,54,10,67040.16,3,4,5,12
15044,218,6,14896.54,1,2,1,4
15045,85,9,53419.1,2,4,4,10
15046,1,9,51344.979999999996,5,4,4,13
15047,11,5,34965.65,5,1,3,9
15048,13,9,41702.94,5,4,3,12
15049,294,4,19660.42,1,1,1,3
15050,273,7,41973.9,1,3,3,7
15051,1,13,88768.26000000001,5,5,5,15
15052,44,5,15101.97,3,1,1,5
15053,77,7,18987.45,2,3,1,6
15054,136,2,8101.84,1,1,1,3
15055,37,10,36644.28,3,4,3,10
15056,26,6,34743.42,4,2,2,8
15057,147,7,33686.51,1,3,2,6
15058,177,9,47839.33,1,4,4,9
15059,22,9,48137.9,4,4,4,12
15060,24,9,40567.41,4,4,3,11
15061,9,9,70829.63,5,4,5,14
15062,14,12,54463.07,5,5,4,14
15063,59,9,43571.89,3,4,3,10
15064,68,10,46017.71,2,4,4,10
15065,13,9,58090.99,5,4,5,14
15066,70,5,34391.8,2,1,2,5
15067,54,10,58447.32,3,4,5,12
15068,36,8,58447.97,3,3,5,11
15069,15,5,32805.9,5,1,2,8
15070,122,8,51095.78,1,3,4,8
15071,31,6,25754.82,4,2,2,8
15072,54,9,32442.2,3,4,2,9
15073,70,11,68534.34,2,5,5,12
15074,35,11,56921.76,3,5,4,12
15075,75,5,27378.02,2,1,2,5
15076,112,7,36605.65,1,3,3,7
15077,64,11,30252.260000000002,2,5,2,9
15078,25,9,59021.990000000005,4,4,5,13
15079,49,8,54504.71,3,3,4,10
15080,56,7,22244.370000000003,3,3,1,7
15081,44,8,41630.56,3,3,3,9
15082,349,3,21166.15,1,1,1,3
15083,228,7,23695.010000000002,1,3,1,5
15084,116,9,46255.16,1,4,4,9
15085,66,8,43503.340000000004,2,3,3,8
15086,13,5,29270.649999999998,5,1,2,8
15087,186,4,14653.5,1,1,1,3
15088,15,11,70733.88,5,5,5,15
15089,30,13,69249.22,4,5,5,14
15090,149,10,49479.35,1,4,4,9
15091,10,9,40912.66,5,4,3,12
15092,13,10,45736.55,5,4,4,13
15093,57,4,29386.49,3,1,2,6
15094,27,11,34400.590000000004,4,5,2,11
15095,180,4,17289.420000000002,1,1,1,3
15096,21,10,30115.86,4,4,2,10
15097,158,9,48820.87,1,4,4,9
15098,127,9,44090.46,1,4,3,8
15099,117,9,70623.47,1,4,5,10
15100,55,8,53517.95,3,3,4,10
15101,141,4,22822.56,1,1,1,3
15102,113,9,30260.39,1,4,2,7
15103,7,13,72015.0,5,5,5,15
15104,37,5,17490.84,3,1,1,5
15105,43,7,28010.27,3,3,2,8
15106,33,10,59387.8,4,4,5,13
15107,20,13,73420.41,4,5,5,14
15108,338,3,16349.47,1,1,1,3
15109,87,6,44488.229999999996,2,2,3,7
15110,53,8,39493.92,3,3,3,9
15111,17,7,20619.89,4,3,1,8
15112,38,10,71314.01,3,4,5,12
15113,16,11,69725.12,4,5,5,14
15114,51,5,23885.39,3,1,1,5
15115,163,4,16194.8,1,1,1,3
15116,17,6,33579.97,4,2,2,8
15117,48,4,16066.81,3,1,1,5
15118,166,8,58450.96,1,3,5,9
15119,36,8,51668.71,3,3,4,10
15120,204,8,33813.11,1,3,2,6
15121,71,5,24321.2,2,1,1,4
15122,14,10,61516.53,5,4,5,14
15123,217,5,33572.350000000006,1,1,2,4
15124,12,10,54262.119999999995,5,4,4,13
15125,52,3,17525.21,3,1,1,5
15126,12,7,32180.88,5,3,2,10
15127,17,12,53206.53,4,5,4,13
15128,2,8,33419.48,5,3,2,10
15129,46,10,28650.82,3,4,2,9
15130,3,9,47957.259999999995,5,4,4,13
15131,33,9,51716.36,4,4,4,12
15132,121,8,55587.65,1,3,4,8
15133,11,5,36307.88,5,1,3,9
15134,63,10,33505.72,2,4,2,8
15135,169,5,37677.78,1,1,3,5
15136,3,14,99024.7,5,5,5,15
15137,147,10,52711.33,1,4,4,9
15138,56,12,68655.48999999999,3,5,5,13
15139,15,5,20509.38,5,1,1,7
15140,27,6,12510.33,4,2,1,7
15141,102,6,30974.660000000003,2,2,2,6
15142,88,12,48843.97,2,5,4,11
15143,3,10,36158.57,5,4,3,12
15144,81,15,86057.43000000001,2,5,5,12
15145,5,15,113600.14,5,5,5,15
15146,20,9,50095.57,4,4,4,12
15147,145,5,25118.77,1,1,1,3
15148,22,7,22183.34,4,3,1,8
15149,41,6,31336.61,3,2,2,7
15150,46,12,86582.23,3,5,5,13
15151,95,8,57682.19,2,3,5,10
15152,37,5,19984.0,3,1,1,5
15153,1,13,64377.96,5,5,5,15
15154,88,8,36529.28,2,3,3,8
15155,17,4,15570.91,4,1,1,6
15156,82,7,56609.740000000005,2,3,4,9
15157,62,11,75839.03,2,5,5,12
15158,60,9,32156.77,3,4,2,9
15159,46,7,43420.74,3,3,3,9
15160,31,11,63336.22,4,5,5,14
15161,51,6,35808.1,3,2,3,8
15162,2,4,36190.41,5,1,3,9
15163,98,6,24417.25,2,2,1,5
15164,10,7,20809.64,5,3,1,9
15165,132,5,26058.12,1,1,2,4
15166,243,5,18856.89,1,1,1,3
15167,128,12,82913.74,1,5,5,11
15168,19,9,33729.95,4,4,2,10
15169,18,10,36275.63,4,4,3,11
15170,87,9,42785.85,2,4,3,9
15171,11,12,69565.51,5,5,5,15
15172,59,3,8824.029999999999,3,1,1,5
15173,42,13,52771.97,3,5,4,12
15174,104,9,48126.58,2,4,4,10
15175,39,9,54511.340000000004,3,4,4,11
15176,33,9,61931.87,4,4,5,13
15177,5,10,57747.86,5,4,5,14
15178,71,8,28576.23,2,3,2,7
15179,124,10,51649.15,1,4,4,9
15180,42,8,33955.79,3,3,2,8
15181,64,10,60686.93,2,4,5,11
15182,5,6,38523.6,5,2,3,10
15183,8,5,28876.86,5,1,2,8
15184,41,11,67080.18,3,5,5,13
15185,74,12,50900.27,2,5,4,11
15186,34,12,40848.05,4,5,3,12
15187,51,11,45942.32,3,5,4,12
15188,33,12,53809.12,4,5,4,13
15189,22,8,26147.73,4,3,2,9
15190,105,7,25212.31,2,3,2,7
15191,137,10,35052.38,1,4,3,8
15192,57,9,38915.66,3,4,3,10
15193,19,6,35764.0,4,2,3,9
15194,185,10,58948.9,1,4,5,10
15195,70,7,59715.74,2,3,5,10
15196,28,8,30123.67,4,3,2,9
15197,25,13,85869.08,4,5,5,14
15198,124,4,19020.989999999998,1,1,1,3
15199,1,11,77743.37,5,5,5,15
15200,30,5,27402.28,4,1,2,7
15201,83,11,39252.38,2,5,3,10
15202,62,9,43277.99,2,4,3,9
15203,159,9,35235.98,1,4,3,8
15204,114,11,43650.58,1,5,3,9
15205,233,6,27057.920000000002,1,2,2,5
15206,11,13,94094.3,5,5,5,15
15207,42,6,9011.36,3,2,1,6
15208,39,7,28691.260000000002,3,3,2,8
15209,4,13,64450.95,5,5,5,15
15210,107,10,36141.56,2,4,3,9
15211,74,7,32529.92,2,3,2,7
15212,151,7,22183.37,1,3,1,5
15213,50,10,53901.78,3,4,4,11
15214,19,9,44907.22,4,4,4,12
15215,84,7,50337.020000000004,2,3,4,9
15216,54,6,44121.130000000005,3,2,3,8
15217,57,6,21971.52,3,2,1,6
15218,58,5,27134.260000000002,3,1,2,6
15219,81,5,16760.35,2,1,1,4
15220,40,8,35194.7,3,3,3,9
15221,97,7,25406.949999999997,2,3,2,7
15222,293,5,25982.86,1,1,2,4
15223,92,7,54385.83,2,3,4,9
15224,12,6,48975.97,5,2,4,11
15225,20,11,63326.69,4,5,5,14
15226,144,7,51553.27,1,3,4,8
15227,61,8,46090.93,3,3,4,10
15228,87,14,81978.41,2,5,5,12
15229,21,9,54431.33,4,4,4,12
15230,15,10,72608.03,5,4,5,14
15231,6,9,55415.21,5,4,4,13
15232,7,6,50100.479999999996,5,2,4,11
15233,13,4,28186.26,5,1,2,8
15234,9,8,26440.26,5,3,2,10
15235,45,6,31692.440000000002,3,2,2,7
15236,86,7,32023.550000000003,2,3,2,7
15237,14,5,39374.91,5,1,3,9
15238,25,7,37217.25,4,3,3,10
15239,19,11,57025.36,4,5,5,14
15240,37,8,35553.7,3,3,3,9
15241,3,12,70435.37,5,5,5,15
15242,42,13,61123.33,3,5,5,13
15243,6,9,45966.55,5,4,4,13
15244,44,11,61148.39,3,5,5,13
15245,84,6,28343.26,2,2,2,6
15246,2,15,90347.6,5,5,5,15
15247,6,8,26273.26,5,3,2,10
15248,89,7,47777.4,2,3,4,9
15249,92,9,49885.39,2,4,4,10
15250,68,6,28700.74,2,2,2,6
15251,87,4,39826.67,2,1,3,6
15252,133,7,49448.93,1,3,4,8
15253,95,6,51708.12,2,2,4,8
15254,111,10,71222.36,1,4,5,10
15255,59,9,43328.37,3,4,3,10
15256,75,8,24868.11,2,3,1,6
15257,5,9,35698.4,5,4,3,12
15258,36,11,40785.09,3,5,3,11
15259,1,11,50668.299999999996,5,5,4,14
15260,6,9,76957.29999999999,5,4,5,14
15261,24,12,82075.16,4,5,5,14
15262,121,8,45398.36,1,3,4,8
15263,26,7,70203.46,4,3,5,12
15264,21,16,70019.12,4,5,5,14
15265,127,4,16295.93,1,1,1,3
15266,6,6,43349.64,5,2,3,10
15267,80,5,18290.96,2,1,1,4
15268,55,7,35173.94,3,3,3,9
15269,261,5,37687.59,1,1,3,5
15270,62,8,45498.96,2,3,4,9
15271,9,9,57935.36,5,4,5,14
15272,131,4,25054.53,1,1,1,3
15273,55,5,27856.300000000003,3,1,2,6
15274,13,10,83594.38,5,4,5,14
15275,48,9,32574.53,3,4,2,9
15276,87,8,51430.46,2,3,4,9
15277,177,11,51269.12,1,5,4,10
15278,8,9,50178.770000000004,5,4,4,13
15279,50,9,40972.33,3,4,3,10
15280,55,12,64815.090000000004,3,5,5,13
15281,146,6,28994.440000000002,1,2,2,5
15282,342,4,26162.02,1,1,2,4
15283,13,11,54978.630000000005,5,5,4,14
15284,70,9,40800.43,2,4,3,9
15285,27,15,56255.07,4,5,4,13
15286,22,12,67520.74,4,5,5,14
15287,90,7,20031.13,2,3,1,6
15288,119,5,52839.87,1,1,4,6
15289,301,2,6308.63,1,1,1,3
15290,64,7,31336.51,2,3,2,7
15291,40,10,44772.99,3,4,4,11
15292,166,4,21527.0,1,1,1,3
15293,82,11,64326.97,2,5,5,12
15294,194,5,10378.880000000001,1,1,1,3
15295,46,10,25296.43,3,4,2,9
15296,8,11,62227.92,5,5,5,15
15297,8,9,77739.53,5,4,5,14
15298,162,9,30781.989999999998,1,4,2,7
15299,44,11,70677.52,3,5,5,13
15300,32,11,46282.96,4,5,4,13
15301,16,8,59954.62,4,3,5,12
15302,40,14,60735.12,3,5,5,13
15303,136,6,27179.2,1,2,2,5
15304,35,14,102587.71,3,5,5,13
15305,8,12,98807.36,5,5,5,15
15306,49,9,36524.85,3,4,3,10
15307,7,8,43858.26,5,3,3,11
15308,202,5,14876.45,1,1,1,3
15309,136,5,11643.34,1,1,1,3
15310,91,9,40199.54,2,4,3,9
15311,79,5,28531.88,2,1,2,5
15312,30,9,29517.06,4,4,2,10
15313,12,7,34692.95,5,3,2,10
15314,141,4,13413.009999999998,1,1,1,3
15315,38,7,36949.49,3,3,3,9
15316,27,6,39013.53,4,2,3,9
15317,15,5,25416.76,5,1,2,8
15318,125,9,39363.12,1,4,3,8
15319,83,8,28280.2,2,3,2,7
15320,37,6,17585.64,3,2,1,6
15321,5,10,65187.39,5,4,5,14
15322,3,13,71949.79000000001,5,5,5,15
15323,18,6,41642.2,4,2,3,9
15324,7,11,62081.13,5,5,5,15
15325,14,9,57775.06,5,4,5,14
15326,113,10,41914.7,1,4,3,8
15327,62,7,35549.75,2,3,3,8
15328,185,9,44602.399999999994,1,4,4,9
15329,63,7,17211.03,2,3,1,6
15330,175,7,49966.229999999996,1,3,4,8
15331,64,11,63439.18,2,5,5,12
15332,73,9,33542.9,2,4,2,8
15333,14,7,32820.17,5,3,2,10
15334,12,7,41269.6,5,3,3,11
15335,24,7,36243.63,4,3,3,10
15336,77,10,62651.36,2,4,5,11
15337,145,6,28284.739999999998,1,2,2,5
15338,21,6,19116.09,4,2,1,7
15339,41,14,79165.17,3,5,5,13
15340,15,7,26798.39,5,3,2,10
15341,62,5,28409.59,2,1,2,5
15342,66,11,62600.78,2,5,5,12
15343,25,7,29870.08,4,3,2,9
15344,63,8,59025.310000000005,2,3,5,10
15345,65,5,9663.060000000001,2,1,1,4
15346,35,8,42577.049999999996,3,3,3,9
15347,15,6,32547.92,5,2,2,9
15348,66,7,27825.41,2,3,2,7
15349,62,6,37215.69,2,2,3,7
15350,71,6,48236.41,2,2,4,8
15351,55,7,25950.72,3,3,2,8
15352,70,10,75023.97,2,4,5,11
15353,32,8,36307.86,4,3,3,10
15354,5,6,18971.39,5,2,1,8
15355,39,5,32394.39,3,1,2,6
15356,20,8,47367.3,4,3,4,11
15357,44,3,22920.37,3,1,1,5
15358,136,8,60321.43,1,3,5,9
15359,224,3,16688.59,1,1,1,3
15360,4,8,42663.92,5,3,3,11
15361,58,11,86344.49,3,5,5,13
15362,264,7,51681.92,1,3,4,8
15363,112,4,19221.0,1,1,1,3
15364,7,6,49273.44,5,2,4,11
15365,14,6,9904.539999999999,5,2,1,8
15366,4,10,65954.68,5,4,5,14
15367,51,7,44625.97,3,3,4,10
15368,63,7,22207.75,2,3,1,6
15369,66,7,27419.46,2,3,2,7
15370,255,4,7414.860000000001,1,1,1,3
15371,31,9,41660.16,4,4,3,11
15372,2,13,72615.02,5,5,5,15
15373,22,6,32006.37,4,2,2,8
15374,4,8,24935.16,5,3,1,9
15375,9,12,47051.26,5,5,4,14
15376,6,9,88042.67,5,4,5,14
15377,40,12,43261.42,3,5,3,11
15378,13,8,28196.35,5,3,2,10
15379,198,7,33958.9,1,3,2,6
15380,112,9,36661.33,1,4,3,8
15381,15,6,29547.34,5,2,2,9
15382,163,6,24619.74,1,2,1,4
15383,46,9,47826.28,3,4,4,11
15384,63,11,66510.56,2,5,5,12
15385,14,16,95881.39,5,5,5,15
15386,40,7,36299.119999999995,3,3,3,9
15387,57,6,28010.17,3,2,2,7
15388,11,8,34274.15,5,3,2,10
15389,25,11,63287.49,4,5,5,14
15390,58,7,50178.24,3,3,4,10
15391,8,15,89147.08,5,5,5,15
15392,161,7,67298.06,1,3,5,9
15393,23,7,42345.38,4,3,3,10
15394,21,9,35421.87,4,4,3,11
15395,112,10,41061.9,1,4,3,8
15396,114,13,57850.11,1,5,5,11
15397,296,6,21827.21,1,2,1,4
15398,315,5,20152.760000000002,1,1,1,3
15399,25,7,30981.83,4,3,2,9
15400,52,5,32049.77,3,1,2,6
15401,49,8,33827.76,3,3,2,8
15402,92,13,81156.45,2,5,5,12
15403,6,17,101190.37,5,5,5,15
15404,50,10,84693.0,3,4,5,12
15405,7,5,19537.93,5,1,1,7
15406,84,7,28183.84,2,3,2,7
15407,76,7,35502.87,2,3,3,8
15408,27,9,31354.98,4,4,2,10
15409,53,11,62372.72,3,5,5,13
15410,61,14,63807.34,3,5,5,13
15411,27,9,39396.02,4,4,3,11
15412,62,11,68670.37,2,5,5,12
15413,7,7,31789.77,5,3,2,10
15414,39,13,81153.13,3,5,5,13
15415,62,8,21380.84,2,3,1,6
15416,79,5,18834.989999999998,2,1,1,4
15417,5,3,10134.01,5,1,1,7
15418,51,15,87165.9,3,5,5,13
15419,70,10,52787.85,2,4,4,10
15420,20,2,28786.89,4,1,2,7
15421,6,8,32063.62,5,3,2,10
15422,88,9,48490.21,2,4,4,10
15423,75,11,60815.32,2,5,5,12
15424,12,3,12444.63,5,1,1,7
15425,9,9,37688.88,5,4,3,12
15426,12,6,37521.16,5,2,3,10
15427,5,10,71834.9,5,4,5,14
15428,90,7,19314.08,2,3,1,6
15429,133,12,76207.13,1,5,5,11
15430,36,10,55087.85,3,4,4,11
15431,1,11,25895.53,5,5,2,12
15432,58,7,37195.38,3,3,3,9
15433,68,6,28299.33,2,2,2,6
15434,129,6,25968.739999999998,1,2,2,5
15435,20,7,46604.479999999996,4,3,4,11
15436,29,6,22481.260000000002,4,2,1,7
15437,46,2,15093.46,3,1,1,5
15438,103,7,28783.72,2,3,2,7
15439,156,8,62267.42,1,3,5,9
15440,3,6,21016.22,5,2,1,8
15441,131,8,40460.11,1,3,3,7
15442,89,6,42174.51,2,2,3,7
15443,146,6,18964.82,1,2,1,4
15444,34,8,48928.17,4,3,4,11
15445,108,6,25191.359999999997,2,2,2,6
15446,29,6,32961.34,4,2,2,8
15447,31,7,29958.31,4,3,2,9
15448,231,3,10689.759999999998,1,1,1,3
15449,10,6,28994.65,5,2,2,9
15450,12,14,68415.18000000001,5,5,5,15
15451,50,6,20638.85,3,2,1,6
15452,29,12,77853.44,4,5,5,14
15453,23,11,46698.33,4,5,4,13
15454,4,9,61352.15,5,4,5,14
15455,190,2,15725.77,1,1,1,3
15456,23,8,61090.28,4,3,5,12
15457,125,9,30955.64,1,4,2,7
15458,26,12,74530.83,4,5,5,14
15459,83,9,34983.13,2,4,3,9
15460,19,10,44541.86,4,4,3,11
15461,43,5,14526.26,3,1,1,5
15462,11,10,46824.46,5,4,4,13
15463,28,7,39677.61,4,3,3,10
15464,17,9,42219.08,4,4,3,11
15465,42,8,41233.66,3,3,3,9
15466,64,6,36097.32,2,2,3,7
15467,33,7,18576.41,4,3,1,8
15468,68,9,42618.229999999996,2,4,3,9
15469,24,3,16321.849999999999,4,1,1,6
15470,58,12,73042.77,3,5,5,13
15471,59,6,47120.89,3,2,4,9
15472,120,3,9468.990000000002,1,1,1,3
15473,2,11,60229.41,5,5,5,15
15474,57,10,65949.95999999999,3,4,5,12
15475,65,11,38194.08,2,5,3,10
15476,10,7,37417.99,5,3,3,11
15477,60,3,13575.520000000002,3,1,1,5
15478,36,12,67957.48,3,5,5,13
15479,95,12,91326.22,2,5,5,12
15480,35,8,66251.48999999999,3,3,5,11
15481,120,7,21056.15,1,3,1,5
15482,139,7,18016.4,1,3,1,5
15483,51,7,38544.89,3,3,3,9
15484,11,5,28784.95,5,1,2,8
15485,15,15,90507.88,5,5,5,15
15486,93,5,14453.169999999998,2,1,1,4
15487,80,5,24114.27,2,1,1,4
15488,101,8,46327.48,2,3,4,9
15489,20,6,17799.63,4,2,1,7
15490,72,8,47439.07,2,3,4,9
15491,87,11,62285.42,2,5,5,12
15492,48,7,37831.48,3,3,3,9
15493,23,10,45554.88,4,4,4,12
15494,17,7,28739.920000000002,4,3,2,9
15495,8,12,31598.59,5,5,2,12
15496,288,4,15897.02,1,1,1,3
15497,20,13,51709.12,4,5,4,13
15498,61,8,40157.42,3,3,3,9
15499,27,10,20968.89,4,4,1,9
15500,94,7,44997.740000000005,2,3,4,9
15501,117,6,28526.86,1,2,2,5
15502,195,3,13804.86,1,1,1,3
15503,215,7,31436.780000000002,1,3,2,6
15504,94,12,58754.93,2,5,5,12
15505,62,8,37586.79,2,3,3,8
15506,31,11,51712.11,4,5,4,13
15507,9,6,43493.02,5,2,3,10
15508,58,8,11462.880000000001,3,3,1,7
15509,6,11,49376.98,5,5,4,14
15510,13,12,53584.72,5,5,4,14
15511,59,8,43505.45,3,3,3,9
15512,32,4,29857.43,4,1,2,7
15513,146,8,42289.15,1,3,3,7
15514,8,7,35421.56,5,3,3,11
15515,6,11,95077.65,5,5,5,15
15516,33,11,52681.01,4,5,4,13
15517,117,6,27220.489999999998,1,2,2,5
15518,68,8,47214.34,2,3,4,9
15519,145,2,15442.43,1,1,1,3
15520,38,5,46346.35,3,1,4,8
15521,13,18,69503.07,5,5,5,15
15522,202,7,25517.16,1,3,2,6
15523,4,5,25191.59,5,1,2,8
15524,5,9,36695.45,5,4,3,12
15525,58,13,55072.36,3,5,4,12
15526,15,8,42426.04,5,3,3,11
15527,83,5,34482.88,2,1,2,5
15528,35,12,47231.61,3,5,4,12
15529,204,4,16587.61,1,1,1,3
15530,156,6,26849.8,1,2,2,5
15531,106,7,35057.6,2,3,3,8
15532,164,6,18822.04,1,2,1,4
15533,17,9,36365.35,4,4,3,11
15534,41,6,28931.02,3,2,2,7
15535,26,5,22024.73,4,1,1,6
15536,58,9,63019.78,3,4,5,12
15537,51,15,89200.27,3,5,5,13
15538,43,11,70523.18,3,5,5,13
15539,52,9,46929.43,3,4,4,11
15540,64,10,45696.8,2,4,4,10
15541,52,12,64073.03,3,5,5,13
15542,126,6,37562.39,1,2,3,6
15543,4,4,24661.51,5,1,1,7
15544,61,6,25911.48,3,2,2,7
15545,290,5,12410.01,1,1,1,3
15546,79,11,58648.97,2,5,5,12
15547,104,7,43928.8,2,3,3,8
15548,53,12,47943.85,3,5,4,12
15549,142,15,89937.48000000001,1,5,5,11
15550,2,6,31752.75,5,2,2,9
15551,26,13,52637.32,4,5,4,13
15552,170,10,69192.4,1,4,5,10
15553,6,10,70678.18000000001,5,4,5,14
15554,15,10,68475.17,5,4,5,14
15555,13,7,46314.62,5,3,4,12
15556,8,9,64534.71,5,4,5,14
15557,39,6,42576.43,3,2,3,8
15558,38,6,21682.769999999997,3,2,1,6
15559,54,13,53581.29,3,5,4,12
15560,3,12,77816.43,5,5,5,15
15561,112,3,12573.18,1,1,1,3
15562,38,13,44764.7,3,5,4,12
15563,45,5,7753.2699999999995,3,1,1,5
15564,209,4,9284.36,1,1,1,3
15565,21,7,24061.55,4,3,1,8
15566,123,9,60029.67,1,4,5,10
15567,23,14,75842.25,4,5,5,14
15568,176,6,31014.090000000004,1,2,2,5
15569,39,4,33292.88,3,1,2,6
15570,53,11,53670.19,3,5,4,12
15571,24,8,62074.06,4,3,5,12
15572,27,8,57385.49,4,3,5,12
15573,282,4,15338.630000000001,1,1,1,3
15574,240,5,16318.31,1,1,1,3
15575,62,6,31359.25,2,2,2,6
15576,29,9,85308.69,4,4,5,13
15577,22,12,50067.01,4,5,4,13
15578,3,9,32126.96,5,4,2,11
15579,9,13,81398.74,5,5,5,15
15580,76,7,36728.9,2,3,3,8
15581,93,7,15376.96,2,3,1,6
15582,34,5,18394.129999999997,4,1,1,6
15583,19,7,22412.5,4,3,1,8
15584,120,8,29238.07,1,3,2,6
15585,78,9,26619.14,2,4,2,8
15586,156,10,53750.689999999995,1,4,4,9
15587,16,16,78763.97,4,5,5,14
15588,12,5,20493.620000000003,5,1,1,7
15589,198,8,45566.850000000006,1,3,4,8
15590,36,10,56237.08,3,4,4,11
15591,52,11,62064.33,3,5,5,13
15592,25,5,29543.170000000002,4,1,2,7
15593,2,5,23572.45,5,1,1,7
15594,44,6,17658.69,3,2,1,6
15595,24,8,40848.43,4,3,3,10
15596,79,9,39340.36,2,4,3,9
15597,7,8,40046.2,5,3,3,11
15598,61,9,51568.53,3,4,4,11
15599,10,8,55208.99,5,3,4,12
15600,38,9,50211.33,3,4,4,11
15601,133,6,38297.91,1,2,3,6
15602,28,13,53433.15,4,5,4,13
15603,120,11,54192.7,1,5,4,10
15604,94,13,54956.509999999995,2,5,4,11
15605,158,7,76795.9,1,3,5,9
15606,298,4,7243.15,1,1,1,3
15607,190,8,37149.76,1,3,3,7
15608,19,3,14461.19,4,1,1,6
15609,51,8,31413.239999999998,3,3,2,8
15610,42,5,19886.39,3,1,1,5
15611,9,7,48918.299999999996,5,3,4,12
15612,14,5,39169.39,5,1,3,9
15613,156,5,25466.35,1,1,2,4
15614,11,10,71950.56,5,4,5,14
15615,94,5,37318.11,2,1,3,6
15616,12,12,73386.53,5,5,5,15
15617,30,11,73912.37,4,5,5,14
15618,33,11,62830.229999999996,4,5,5,14
15619,204,9,75489.83,1,4,5,10
15620,55,10,59252.49,3,4,5,12
15621,116,6,28443.71,1,2,2,5
15622,40,10,54560.21,3,4,4,11
15623,15,10,49740.55,5,4,4,13
15624,10,8,20664.74,5,3,1,9
15625,9,6,41210.36,5,2,3,10
15626,66,5,29537.48,2,1,2,5
15627,39,4,9599.619999999999,3,1,1,5
15628,2,10,54064.73,5,4,4,13
15629,56,6,44335.770000000004,3,2,3,8
15630,2,10,50521.12,5,4,4,13
15631,76,12,91851.66,2,5,5,12
15632,60,9,36012.12,3,4,3,10
15633,3,14,52821.78,5,5,4,14
15634,88,4,15240.05,2,1,1,4
15635,131,7,25174.879999999997,1,3,1,5
15636,60,5,16015.73,3,1,1,5
15637,41,12,52165.92,3,5,4,12
15638,20,9,48999.759999999995,4,4,4,12
15639,44,8,43261.92,3,3,3,9
15640,48,8,41394.29,3,3,3,9
15641,34,11,58775.98,4,5,5,14
15642,205,4,18819.04,1,1,1,3
15643,110,9,53116.47,1,4,4,9
15644,6,6,29423.879999999997,5,2,2,9
15645,13,12,48885.45,5,5,4,14
15646,210,4,22847.54,1,1,1,3
15647,223,7,26718.02,1,3,2,6
15648,29,5,13092.560000000001,4,1,1,6
15649,21,5,30626.99,4,1,2,7
15650,2,10,38803.39,5,4,3,12
15651,67,8,40682.47,2,3,3,8
15652,14,9,37804.95,5,4,3,12
15653,48,15,92665.32,3,5,5,13
15654,71,11,57783.41,2,5,5,12
15655,86,4,16754.47,2,1,1,4
15656,22,11,70162.85,4,5,5,14
15657,113,4,8028.68,1,1,1,3
15658,33,7,18741.71,4,3,1,8
15659,18,14,60797.83,4,5,5,14
15660,61,4,25221.75,3,1,2,6
15661,20,10,28478.379999999997,4,4,2,10
15662,29,8,58713.92,4,3,5,12
15663,47,9,53620.06,3,4,4,11
15664,34,8,44120.03,4,3,3,10
15665,6,8,43771.0,5,3,3,11
15666,12,10,72765.16,5,4,5,14
15667,9,7,22179.6,5,3,1,9
15668,45,6,36370.81,3,2,3,8
15669,32,7,32747.88,4,3,2,9
15670,62,7,48840.86,2,3,4,9
15671,34,9,23245.670000000002,4,4,1,9
15672,78,3,29120.53,2,1,2,5
15673,52,10,56623.49,3,4,4,11
15674,51,3,11636.98,3,1,1,5
15675,64,9,63024.74,2,4,5,11
15676,1,6,32617.550000000003,5,2,2,9
15677,60,6,29332.84,3,2,2,7
15678,82,9,33423.14,2,4,2,8
15679,57,12,53545.020000000004,3,5,4,12
15680,104,10,56885.97,2,4,4,10
15681,7,11,43427.99,5,5,3,13
15682,69,6,20640.64,2,2,1,5
15683,114,6,20314.190000000002,1,2,1,4
15684,45,10,39908.630000000005,3,4,3,10
15685,11,9,48367.9,5,4,4,13
15686,6,10,46215.46,5,4,4,13
15687,62,7,34286.56,2,3,2,7
15688,157,6,50840.72,1,2,4,7
15689,141,3,18696.57,1,1,1,3
15690,179,8,41871.68,1,3,3,7
15691,44,8,38708.31,3,3,3,9
15692,12,8,45180.97,5,3,4,12
15693,30,6,35577.59,4,2,3,9
15694,31,7,43262.31,4,3,3,10
15695,168,8,35252.25,1,3,3,7
15696,46,7,49286.7,3,3,4,10
15697,226,5,22079.78,1,1,1,3
15698,94,9,62338.24,2,4,5,11
15699,180,10,60996.26,1,4,5,10
15700,52,7,38192.75,3,3,3,9
15701,27,10,47028.66,4,4,4,12
15702,124,7,46998.86,1,3,4,8
15703,34,10,47025.15,4,4,4,12
15704,13,9,44693.72,5,4,4,13
15705,143,6,13077.51,1,2,1,4
15706,57,10,32657.72,3,4,2,9
15707,144,8,26678.54,1,3,2,6
15708,117,10,39929.25,1,4,3,8
15709,32,5,24606.2,4,1,1,6
15710,110,16,73503.15,1,5,5,11
15711,11,13,84788.93,5,5,5,15
15712,3,7,32775.770000000004,5,3,2,10
15713,73,6,23435.75,2,2,1,5
15714,60,7,20340.3,3,3,1,7
15715,71,9,60524.0,2,4,5,11
15716,33,6,19234.36,4,2,1,7
15717,58,10,48207.65,3,4,4,11
15718,59,3,8434.93,3,1,1,5
15719,59,9,35517.130000000005,3,4,3,10
15720,62,11,47050.6,2,5,4,11
15721,51,8,66623.56,3,3,5,11
15722,11,6,46358.28,5,2,4,11
15723,132,5,27991.16,1,1,2,4
15724,96,11,75567.75,2,5,5,12
15725,1,10,57327.090000000004,5,4,5,14
15726,91,7,41713.1,2,3,3,8
15727,3,6,17197.26,5,2,1,8
15728,2,4,31376.94,5,1,2,8
15729,8,12,73539.35,5,5,5,15
15730,28,10,40857.9,4,4,3,11
15731,152,4,6442.0,1,1,1,3
15732,28,8,24376.83,4,3,1,8
15733,29,11,66757.66,4,5,5,14
15734,10,11,46088.060000000005,5,5,4,14
15735,19,10,57016.14,4,4,5,13
15736,84,8,52871.81,2,3,4,9
15737,46,10,55995.55,3,4,4,11
15738,88,12,58054.5,2,5,5,12
15739,41,11,33882.0,3,5,2,10
15740,21,9,72827.83,4,4,5,13
15741,36,7,32020.91,3,3,2,8
15742,115,5,29371.04,1,1,2,4
15743,93,4,29250.36,2,1,2,5
15744,71,9,55343.53,2,4,4,10
15745,180,5,20704.57,1,1,1,3
15746,10,6,35471.61,5,2,3,10
15747,45,9,51548.21,3,4,4,11
15748,23,3,15366.16,4,1,1,6
15749,113,9,21624.850000000002,1,4,1,6
15750,67,9,42489.6,2,4,3,9
15751,45,13,51982.98,3,5,4,12
15752,3,8,22403.47,5,3,1,9
15753,2,9,34291.82,5,4,2,11
15754,77,10,39394.28,2,4,3,9
15755,57,5,24310.32,3,1,1,5
15756,14,4,15700.53,5,1,1,7
15757,146,11,57589.69,1,5,5,11
15758,38,13,74896.65,3,5,5,13
15759,91,12,58692.71,2,5,5,12
15760,78,9,49619.090000000004,2,4,4,10
15761,11,4,15738.32,5,1,1,7
15762,14,7,26615.54,5,3,2,10
15763,107,9,87786.43,2,4,5,11
15764,50,8,34758.64,3,3,2,8
15765,65,9,42162.759999999995,2,4,3,9
15766,93,9,44162.17,2,4,3,9
15767,46,17,93795.38,3,5,5,13
15768,10,5,23158.81,5,1,1,7
15769,201,8,28277.920000000002,1,3,2,6
15770,85,8,49049.740000000005,2,3,4,9
15771,1,6,33056.56,5,2,2,9
15772,28,12,41846.2,4,5,3,12
15773,30,9,48754.39,4,4,4,12
15774,73,5,27072.739999999998,2,1,2,5
15775,254,4,34790.18,1,1,2,4
15776,16,8,25253.77,4,3,2,9
15777,77,6,33611.13,2,2,2,6
15778,202,7,49145.27,1,3,4,8
15779,165,6,20712.73,1,2,1,4
15780,2,8,57745.630000000005,5,3,5,13
15781,58,4,16430.899999999998,3,1,1,5
15782,22,5,27224.4,4,1,2,7
15783,67,8,47759.18,2,3,4,9
15784,3,9,28907.01,5,4,2,11
15785,13,13,89461.55,5,5,5,15
15786,55,14,71298.4,3,5,5,13
15787,2,13,84117.97,5,5,5,15
15788,197,4,30943.010000000002,1,1,2,4
15789,22,5,24019.29,4,1,1,6
15790,122,6,33567.74,1,2,2,5
15791,23,4,18287.32,4,1,1,6
15792,58,7,29351.550000000003,3,3,2,8
15793,123,7,35408.63,1,3,3,7
15794,29,7,37343.55,4,3,3,10
15795,54,3,16002.49,3,1,1,5
15796,109,8,48421.18,2,3,4,9
15797,83,7,52864.0,2,3,4,9
15798,179,7,15796.87,1,3,1,5
15799,3,11,60458.34,5,5,5,15
15800,41,12,72199.62,3,5,5,13
15801,50,12,68138.83,3,5,5,13
15802,115,10,64607.2,1,4,5,10
15803,29,9,65209.44,4,4,5,13
15804,193,9,48302.73,1,4,4,9
15805,31,10,41631.58,4,4,3,11
15806,66,8,34848.9,2,3,2,7
15807,1,10,40445.19,5,4,3,12
15808,18,11,55672.6,4,5,4,13
15809,106,6,30957.77,2,2,2,6
15810,22,8,81479.97,4,3,5,12
15811,201,6,43195.14,1,2,3,6
15812,128,3,7948.370000000001,1,1,1,3
15813,37,4,16197.48,3,1,1,5
15814,97,9,85468.19,2,4,5,11
15815,18,11,32481.91,4,5,2,11
15816,43,10,52365.26,3,4,4,11
15817,44,7,36053.78,3,3,3,9
15818,87,7,41659.549999999996,2,3,3,8
15819,4,9,56965.3,5,4,4,13
15820,139,5,42245.97,1,1,3,5
15821,3,13,80692.43,5,5,5,15
15822,86,7,48067.34,2,3,4,9
15823,69,14,62225.61,2,5,5,12
15824,36,10,50015.53,3,4,4,11
15825,196,7,24309.96,1,3,1,5
15826,89,5,19340.3,2,1,1,4
15827,16,8,41569.83,4,3,3,10
15828,4,7,44230.96,5,3,3,11
15829,31,6,36261.4,4,2,3,9
15830,74,11,51543.57,2,5,4,11
15831,3,8,30362.64,5,3,2,10
15832,73,8,59210.84,2,3,5,10
15833,59,5,19216.05,3,1,1,5
15834,43,10,45589.31,3,4,4,11
15835,85,6,27302.7,2,2,2,6
15836,141,8,42015.5,1,3,3,7
15837,23,7,37570.19,4,3,3,10
15838,3,8,43143.7,5,3,3,11
15839,19,7,30787.98,4,3,2,9
15840,22,8,44966.85,4,3,4,11
15841,85,9,71264.68,2,4,5,11
15842,22,8,49953.31,4,3,4,11
15843,62,9,37890.09,2,4,3,9
15844,112,8,29984.12,1,3,2,6
15845,4,14,87719.96,5,5,5,15
15846,74,11,67047.23,2,5,5,12
15847,64,13,71499.51,2,5,5,12
15848,70,11,83360.20999999999,2,5,5,12
15849,1,8,21934.39,5,3,1,9
15850,45,11,67118.44,3,5,5,13
15851,216,4,18329.63,1,1,1,3
15852,4,5,31535.92,5,1,2,8
15853,295,7,47758.42,1,3,4,8
15854,28,12,29351.92,4,5,2,11
15855,303,4,35117.520000000004,1,1,3,5
15856,9,12,40877.31,5,5,3,13
15857,58,8,49832.42,3,3,4,10
15858,57,8,35586.49,3,3,3,9
15859,28,5,31060.41,4,1,2,7
15860,120,9,46767.53,1,4,4,9
15861,38,5,10539.75,3,1,1,5
15862,53,4,33533.03,3,1,2,6
15863,98,7,28692.199999999997,2,3,2,7
15864,4,5,49661.69,5,1,4,10
15865,10,11,76833.39,5,5,5,15
15866,169,5,19731.65,1,1,1,3
15867,36,8,51557.5,3,3,4,10
15868,182,3,22467.23,1,1,1,3
15869,283,4,9541.83,1,1,1,3
15870,187,6,27817.49,1,2,2,5
15871,4,12,60176.58,5,5,5,15
15872,101,6,15261.79,2,2,1,5
15873,7,7,29128.86,5,3,2,10
15874,56,7,24027.85,3,3,1,7
15875,20,11,54427.08,4,5,4,13
15876,14,10,74483.77,5,4,5,14
15877,47,8,30449.78,3,3,2,8
15878,87,11,67900.12,2,5,5,12
15879,75,9,42818.38,2,4,3,9
15880,25,9,42731.03,4,4,3,11
15881,27,8,45021.79,4,3,4,11
15882,39,10,60622.67,3,4,5,12
15883,65,12,70216.64,2,5,5,12
15884,31,10,45974.74,4,4,4,12
15885,17,7,25022.33,4,3,1,8
15886,93,4,23759.67,2,1,1,4
15887,19,10,54162.71,4,4,4,12
15888,67,8,38404.97,2,3,3,8
15889,62,14,67573.89,2,5,5,12
15890,14,5,24735.98,5,1,1,7
15891,32,20,110008.6,4,5,5,14
15892,166,8,63552.74,1,3,5,9
15893,182,9,45566.95,1,4,4,9
15894,75,6,33930.26,2,2,2,6
15895,128,10,65024.4,1,4,5,10
15896,59,7,34185.72,3,3,2,8
15897,33,9,38815.67,4,4,3,11
15898,116,5,15664.65,1,1,1,3
15899,9,5,30159.870000000003,5,1,2,8
15900,18,12,79154.97,4,5,5,14
15901,94,5,31371.71,2,1,2,5
15902,15,12,63323.94,5,5,5,15
15903,16,13,70353.28,4,5,5,14
15904,158,6,20194.41,1,2,1,4
15905,294,1,7308.86,1,1,1,3
15906,187,8,46008.46,1,3,4,8
15907,71,13,40337.63,2,5,3,10
15908,106,6,29346.07,2,2,2,6
15909,43,4,38915.42,3,1,3,7
15910,58,9,37838.11,3,4,3,10
15911,227,4,31441.699999999997,1,1,2,4
15912,19,9,47653.61,4,4,4,12
15913,19,8,40348.37,4,3,3,10
15914,10,8,51583.590000000004,5,3,4,12
15915,197,5,17316.25,1,1,1,3
15916,10,11,34154.65,5,5,2,12
15917,54,12,84679.78,3,5,5,13
15918,50,7,33396.74,3,3,2,8
15919,74,8,31896.23,2,3,2,7
15920,16,9,53865.62,4,4,4,12
15921,38,10,57022.26,3,4,5,12
15922,13,9,34965.54,5,4,3,12
15923,91,12,81536.79000000001,2,5,5,12
15924,53,8,37004.1,3,3,3,9
15925,57,16,114418.35,3,5,5,13
15926,52,8,43057.78,3,3,3,9
15927,45,9,64255.84,3,4,5,12
15928,6,3,8916.54,5,1,1,7
15929,88,10,46166.03,2,4,4,10
15930,37,9,39435.96,3,4,3,10
15931,30,13,79344.97,4,5,5,14
15932,30,10,42975.54,4,4,3,11
15933,52,11,70621.01999999999,3,5,5,13
15934,19,8,40048.55,4,3,3,10
15935,111,11,57273.28,1,5,5,11
15936,98,4,28439.84,2,1,2,5
15937,86,8,22052.47,2,3,1,6
15938,26,9,59203.33,4,4,5,13
15939,67,6,25912.97,2,2,2,6
15940,25,8,46067.11,4,3,4,11
15941,51,10,31624.98,3,4,2,9
15942,9,12,61125.590000000004,5,5,5,15
15943,9,9,46958.479999999996,5,4,4,13
15944,89,4,11841.119999999999,2,1,1,4
15945,128,12,57831.46,1,5,5,11
15946,12,11,72959.86,5,5,5,15
15947,10,8,26312.1,5,3,2,10
15948,5,4,21041.690000000002,5,1,1,7
15949,21,14,64703.42,4,5,5,14
15950,86,11,85853.35,2,5,5,12
15951,79,8,53148.31,2,3,4,9
15952,53,7,66956.54,3,3,5,11
15953,48,7,12831.529999999999,3,3,1,7
15954,8,10,53649.92,5,4,4,13
15955,41,7,37127.09,3,3,3,9
15956,46,9,44561.89,3,4,4,11
15957,102,7,20781.309999999998,2,3,1,6
15958,70,10,49067.9,2,4,4,10
15959,74,6,28611.9,2,2,2,6
15960,53,6,22406.789999999997,3,2,1,6
15961,104,6,40510.63,2,2,3,7
15962,16,11,64109.74,4,5,5,14
15963,34,11,67152.5,4,5,5,14
15964,190,3,6369.73,1,1,1,3
15965,8,8,51788.08,5,3,4,12
15966,27,17,113574.06,4,5,5,14
15967,97,5,39618.649999999994,2,1,3,6
15968,15,6,31908.65,5,2,2,9
15969,153,10,52103.51,1,4,4,9
15970,60,8,32783.7,3,3,2,8
15971,107,13,55527.69,2,5,4,11
15972,41,12,47020.53,3,5,4,12
15973,104,8,15344.509999999998,2,3,1,6
15974,60,7,55103.49,3,3,4,10
15975,7,9,45357.35,5,4,4,13
15976,25,8,39091.83,4,3,3,10
15977,6,13,46612.58,5,5,4,14
15978,8,9,35108.69,5,4,3,12
15979,1,12,62479.54,5,5,5,15
15980,8,12,43087.55,5,5,3,13
15981,71,7,47844.33,2,3,4,9
15982,47,10,68766.09,3,4,5,12
15983,37,10,75288.57,3,4,5,12
15984,65,5,39972.03,2,1,3,6
15985,40,11,44688.32,3,5,4,12
15986,163,5,23175.48,1,1,1,3
15987,19,11,55701.75,4,5,4,13
15988,90,7,51453.29,2,3,4,9
15989,2,10,55025.0,5,4,4,13
15990,5,7,38095.44,5,3,3,11
15991,7,11,47113.58,5,5,4,14
15992,15,6,36963.979999999996,5,2,3,10
15993,86,11,57003.06,2,5,5,12
15994,31,8,51094.229999999996,4,3,4,11
15995,19,11,85909.86,4,5,5,14
15996,225,6,30877.370000000003,1,2,2,5
15997,34,13,57766.79,4,5,5,14
15998,16,11,73911.24,4,5,5,14
15999,9,9,37420.600000000006,5,4,3,12
16000,96,6,25851.920000000002,2,2,2,6
16001,23,9,28507.66,4,4,2,10
16002,115,12,66794.58,1,5,5,11
16003,14,9,41194.22,5,4,3,12
16004,2,11,39823.68,5,5,3,13
16005,20,18,120006.73,4,5,5,14
16006,83,10,41534.9,2,4,3,9
16007,203,9,41059.71,1,4,3,8
16008,39,14,76922.99,3,5,5,13
16009,133,9,43377.54,1,4,3,8
16010,58,10,52314.69,3,4,4,11
16011,75,12,72394.09,2,5,5,12
16012,10,12,40679.369999999995,5,5,3,13
16013,6,14,51629.55,5,5,4,14
16014,237,8,18728.63,1,3,1,5
16015,43,9,42614.41,3,4,3,10
16016,375,4,24897.010000000002,1,1,1,3
16017,176,5,43482.32,1,1,3,5
16018,165,16,90168.45,1,5,5,11
16019,9,17,93910.14,5,5,5,15
16020,221,6,22105.440000000002,1,2,1,4
16021,33,4,18488.53,4,1,1,6
16022,68,7,48770.95,2,3,4,9
16023,155,9,54448.36,1,4,4,9
16024,63,6,19590.22,2,2,1,5
16025,65,6,30631.25,2,2,2,6
16026,44,4,20696.489999999998,3,1,1,5
16027,58,12,40267.05,3,5,3,11
16028,56,9,70708.16,3,4,5,12
16029,183,2,18630.42,1,1,1,3
16030,2,15,83078.78,5,5,5,15
16031,6,13,102460.47,5,5,5,15
16032,100,11,50641.51,2,5,4,11
16033,15,8,48957.93,5,3,4,12
16034,31,14,65505.46,4,5,5,14
16035,32,7,47316.01,4,3,4,11
16036,11,5,27708.699999999997,5,1,2,8
16037,53,10,53848.75,3,4,4,11
16038,39,3,14445.86,3,1,1,5
16039,249,10,58876.94,1,4,5,10
16040,98,7,41215.270000000004,2,3,3,8
16041,8,7,26829.780000000002,5,3,2,10
16042,9,8,53685.3,5,3,4,12
16043,4,13,47602.3,5,5,4,14
16044,274,6,24161.739999999998,1,2,1,4
16045,82,6,21917.59,2,2,1,5
16046,48,7,36568.66,3,3,3,9
16047,210,5,26423.25,1,1,2,4
16048,177,7,26385.43,1,3,2,6
16049,39,6,22365.75,3,2,1,6
16050,12,7,23138.77,5,3,1,9
16051,48,10,59386.25,3,4,5,12
16052,1,6,34669.869999999995,5,2,2,9
16053,67,7,51881.35,2,3,4,9
16054,1,10,53424.64,5,4,4,13
16055,6,8,41753.31,5,3,3,11
16056,100,11,70591.25,2,5,5,12
16057,78,9,49887.84,2,4,4,10
16058,24,7,37232.020000000004,4,3,3,10
16059,56,5,30588.33,3,1,2,6
16060,55,9,48361.05,3,4,4,11
16061,71,11,81639.7,2,5,5,12
16062,32,8,35459.14,4,3,3,10
16063,22,11,65903.56999999999,4,5,5,14
16064,66,5,34904.81,2,1,3,6
16065,12,7,26679.53,5,3,2,10
16066,78,6,40286.36,2,2,3,7
16067,11,5,11484.400000000001,5,1,1,7
16068,72,6,35600.15,2,2,3,7
16069,26,10,67575.56999999999,4,4,5,13
16070,215,6,50868.37,1,2,4,7
16071,82,6,15400.3,2,2,1,5
16072,17,15,97208.73000000001,4,5,5,14
16073,91,10,35562.71,2,4,3,9
16074,2,8,66505.53,5,3,5,13
16075,50,5,21101.0,3,1,1,5
16076,94,14,48995.53,2,5,4,11
16077,67,6,41476.74,2,2,3,7
16078,1,10,28994.78,5,4,2,11
16079,189,5,24028.809999999998,1,1,1,3
16080,144,4,31722.61,1,1,2,4
16081,255,5,16949.04,1,1,1,3
16082,9,12,75090.42,5,5,5,15
16083,13,9,36798.68,5,4,3,12
16084,30,11,42899.3,4,5,3,12
16085,81,6,31799.5,2,2,2,6
16086,97,3,13133.86,2,1,1,4
16087,44,12,55944.26,3,5,4,12
16088,27,5,2560.05,4,1,1,6
16089,72,6,26516.92,2,2,2,6
16090,92,3,15205.099999999999,2,1,1,4
16091,113,7,45567.08,1,3,4,8
16092,88,6,25300.17,2,2,2,6
16093,21,12,84244.62,4,5,5,14
16094,27,6,32734.45,4,2,2,8
16095,77,10,50094.78,2,4,4,10
16096,96,12,35644.33,2,5,3,10
16097,112,7,51725.020000000004,1,3,4,8
16098,74,8,42917.01,2,3,3,8
16099,402,6,29670.95,1,2,2,5
16100,36,13,72116.91,3,5,5,13
16101,17,8,37649.89,4,3,3,10
16102,33,10,46426.58,4,4,4,12
16103,105,10,35865.49,2,4,3,9
16104,2,9,32902.67,5,4,2,11
16105,15,8,42125.0,5,3,3,11
16106,26,5,20603.260000000002,4,1,1,6
16107,33,10,45381.94,4,4,4,12
16108,133,9,58857.99,1,4,5,10
16109,17,7,51936.49,4,3,4,11
16110,49,12,54149.46,3,5,4,12
16111,161,12,92717.98,1,5,5,11
16112,100,8,26538.34,2,3,2,7
16113,16,6,26005.190000000002,4,2,2,8
16114,236,4,9031.22,1,1,1,3
16115,128,4,20066.76,1,1,1,3
16116,117,3,22977.690000000002,1,1,1,3
16117,62,9,55903.409999999996,2,4,4,10
16118,5,8,50415.9,5,3,4,12
16119,4,5,46390.72,5,1,4,10
16120,9,10,40575.8,5,4,3,12
16121,99,3,10539.06,2,1,1,4
16122,33,6,52967.47,4,2,4,10
16123,27,10,57659.84,4,4,5,13
16124,10,6,39462.92,5,2,3,10
16125,166,7,38030.79,1,3,3,7
16126,70,5,11220.550000000001,2,1,1,4
16127,12,8,30777.579999999998,5,3,2,10
16128,2,9,48158.53,5,4,4,13
16129,268,5,6521.79,1,1,1,3
16130,107,5,18799.61,2,1,1,4
16131,247,6,47826.95,1,2,4,7
16132,42,6,28989.28,3,2,2,7
16133,77,15,65442.44,2,5,5,12
16134,30,8,63507.02,4,3,5,12
16135,5,10,39451.33,5,4,3,12
16136,279,5,18958.56,1,1,1,3
16137,28,6,27971.949999999997,4,2,2,8
16138,30,10,68104.89,4,4,5,13
16139,24,5,25683.12,4,1,2,7
16140,20,10,64059.61,4,4,5,13
16141,68,7,45226.81,2,3,4,9
16142,52,10,58834.11,3,4,5,12
16143,10,4,21986.05,5,1,1,7
16144,76,11,61678.85,2,5,5,12
16145,137,7,29808.85,1,3,2,6
16146,14,8,31529.739999999998,5,3,2,10
16147,28,10,40569.81,4,4,3,11
16148,30,8,31484.97,4,3,2,9
16149,77,7,36673.450000000004,2,3,3,8
16150,28,9,26621.15,4,4,2,10
16151,189,5,35397.4,1,1,3,5
16152,20,12,61736.31,4,5,5,14
16153,24,7,41188.34,4,3,3,10
16154,7,14,64871.49,5,5,5,15
16155,45,10,59656.91,3,4,5,12
16156,47,14,52677.39,3,5,4,12
16157,113,3,28365.39,1,1,2,4
16158,6,11,56084.36,5,5,4,14
16159,92,9,38437.8,2,4,3,9
16160,51,8,17053.44,3,3,1,7
16161,50,11,61112.66,3,5,5,13
16162,7,15,92078.54000000001,5,5,5,15
16163,83,6,23592.5,2,2,1,5
16164,52,5,35738.96,3,1,3,7
16165,138,3,26832.329999999998,1,1,2,4
16166,28,14,100637.59,4,5,5,14
16167,68,6,25390.69,2,2,2,6
16168,6,6,19045.8,5,2,1,8
16169,29,10,33006.04,4,4,2,10
16170,1,10,34730.97,5,4,2,11
16171,54,9,67724.6,3,4,5,12
16172,77,6,24509.94,2,2,1,5
16173,30,13,45769.46,4,5,4,13
16174,20,6,25539.989999999998,4,2,2,8
16175,27,6,22500.28,4,2,1,7
16176,73,6,33047.69,2,2,2,6
16177,7,8,29559.61,5,3,2,10
16178,91,5,20321.300000000003,2,1,1,4
16179,23,7,33010.73,4,3,2,9
16180,8,4,15354.38,5,1,1,7
16181,21,9,53366.56,4,4,4,12
16182,206,5,36835.55,1,1,3,5
16183,22,5,24951.06,4,1,1,6
16184,161,8,65904.81,1,3,5,9
16185,164,8,40408.6,1,3,3,7
16186,261,1,15924.96,1,1,1,3
16187,145,7,40089.64,1,3,3,7
16188,30,9,64985.47,4,4,5,13
16189,64,12,55219.979999999996,2,5,4,11
16190,17,10,44184.89,4,4,3,11
16191,62,10,64273.21,2,4,5,11
16192,5,8,54328.23,5,3,4,12
16193,84,9,31023.41,2,4,2,8
16194,11,9,49196.950000000004,5,4,4,13
16195,12,5,21762.61,5,1,1,7
16196,18,13,32088.03,4,5,2,11
16197,144,5,22555.02,1,1,1,3
16198,75,10,62418.4,2,4,5,11
16199,31,11,58147.03,4,5,5,14
16200,36,4,27708.97,3,1,2,6
16201,158,4,11731.220000000001,1,1,1,3
16202,33,9,44804.85,4,4,4,12
16203,17,10,50579.04,4,4,4,12
16204,38,8,40965.4,3,3,3,9
16205,42,8,33183.64,3,3,2,8
16206,17,6,27205.18,4,2,2,8
16207,35,8,40284.76,3,3,3,9
16208,80,6,32658.72,2,2,2,6
16209,27,7,28813.350000000002,4,3,2,9
16210,8,8,30741.559999999998,5,3,2,10
16211,32,7,23910.5,4,3,1,8
16212,97,6,19957.54,2,2,1,5
16213,8,9,33560.5,5,4,2,11
16214,103,5,29460.54,2,1,2,5
16215,142,9,55210.85,1,4,4,9
16216,37,3,20363.53,3,1,1,5
16217,160,6,22802.210000000003,1,2,1,4
16218,42,7,53622.58,3,3,4,10
16219,52,9,40430.93,3,4,3,10
16220,20,8,20863.86,4,3,1,8
16221,24,12,61689.340000000004,4,5,5,14
16222,99,11,34278.53,2,5,2,9
16223,9,12,72253.41,5,5,5,15
16224,16,9,26020.32,4,4,2,10
16225,10,8,30218.51,5,3,2,10
16226,29,12,61257.45,4,5,5,14
16227,130,4,22528.460000000003,1,1,1,3
16228,2,6,59082.68,5,2,5,12
16229,4,10,56867.34,5,4,4,13
16230,23,8,23532.89,4,3,1,8
16231,1,10,37789.42,5,4,3,12
16232,72,7,36807.649999999994,2,3,3,8
16233,72,11,62846.92,2,5,5,12
16234,5,7,43353.78999999999,5,3,3,11
16235,109,9,51541.43,2,4,4,10
16236,134,9,37738.49,1,4,3,8
16237,84,9,44946.95,2,4,4,10
16238,57,6,30757.539999999997,3,2,2,7
16239,71,5,37370.44,2,1,3,6
16240,13,8,36337.67,5,3,3,11
16241,59,6,21382.94,3,2,1,6
16242,138,10,48237.95,1,4,4,9
16243,39,8,31409.91,3,3,2,8
16244,18,12,67483.98,4,5,5,14
16245,14,10,57371.46,5,4,5,14
16246,103,7,50907.06,2,3,4,9
16247,31,4,10089.49,4,1,1,6
16248,113,2,11626.48,1,1,1,3
16249,138,6,37265.5,1,2,3,6
16250,44,10,29876.28,3,4,2,9
16251,108,8,48834.17,2,3,4,9
16252,60,10,44481.9,3,4,3,10
16253,62,9,20292.18,2,4,1,7
16254,7,5,39435.09,5,1,3,9
16255,17,7,36040.86,4,3,3,10
16256,110,10,58167.29,1,4,5,10
16257,26,6,24095.83,4,2,1,7
16258,60,5,27289.38,3,1,2,6
16259,7,10,43673.03,5,4,3,12
16260,21,6,50517.08,4,2,4,10
16261,46,9,57641.36,3,4,5,12
16262,43,11,55061.740000000005,3,5,4,12
16263,33,7,55299.04,4,3,4,11
16264,143,9,47076.41,1,4,4,9
16265,13,11,64427.28,5,5,5,15
16266,116,5,41004.869999999995,1,1,3,5
16267,18,8,24564.89,4,3,1,8
16268,56,6,46379.46,3,2,4,9
16269,15,12,33163.26,5,5,2,12
16270,50,6,20830.29,3,2,1,6
16271,51,9,34834.090000000004,3,4,2,9
16272,134,7,51473.68,1,3,4,8
16273,11,6,47903.05,5,2,4,11
16274,212,9,42627.3,1,4,3,8
16275,112,11,52769.020000000004,1,5,4,10
16276,61,4,19328.54,3,1,1,5
16277,50,6,30523.07,3,2,2,7
16278,205,4,30454.43,1,1,2,4
16279,135,8,33322.24,1,3,2,6
16280,7,10,42101.54,5,4,3,12
16281,73,10,62157.89,2,4,5,11
16282,88,7,30161.21,2,3,2,7
16283,15,11,58221.4,5,5,5,15
16284,166,6,41906.63,1,2,3,6
16285,203,4,29443.98,1,1,2,4
16286,3,12,89993.88,5,5,5,15
16287,15,11,63268.53,5,5,5,15
16288,42,8,36389.64,3,3,3,9
16289,5,8,24549.25,5,3,1,9
16290,39,7,31270.3,3,3,2,8
16291,84,14,53286.26,2,5,4,11
16292,162,6,22137.32,1,2,1,4
16293,116,8,35386.850000000006,1,3,3,7
16294,24,13,72892.65,4,5,5,14
16295,66,9,56904.909999999996,2,4,4,10
16296,238,9,53635.55,1,4,4,9
16297,11,6,15427.289999999999,5,2,1,8
16298,36,9,63969.909999999996,3,4,5,12
16299,74,8,30773.23,2,3,2,7
16300,18,11,52627.83,4,5,4,13
16301,33,6,36262.98,4,2,3,9
16302,171,7,36117.29,1,3,3,7
16303,96,7,35670.37,2,3,3,8
16304,9,2,16919.75,5,1,1,7
16305,12,7,18039.77,5,3,1,9
16306,40,3,13600.68,3,1,1,5
16307,8,4,21068.09,5,1,1,7
16308,76,11,55454.63,2,5,4,11
16309,13,14,66202.35,5,5,5,15
16310,105,6,20386.03,2,2,1,5
16311,76,11,26964.81,2,5,2,9
16312,23,9,37222.93,4,4,3,11
16313,5,12,81720.73,5,5,5,15
16314,63,13,67796.46,2,5,5,12
16315,34,9,53007.19,4,4,4,12
16316,45,10,61862.94,3,4,5,12
16317,98,4,15070.63,2,1,1,4
16318,70,10,63817.47,2,4,5,11
16319,42,5,15527.44,3,1,1,5
16320,82,14,119045.99,2,5,5,12
16321,18,16,73842.43,4,5,5,14
16322,35,13,67518.44,3,5,5,13
16323,40,13,67426.11,3,5,5,13
16324,42,7,47227.87,3,3,4,10
16325,38,11,66851.33,3,5,5,13
16326,114,7,47364.04,1,3,4,8
16327,34,16,120118.54,4,5,5,14
16328,42,13,60327.369999999995,3,5,5,13
16329,13,13,60535.25,5,5,5,15
16330,8,9,56899.83,5,4,4,13
16331,4,4,27374.66,5,1,2,8
16332,54,7,25181.829999999998,3,3,1,7
16333,115,9,58778.43,1,4,5,10
16334,29,4,33830.89,4,1,2,7
16335,104,5,31919.68,2,1,2,5
16336,70,12,60701.49,2,5,5,12
16337,7,7,35705.07,5,3,3,11
16338,6,12,60280.09,5,5,5,15
16339,57,9,38391.13,3,4,3,10
16340,113,7,28922.52,1,3,2,6
16341,20,10,43337.48,4,4,3,11
16342,230,5,32544.989999999998,1,1,2,4
16343,29,7,24194.0,4,3,1,8
16344,176,6,33738.19,1,2,2,5
16345,211,3,5944.42,1,1,1,3
16346,34,18,76691.34,4,5,5,14
16347,15,8,26322.43,5,3,2,10
16348,115,6,32123.05,1,2,2,5
16349,23,9,48506.93,4,4,4,12
16350,55,8,36464.41,3,3,3,9
16351,6,11,55650.57,5,5,4,14
16352,8,5,17931.22,5,1,1,7
16353,33,10,36380.520000000004,4,4,3,11
16354,10,10,45877.73,5,4,4,13
16355,123,7,45806.96,1,3,4,8
16356,99,7,32203.85,2,3,2,7
16357,91,10,45017.22,2,4,4,10
16358,5,9,48892.15,5,4,4,13
16359,75,11,60929.21,2,5,5,12
16360,167,10,27028.68,1,4,2,7
16361,50,5,25401.89,3,1,2,6
16362,5,13,63770.14,5,5,5,15
16363,59,11,36958.46,3,5,3,11
16364,6,6,34474.72,5,2,2,9
16365,6,12,82555.07,5,5,5,15
16366,15,11,53414.3,5,5,4,14
16367,24,10,27198.04,4,4,2,10
16368,81,13,62160.54,2,5,5,12
16369,19,9,52590.479999999996,4,4,4,12
16370,52,10,51406.16,3,4,4,11
16371,56,11,62924.29,3,5,5,13
16372,13,10,79840.07,5,4,5,14
16373,72,13,73605.69,2,5,5,12
16374,143,8,26355.16,1,3,2,6
16375,53,11,62572.5,3,5,5,13
16376,27,9,41759.11,4,4,3,11
16377,14,9,56703.11,5,4,4,13
16378,18,9,39845.23,4,4,3,11
16379,23,9,31945.64,4,4,2,10
16380,32,7,32476.269999999997,4,3,2,9
16381,21,6,33139.89,4,2,2,8
16382,14,10,58850.45,5,4,5,14
16383,78,9,46356.05,2,4,4,10
16384,39,7,19347.600000000002,3,3,1,7
16385,29,4,13663.14,4,1,1,6
16386,6,12,63521.24,5,5,5,15
16387,41,11,66405.65,3,5,5,13
16388,54,6,28521.44,3,2,2,7
16389,49,6,37524.36,3,2,3,8
16390,23,7,49507.81,4,3,4,11
16391,283,6,38531.15,1,2,3,6
16392,114,3,10682.92,1,1,1,3
16393,61,8,38618.05,3,3,3,9
16394,77,11,65607.86,2,5,5,12
16395,111,7,29561.77,1,3,2,6
16396,59,6,28808.77,3,2,2,7
16397,106,9,36130.36,2,4,3,9
16398,245,3,8428.03,1,1,1,3
16399,138,9,46070.729999999996,1,4,4,9
16400,34,6,41508.44,4,2,3,9
16401,10,8,58880.97,5,3,5,13
16402,62,8,54877.21,2,3,4,9
16403,75,9,24904.719999999998,2,4,1,7
16404,82,10,38197.94,2,4,3,9
16405,45,5,26537.13,3,1,2,6
16406,99,7,31915.82,2,3,2,7
16407,7,5,38295.35,5,1,3,9
16408,21,7,48483.84,4,3,4,11
16409,150,7,44618.46,1,3,4,8
16410,29,9,46609.59,4,4,4,12
16411,21,10,32880.07,4,4,2,10
16412,28,12,58693.57000000001,4,5,5,14
16413,229,6,49546.6,1,2,4,7
16414,160,6,28687.84,1,2,2,5
16415,51,10,41423.88,3,4,3,10
16416,100,12,36618.29,2,5,3,10
16417,184,3,18512.800000000003,1,1,1,3
16418,46,13,44385.84,3,5,3,11
16419,11,11,64026.149999999994,5,5,5,15
16420,16,7,40102.76,4,3,3,10
16421,3,8,37651.229999999996,5,3,3,11
16422,33,9,46340.159999999996,4,4,4,12
16423,96,8,46474.380000000005,2,3,4,9
16424,84,6,58730.87,2,2,5,9
16425,1,11,54008.29,5,5,4,14
16426,104,4,6894.879999999999,2,1,1,4
16427,53,10,50347.47,3,4,4,11
16428,15,9,44250.55,5,4,3,12
16429,46,9,45237.85,3,4,4,11
16430,105,5,24504.96,2,1,1,4
16431,36,5,32202.61,3,1,2,6
16432,74,9,37340.44,2,4,3,9
16433,147,3,20246.54,1,1,1,3
16434,13,5,28729.96,5,1,2,8
16435,5,11,55801.33,5,5,4,14
16436,46,10,70558.76000000001,3,4,5,12
16437,5,15,70439.61,5,5,5,15
16438,70,3,19795.19,2,1,1,4
16439,23,8,34499.25,4,3,2,9
16440,120,6,28800.21,1,2,2,5
16441,65,10,70912.0,2,4,5,11
16442,1,16,101077.82,5,5,5,15
16443,179,4,25337.260000000002,1,1,2,4
16444,59,12,45616.630000000005,3,5,4,12
16445,145,5,15873.19,1,1,1,3
16446,65,6,27002.28,2,2,2,6
16447,88,7,46741.979999999996,2,3,4,9
16448,87,11,37603.1,2,5,3,10
16449,12,8,81926.95999999999,5,3,5,13
16450,140,10,79893.29,1,4,5,10
16451,213,6,30931.789999999997,1,2,2,5
16452,110,7,42256.97,1,3,3,7
16453,137,4,17480.760000000002,1,1,1,3
16454,6,8,45955.94,5,3,4,12
16455,27,10,64314.69,4,4,5,13
16456,41,10,50104.87,3,4,4,11
16457,38,8,39295.38,3,3,3,9
16458,103,3,26160.6,2,1,2,5
16459,19,6,48399.79,4,2,4,10
16460,3,6,17857.06,5,2,1,8
16461,21,11,67138.97,4,5,5,14
16462,18,7,32592.13,4,3,2,9
16463,38,6,29619.86,3,2,2,7
16464,129,8,27108.57,1,3,2,6
16465,44,7,47132.19,3,3,4,10
16466,17,10,41717.59,4,4,3,11
16467,57,10,51630.770000000004,3,4,4,11
16468,194,9,49968.09,1,4,4,9
16469,115,9,49106.07,1,4,4,9
16470,33,7,21483.31,4,3,1,8
16471,123,5,36078.53,1,1,3,5
16472,16,12,54841.71,4,5,4,13
16473,140,6,24655.06,1,2,1,4
16474,21,2,29557.379999999997,4,1,2,7
16475,185,9,56911.43,1,4,4,9
16476,75,12,56834.29,2,5,4,11
16477,57,10,49334.340000000004,3,4,4,11
16478,26,9,55525.67,4,4,4,12
16479,111,13,69247.38,1,5,5,11
16480,25,11,71904.97,4,5,5,14
16481,98,7,51837.45,2,3,4,9
16482,14,9,44149.78,5,4,3,12
16483,19,10,78257.82,4,4,5,13
16484,67,10,43694.93,2,4,3,9
16485,281,6,43892.159999999996,1,2,3,6
16486,196,3,9790.76,1,1,1,3
16487,28,13,36605.53,4,5,3,12
16488,252,4,27032.510000000002,1,1,2,4
16489,41,7,49807.42,3,3,4,10
16490,160,5,20786.199999999997,1,1,1,3
16491,162,12,66873.39,1,5,5,11
16492,6,7,16680.04,5,3,1,9
16493,12,9,54835.01,5,4,4,13
16494,170,7,22367.37,1,3,1,5
16495,25,6,29700.989999999998,4,2,2,8
16496,83,10,63593.729999999996,2,4,5,11
16497,12,9,78599.91,5,4,5,14
16498,35,5,37180.07,3,1,3,7
16499,17,8,35477.04,4,3,3,10
16500,115,7,23733.82,1,3,1,5
16501,24,8,42341.05,4,3,3,10
16502,11,11,67072.69,5,5,5,15
16503,39,9,33462.59,3,4,2,9
16504,44,8,45196.31,3,3,4,10
16505,14,4,19828.68,5,1,1,7
16506,32,13,55690.23,4,5,4,13
16507,211,8,39278.58,1,3,3,7
16508,53,9,18047.93,3,4,1,8
16509,3,12,93823.93,5,5,5,15
16510,298,5,25739.57,1,1,2,4
16511,167,5,26748.87,1,1,2,4
16512,61,3,7409.92,3,1,1,5
16513,4,8,37733.899999999994,5,3,3,11
16514,132,5,39671.04,1,1,3,5
16515,65,7,27043.09,2,3,2,7
16516,8,8,47362.979999999996,5,3,4,12
16517,55,8,27354.870000000003,3,3,2,8
16518,26,6,53620.23,4,2,4,10
16519,192,8,44125.97,1,3,3,7
16520,51,10,44361.0,3,4,3,10
16521,79,5,27938.199999999997,2,1,2,5
16522,43,7,36980.62,3,3,3,9
16523,41,6,23036.37,3,2,1,6
16524,61,14,98806.33,3,5,5,13
16525,55,9,33987.99,3,4,2,9
16526,54,8,50736.99,3,3,4,10
16527,8,7,35546.45,5,3,3,11
16528,33,7,35201.5,4,3,3,10
16529,14,17,73464.3,5,5,5,15
16530,24,7,26529.16,4,3,2,9
16531,15,11,68435.36,5,5,5,15
16532,36,8,40805.04,3,3,3,9
16533,162,10,54150.88,1,4,4,9
16534,3,9,34311.92,5,4,2,11
16535,7,13,49265.69,5,5,4,14
16536,46,6,19558.28,3,2,1,6
16537,107,8,26440.89,2,3,2,7
16538,3,11,61969.2,5,5,5,15
16539,3,9,38423.65,5,4,3,12
16540,60,8,32226.09,3,3,2,8
16541,22,3,13776.61,4,1,1,6
16542,11,8,36389.32,5,3,3,11
16543,71,11,37704.05,2,5,3,10
16544,18,7,50153.84,4,3,4,11
16545,5,10,54520.8,5,4,4,13
16546,6,18,79603.94,5,5,5,15
16547,23,12,60839.3,4,5,5,14
16548,35,12,56758.79,3,5,4,12
16549,46,12,54594.130000000005,3,5,4,12
16550,7,6,32249.16,5,2,2,9
16551,31,11,63969.03,4,5,5,14
16552,62,10,56499.45,2,4,4,10
16553,43,8,50007.87,3,3,4,10
16554,29,10,46221.93,4,4,4,12
16555,24,10,37132.0,4,4,3,11
16556,34,19,109344.57,4,5,5,14
16557,166,5,30703.75,1,1,2,4
16558,80,6,26360.93,2,2,2,6
16559,106,7,23947.44,2,3,1,6
16560,114,7,28495.620000000003,1,3,2,6
16561,62,4,24596.46,2,1,1,4
16562,15,20,95102.77,5,5,5,15
16563,167,8,31186.36,1,3,2,6
16564,92,6,24315.4,2,2,1,5
16565,39,7,49185.82,3,3,4,10
16566,163,7,22705.23,1,3,1,5
16567,3,9,39971.69,5,4,3,12
16568,182,6,44458.090000000004,1,2,3,6
16569,78,9,51785.93000000001,2,4,4,10
16570,4,9,45664.69,5,4,4,13
16571,134,7,35772.95,1,3,3,7
16572,197,7,33613.59,1,3,2,6
16573,8,6,24600.38,5,2,1,8
16574,121,9,31803.55,1,4,2,7
16575,7,12,86936.70999999999,5,5,5,15
16576,2,3,10828.58,5,1,1,7
16577,24,8,63767.54,4,3,5,12
16578,4,10,41879.04,5,4,3,12
16579,11,7,39028.51,5,3,3,11
16580,90,5,25003.09,2,1,1,4
16581,65,7,29839.8,2,3,2,7
16582,90,10,51591.98,2,4,4,10
16583,159,8,42806.75,1,3,3,7
16584,142,7,28357.68,1,3,2,6
16585,30,12,53632.9,4,5,4,13
16586,214,2,22973.58,1,1,1,3
16587,54,7,27839.0,3,3,2,8
16588,174,5,30757.25,1,1,2,4
16589,77,5,33683.16,2,1,2,5
16590,31,5,19120.62,4,1,1,6
16591,7,11,34308.31,5,5,2,12
16592,1,10,52850.82,5,4,4,13
16593,153,4,22133.07,1,1,1,3
16594,85,6,17628.199999999997,2,2,1,5
16595,65,7,30168.15,2,3,2,7
16596,295,6,36945.49,1,2,3,6
16597,263,6,25247.35,1,2,2,5
16598,83,8,52994.97,2,3,4,9
16599,239,6,17057.91,1,2,1,4
16600,188,5,34801.840000000004,1,1,2,4
16601,53,7,33487.86,3,3,2,8
16602,41,9,36752.590000000004,3,4,3,10
16603,35,12,80378.56999999999,3,5,5,13
16604,67,14,54766.07,2,5,4,11
16605,140,7,52015.32,1,3,4,8
16606,8,11,38508.04,5,5,3,13
16607,42,10,48447.17,3,4,4,11
16608,40,6,48608.15,3,2,4,9
16609,223,5,23778.989999999998,1,1,1,3
16610,9,10,54775.31,5,4,4,13
16611,34,12,52512.8,4,5,4,13
16612,153,8,26156.13,1,3,2,6
16613,79,10,39552.82,2,4,3,9
16614,18,8,43221.53,4,3,3,10
16615,60,11,76009.94,3,5,5,13
16616,4,7,46698.65,5,3,4,12
16617,148,5,35334.72,1,1,3,5
16618,103,5,34722.92,2,1,2,5
16619,29,13,54823.88,4,5,4,13
16620,64,3,17145.69,2,1,1,4
16621,18,8,24811.63,4,3,1,8
16622,139,9,52779.85,1,4,4,9
16623,18,8,38446.63,4,3,3,10
16624,16,13,66175.19,4,5,5,14
16625,51,9,75185.51999999999,3,4,5,12
16626,30,9,65749.79000000001,4,4,5,13
16627,113,10,43832.94,1,4,3,8
16628,11,7,43074.14,5,3,3,11
16629,202,7,26646.100000000002,1,3,2,6
16630,18,7,10753.07,4,3,1,8
16631,54,11,71238.0,3,5,5,13
16632,11,6,24676.3,5,2,1,8
16633,361,1,16748.68,1,1,1,3
16634,46,8,71001.9,3,3,5,11
16635,17,6,42663.3,4,2,3,9
16636,60,9,58739.48,3,4,5,12
16637,40,3,8585.0,3,1,1,5
16638,12,12,65620.31,5,5,5,15
16639,49,9,28324.87,3,4,2,9
16640,146,8,35576.020000000004,1,3,3,7
16641,22,6,27311.5,4,2,2,8
16642,65,6,35360.44,2,2,3,7
16643,114,12,77237.28,1,5,5,11
16644,118,5,25727.899999999998,1,1,2,4
16645,96,5,7658.93,2,1,1,4
16646,4,7,26901.82,5,3,2,10
16647,30,6,55753.1,4,2,4,10
16648,40,7,33263.88,3,3,2,8
16649,32,12,80604.38,4,5,5,14
16650,118,6,28252.519999999997,1,2,2,5
16651,13,8,41269.53,5,3,3,11
16652,43,4,29160.08,3,1,2,6
16653,6,9,23956.69,5,4,1,10
16654,17,9,50709.76,4,4,4,12
16655,133,9,61552.6,1,4,5,10
16656,9,7,35499.0,5,3,3,11
16657,211,8,42273.25,1,3,3,7
16658,7,4,27720.43,5,1,2,8
16659,43,7,44989.28,3,3,4,10
16660,126,8,40185.93,1,3,3,7
16661,149,8,55118.33,1,3,4,8
16662,5,8,67080.92,5,3,5,13
16663,23,4,25834.43,4,1,2,7
16664,28,10,51997.41,4,4,4,12
16665,4,6,31398.54,5,2,2,9
16666,22,5,18164.5,4,1,1,6
16667,104,7,38276.29,2,3,3,8
16668,64,5,25583.22,2,1,2,5
16669,81,11,42286.6,2,5,3,10
16670,45,17,130377.37,3,5,5,13
16671,65,4,18433.63,2,1,1,4
16672,51,7,43976.88,3,3,3,9
16673,4,12,39620.48,5,5,3,13
16674,183,8,49824.95,1,3,4,8
16675,38,5,29881.9,3,1,2,6
16676,112,6,39844.9,1,2,3,6
16677,37,8,39382.75,3,3,3,9
16678,74,7,33502.94,2,3,2,7
16679,127,9,24016.1,1,4,1,6
16680,43,8,33903.08,3,3,2,8
16681,39,9,59803.71,3,4,5,12
16682,33,14,89628.44,4,5,5,14
16683,2,6,36052.28,5,2,3,10
16684,56,9,72485.5,3,4,5,12
16685,63,8,28349.61,2,3,2,7
16686,116,9,43826.44,1,4,3,8
16687,15,3,15704.41,5,1,1,7
16688,429,3,9669.849999999999,1,1,1,3
16689,7,6,30596.84,5,2,2,9
16690,30,6,23408.99,4,2,1,7
16691,24,9,85254.0,4,4,5,13
16692,118,5,30761.91,1,1,2,4
16693,145,5,24686.620000000003,1,1,1,3
16694,21,7,25293.89,4,3,2,9
16695,19,7,34702.11,4,3,2,9
16696,4,7,48907.05,5,3,4,12
16697,125,9,51450.07,1,4,4,9
16698,20,11,47405.36,4,5,4,13
16699,20,8,53625.06,4,3,4,11
16700,85,10,60250.28999999999,2,4,5,11
16701,33,7,37715.12,4,3,3,10
16702,159,4,15391.45,1,1,1,3
16703,11,11,68384.95,5,5,5,15
16704,99,6,30811.899999999998,2,2,2,6
16705,89,7,22490.7,2,3,1,6
16706,45,7,45117.87,3,3,4,10
16707,90,6,36065.31,2,2,3,7
16708,38,5,28776.270000000004,3,1,2,6
16709,8,5,25262.379999999997,5,1,2,8
16710,40,11,51991.91,3,5,4,12
16711,47,12,76127.08,3,5,5,13
16712,15,7,24880.920000000002,5,3,1,9
16713,27,9,25636.52,4,4,2,10
16714,11,9,68283.8,5,4,5,14
16715,13,7,25004.46,5,3,1,9
16716,22,7,36223.58,4,3,3,10
16717,53,4,25504.649999999998,3,1,2,6
16718,170,6,37552.69,1,2,3,6
16719,16,5,21377.18,4,1,1,6
16720,160,9,49818.57,1,4,4,9
16721,94,9,25594.41,2,4,2,8
16722,231,5,22353.199999999997,1,1,1,3
16723,180,5,45088.3,1,1,4,6
16724,159,11,56622.57,1,5,4,10
16725,18,10,57156.35,4,4,5,13
16726,8,6,39523.09,5,2,3,10
16727,118,10,50533.59,1,4,4,9
16728,145,4,47129.29,1,1,4,6
16729,50,10,40628.08,3,4,3,10
16730,2,8,29494.08,5,3,2,10
16731,50,4,40629.47,3,1,3,7
16732,35,7,50792.53,3,3,4,10
16733,19,12,84371.17,4,5,5,14
16734,38,11,55309.3,3,5,4,12
16735,88,4,8819.57,2,1,1,4
16736,10,11,58884.69,5,5,5,15
16737,24,11,59648.21,4,5,5,14
16738,13,8,38915.43,5,3,3,11
16739,52,10,63724.26,3,4,5,12
16740,40,5,22872.34,3,1,1,5
16741,8,7,38364.83,5,3,3,11
16742,45,9,66718.9,3,4,5,12
16743,54,6,40764.82,3,2,3,8
16744,21,10,64108.61,4,4,5,13
16745,160,7,48335.41,1,3,4,8
16746,34,16,71224.09,4,5,5,14
16747,43,9,34025.259999999995,3,4,2,9
16748,60,13,89735.17,3,5,5,13
16749,26,4,24845.92,4,1,1,6
16750,2,8,39053.2,5,3,3,11
16751,23,7,29247.7,4,3,2,9
16752,54,8,53730.09,3,3,4,10
16753,3,8,36700.63,5,3,3,11
16754,106,6,26872.050000000003,2,2,2,6
16755,34,8,26525.519999999997,4,3,2,9
16756,62,9,25048.989999999998,2,4,1,7
16757,1,16,62830.09,5,5,5,15
16758,117,4,16401.21,1,1,1,3
16759,43,8,38844.37,3,3,3,9
16760,8,5,27633.55,5,1,2,8
16761,10,5,38792.44,5,1,3,9
16762,39,5,16949.93,3,1,1,5
16763,11,7,44108.3,5,3,3,11
16764,45,6,37274.8,3,2,3,8
16765,151,7,37955.3,1,3,3,7
16766,95,7,51169.399999999994,2,3,4,9
16767,9,8,48234.24,5,3,4,12
16768,49,7,60651.33,3,3,5,11
16769,94,8,30731.9,2,3,2,7
16770,25,12,46138.93,4,5,4,13
16771,174,3,24734.29,1,1,1,3
16772,63,12,58029.74,2,5,5,12
16773,20,12,92476.03,4,5,5,14
16774,102,12,56941.36,2,5,4,11
16775,23,7,37432.44,4,3,3,10
16776,23,10,76839.31,4,4,5,13
16777,19,9,42332.58,4,4,3,11
16778,12,10,50420.96,5,4,4,13
16779,86,5,21544.260000000002,2,1,1,4
16780,226,2,3946.04,1,1,1,3
16781,95,7,34914.770000000004,2,3,3,8
16782,131,7,27627.3,1,3,2,6
16783,314,4,35037.39,1,1,3,5
16784,21,6,37868.91,4,2,3,9
16785,1,6,16052.73,5,2,1,8
16786,88,6,31565.95,2,2,2,6
16787,2,10,61600.27,5,4,5,14
16788,20,14,44636.65,4,5,4,13
16789,5,5,25149.96,5,1,1,7
16790,100,6,28667.539999999997,2,2,2,6
16791,28,12,47159.7,4,5,4,13
16792,17,4,12659.470000000001,4,1,1,6
16793,79,5,9138.15,2,1,1,4
16794,24,3,9652.75,4,1,1,6
16795,78,5,26892.88,2,1,2,5
16796,118,5,26085.79,1,1,2,4
16797,44,15,81623.2,3,5,5,13
16798,6,8,52132.44,5,3,4,12
16799,76,4,3563.79,2,1,1,4
16800,32,9,41916.49,4,4,3,11
16801,39,4,22931.829999999998,3,1,1,5
16802,37,6,34810.07,3,2,2,7
16803,160,5,47756.75,1,1,4,6
16804,44,6,32442.52,3,2,2,7
16805,11,10,79387.19,5,4,5,14
16806,61,7,23253.4,3,3,1,7
16807,185,13,41848.08,1,5,3,9
16808,58,5,34298.479999999996,3,1,2,6
16809,10,8,54242.399999999994,5,3,4,12
16810,111,9,58183.32,1,4,5,10
16811,48,7,24154.480000000003,3,3,1,7
16812,5,12,75489.68,5,5,5,15
16813,16,4,34885.770000000004,4,1,3,8
16814,36,5,39447.11,3,1,3,7
16815,57,6,21305.35,3,2,1,6
16816,66,7,21761.53,2,3,1,6
16817,101,13,55900.4,2,5,4,11
16818,24,14,88722.83,4,5,5,14
16819,3,8,18531.68,5,3,1,9
16820,273,5,19600.8,1,1,1,3
16821,30,9,61747.53,4,4,5,13
16822,23,9,48288.299999999996,4,4,4,12
16823,31,9,49542.56,4,4,4,12
16824,55,11,46602.96,3,5,4,12
16825,33,8,23749.75,4,3,1,8
16826,82,6,53693.270000000004,2,2,4,8
16827,2,9,47312.18,5,4,4,13
16828,25,4,30759.2,4,1,2,7
16829,44,10,48450.72,3,4,4,11
16830,19,7,46501.600000000006,4,3,4,11
16831,55,5,29962.93,3,1,2,6
16832,13,8,50884.97,5,3,4,12
16833,74,10,62153.01,2,4,5,11
16834,8,14,66286.24,5,5,5,15
16835,61,4,19525.15,3,1,1,5
16836,92,8,41915.31,2,3,3,8
16837,12,5,13846.43,5,1,1,7
16838,38,9,31591.699999999997,3,4,2,9
16839,1,14,77446.17,5,5,5,15
16840,31,9,47955.5,4,4,4,12
16841,74,8,28672.58,2,3,2,7
16842,150,7,43321.86,1,3,3,7
16843,89,7,46706.47,2,3,4,9
16844,99,7,42840.49,2,3,3,8
16845,53,5,23093.61,3,1,1,5
16846,78,6,13531.220000000001,2,2,1,5
16847,206,5,39556.12,1,1,3,5
16848,169,3,13403.11,1,1,1,3
16849,11,8,48272.11,5,3,4,12
16850,41,11,48534.11,3,5,4,12
16851,9,4,12930.37,5,1,1,7
16852,4,8,35693.77,5,3,3,11
16853,183,7,33419.48,1,3,2,6
16854,127,3,12526.84,1,1,1,3
16855,61,6,44812.490000000005,3,2,4,9
16856,81,10,63212.770000000004,2,4,5,11
16857,52,10,49576.25,3,4,4,11
16858,33,7,23821.64,4,3,1,8
16859,16,6,31108.14,4,2,2,8
16860,40,11,41951.07,3,5,3,11
16861,111,10,53262.99,1,4,4,9
16862,125,2,5714.08,1,1,1,3
16863,64,10,57758.030000000006,2,4,5,11
16864,120,7,46546.72,1,3,4,8
16865,19,5,23675.7,4,1,1,6
16866,1,11,57199.9,5,5,5,15
16867,116,7,28085.43,1,3,2,6
16868,432,4,17293.36,1,1,1,3
16869,121,9,51198.34,1,4,4,9
16870,135,14,83653.95999999999,1,5,5,11
16871,58,13,85734.17,3,5,5,13
16872,100,7,27935.78,2,3,2,7
16873,6,8,31459.42,5,3,2,10
16874,35,9,55936.770000000004,3,4,4,11
16875,96,6,11779.14,2,2,1,5
16876,30,9,52380.66,4,4,4,12
16877,20,10,63057.06,4,4,5,13
16878,119,10,55504.78,1,4,4,9
16879,26,13,57666.89,4,5,5,14
16880,140,6,43030.08,1,2,3,6
16881,218,6,34757.759999999995,1,2,2,5
16882,69,6,21562.84,2,2,1,5
16883,23,7,30499.23,4,3,2,9
16884,232,8,28387.47,1,3,2,6
16885,109,5,17643.52,2,1,1,4
16886,119,5,32833.15,1,1,2,4
16887,35,11,62228.53,3,5,5,13
16888,132,10,33034.34,1,4,2,7
16889,1,7,35398.229999999996,5,3,3,11
16890,241,10,58684.77,1,4,5,10
16891,48,6,33372.6,3,2,2,7
16892,134,6,26609.0,1,2,2,5
16893,11,4,33466.04,5,1,2,8
16894,265,8,46552.47,1,3,4,8
16895,154,3,4818.99,1,1,1,3
16896,15,8,41487.24,5,3,3,11
16897,54,12,78861.97,3,5,5,13
16898,386,3,19921.14,1,1,1,3
16899,42,4,20069.550000000003,3,1,1,5
16900,20,7,57088.49,4,3,5,12
16901,84,10,42667.24,2,4,3,9
16902,17,14,107655.92,4,5,5,14
16903,42,10,27327.41,3,4,2,9
16904,31,12,54926.05,4,5,4,13
16905,51,11,50389.4,3,5,4,12
16906,52,8,40508.590000000004,3,3,3,9
16907,5,10,53521.6,5,4,4,13
16908,95,6,25651.88,2,2,2,6
16909,50,5,34317.83,3,1,2,6
16910,11,11,39336.59,5,5,3,13
16911,82,8,32756.0,2,3,2,7
16912,147,4,9283.470000000001,1,1,1,3
16913,10,10,42316.119999999995,5,4,3,12
16914,51,6,20924.870000000003,3,2,1,6
16915,39,12,51353.47,3,5,4,12
16916,48,8,50180.6,3,3,4,10
16917,103,5,32810.549999999996,2,1,2,5
16918,43,12,45752.96,3,5,4,12
16919,11,6,42096.55,5,2,3,10
16920,135,9,36482.99,1,4,3,8
16921,34,6,18444.27,4,2,1,7
16922,97,5,32883.06,2,1,2,5
16923,52,9,46366.770000000004,3,4,4,11
16924,235,5,22827.85,1,1,1,3
16925,73,7,23352.59,2,3,1,6
16926,55,11,63580.62,3,5,5,13
16927,88,10,52368.93,2,4,4,10
16928,115,13,35204.51,1,5,3,9
16929,79,7,32003.09,2,3,2,7
16930,5,11,51317.880000000005,5,5,4,14
16931,159,5,21584.61,1,1,1,3
16932,15,10,54564.4,5,4,4,13
16933,30,5,17050.68,4,1,1,6
16934,169,5,17986.29,1,1,1,3
16935,176,7,43040.020000000004,1,3,3,7
16936,110,7,37356.54,1,3,3,7
16937,132,8,36500.54,1,3,3,7
16938,52,4,31208.32,3,1,2,6
16939,34,11,59363.409999999996,4,5,5,14
16940,26,8,41184.46,4,3,3,10
16941,54,10,31754.53,3,4,2,9
16942,184,5,16496.71,1,1,1,3
16943,85,5,27528.77,2,1,2,5
16944,141,7,41926.31,1,3,3,7
16945,43,6,39615.15,3,2,3,8
16946,56,14,95990.79,3,5,5,13
16947,16,13,79432.59999999999,4,5,5,14
16948,5,6,35480.47,5,2,3,10
16949,65,11,57040.95,2,5,5,12
16950,261,5,19099.809999999998,1,1,1,3
16951,112,10,54063.17,1,4,4,9
16952,121,8,53702.729999999996,1,3,4,8
16953,17,8,45120.0,4,3,4,11
16954,206,4,9741.86,1,1,1,3
16955,27,9,44684.08,4,4,4,12
16956,82,8,42425.700000000004,2,3,3,8
16957,272,3,12826.63,1,1,1,3
16958,11,13,84099.53,5,5,5,15
16959,47,8,49765.62,3,3,4,10
16960,127,5,20970.940000000002,1,1,1,3
16961,9,9,56193.259999999995,5,4,4,13
16962,17,9,63247.3,4,4,5,13
16963,3,9,40083.96,5,4,3,12
16964,161,8,40911.840000000004,1,3,3,7
16965,20,7,45226.85,4,3,4,11
16966,80,9,46402.99,2,4,4,10
16967,37,4,17370.68,3,1,1,5
16968,12,11,50473.95,5,5,4,14
16969,64,4,6254.8,2,1,1,4
16970,51,10,68247.11,3,4,5,12
16971,143,6,38166.59,1,2,3,6
16972,9,6,41140.18,5,2,3,10
16973,130,8,48147.2,1,3,4,8
16974,109,5,30948.46,2,1,2,5
16975,58,10,66539.97,3,4,5,12
16976,93,8,50419.7,2,3,4,9
16977,75,11,46473.78,2,5,4,11
16978,60,6,38470.84,3,2,3,8
16979,136,6,32756.120000000003,1,2,2,5
16980,103,7,45293.799999999996,2,3,4,9
16981,18,9,31616.219999999998,4,4,2,10
16982,45,8,43024.64,3,3,3,9
16983,34,5,21207.79,4,1,1,6
16984,17,9,45088.46,4,4,4,12
16985,65,9,30027.83,2,4,2,8
16986,7,4,31429.78,5,1,2,8
16987,114,9,37481.259999999995,1,4,3,8
16988,194,7,32201.92,1,3,2,6
16989,119,8,34642.73,1,3,2,6
16990,184,7,19682.4,1,3,1,5
16991,36,8,60756.17,3,3,5,11
16992,9,10,46092.08,5,4,4,13
16993,1,8,44344.06,5,3,3,11
16994,15,7,41602.86,5,3,3,11
16995,166,5,24515.989999999998,1,1,1,3
16996,335,4,21263.32,1,1,1,3
16997,131,10,35088.729999999996,1,4,3,8
16998,66,3,14102.380000000001,2,1,1,4
16999,30,4,23716.190000000002,4,1,1,6
17000,83,9,40893.69,2,4,3,9
17001,210,6,25332.05,1,2,2,5
17002,21,14,46584.93,4,5,4,13
17003,31,19,106252.28,4,5,5,14
17004,79,3,9685.85,2,1,1,4
17005,19,5,34638.229999999996,4,1,2,7
17006,41,11,59154.28,3,5,5,13
17007,25,7,23555.149999999998,4,3,1,8
17008,1,10,58128.37,5,4,5,14
17009,28,10,50707.64,4,4,4,12
17010,51,6,25803.28,3,2,2,7
17011,80,11,67203.79000000001,2,5,5,12
17012,72,10,71591.39,2,4,5,11
17013,62,10,31486.46,2,4,2,8
17014,172,6,12245.86,1,2,1,4
17015,27,9,51104.119999999995,4,4,4,12
17016,62,11,44075.8,2,5,3,10
17017,11,11,65096.26,5,5,5,15
17018,69,10,41733.93,2,4,3,9
17019,68,4,24919.899999999998,2,1,1,4
17020,16,14,51526.38,4,5,4,13
17021,61,8,40637.270000000004,3,3,3,9
17022,63,6,57993.43,2,2,5,9
17023,20,6,38679.88,4,2,3,9
17024,83,7,49893.6,2,3,4,9
17025,200,5,35351.38,1,1,3,5
17026,5,14,105422.28,5,5,5,15
17027,72,6,36952.14,2,2,3,7
17028,28,10,53201.44,4,4,4,12
17029,4,3,16052.849999999999,5,1,1,7
17030,36,10,56316.47,3,4,4,11
17031,42,9,36025.59,3,4,3,10
17032,33,7,29167.5,4,3,2,9
17033,7,12,66379.28,5,5,5,15
17034,109,10,43570.79,2,4,3,9
17035,9,8,33875.87,5,3,2,10
17036,57,8,49197.520000000004,3,3,4,10
17037,81,18,63725.71,2,5,5,12
17038,86,8,30977.78,2,3,2,7
17039,38,6,27927.54,3,2,2,7
17040,25,5,20998.48,4,1,1,6
17041,111,9,39095.69,1,4,3,8
17042,147,5,25357.99,1,1,2,4
17043,17,13,86341.35,4,5,5,14
17044,2,6,32866.94,5,2,2,9
17045,81,9,47677.95,2,4,4,10
17046,44,8,48038.75,3,3,4,10
17047,73,12,62395.74,2,5,5,12
17048,125,14,46146.09,1,5,4,10
17049,73,15,80474.43,2,5,5,12
17050,99,7,30372.24,2,3,2,7
17051,15,6,33053.549999999996,5,2,2,9
17052,64,12,49834.17,2,5,4,11
17053,14,7,19867.25,5,3,1,9
17054,123,9,49104.08,1,4,4,9
17055,30,11,56165.78,4,5,4,13
17056,5,5,39851.79,5,1,3,9
17057,18,8,15534.54,4,3,1,8
17058,52,6,20417.07,3,2,1,6
17059,4,13,44558.22,5,5,4,14
17060,120,11,36540.82,1,5,3,9
17061,51,11,74873.98,3,5,5,13
17062,16,7,53101.46,4,3,4,11
17063,7,5,18367.0,5,1,1,7
17064,85,10,20975.82,2,4,1,7
17065,140,6,18960.890000000003,1,2,1,4
17066,188,8,60284.26,1,3,5,9
17067,2,10,36835.75,5,4,3,12
17068,15,6,20820.3,5,2,1,8
17069,107,9,20038.46,2,4,1,7
17070,87,7,30509.1,2,3,2,7
17071,94,5,16428.68,2,1,1,4
17072,70,8,55241.47,2,3,4,9
17073,95,9,50671.78999999999,2,4,4,10
17074,19,7,27894.69,4,3,2,9
17075,114,7,28641.730000000003,1,3,2,6
17076,107,3,2743.2799999999997,2,1,1,4
17077,28,6,30174.16,4,2,2,8
17078,53,10,59966.09,3,4,5,12
17079,6,7,26903.16,5,3,2,10
17080,53,6,36854.91,3,2,3,8
17081,41,11,37066.68,3,5,3,11
17082,158,13,70884.41,1,5,5,11
17083,97,7,48763.53,2,3,4,9
17084,5,8,37611.62,5,3,3,11
17085,126,5,15505.09,1,1,1,3
17086,18,11,34657.19,4,5,2,11
17087,136,8,49693.82,1,3,4,8
17088,213,6,48750.57,1,2,4,7
17089,2,5,33686.09,5,1,2,8
17090,8,9,44702.81,5,4,4,13
17091,54,9,31524.32,3,4,2,9
17092,174,4,5278.3099999999995,1,1,1,3
17093,5,11,63874.11,5,5,5,15
17094,114,8,31152.93,1,3,2,6
17095,25,8,52995.75,4,3,4,11
17096,18,11,50287.840000000004,4,5,4,13
17097,116,12,67829.35,1,5,5,11
17098,39,8,40340.21,3,3,3,9
17099,66,7,16189.12,2,3,1,6
17100,52,9,43154.52,3,4,3,10
17101,221,6,25564.37,1,2,2,5
17102,14,10,62646.97,5,4,5,14
17103,9,12,44351.45,5,5,3,13
17104,41,12,63525.0,3,5,5,13
17105,57,6,30208.69,3,2,2,7
17106,46,10,38307.31,3,4,3,10
17107,14,7,36416.009999999995,5,3,3,11
17108,14,9,50057.96,5,4,4,13
17109,8,10,62688.8,5,4,5,14
17110,128,7,40310.509999999995,1,3,3,7
17111,84,14,49332.71,2,5,4,11
17112,68,8,42112.0,2,3,3,8
17113,38,9,56639.14,3,4,4,11
17114,43,8,37862.83,3,3,3,9
17115,29,10,58602.95,4,4,5,13
17116,27,11,93670.53,4,5,5,14
17117,32,12,57831.19,4,5,5,14
17118,8,10,27366.629999999997,5,4,2,11
17119,16,12,41401.2,4,5,3,12
17120,89,4,18708.69,2,1,1,4
17121,41,6,17126.3,3,2,1,6
17122,26,5,27972.0,4,1,2,7
17123,29,10,34735.3,4,4,2,10
17124,149,7,44919.15,1,3,4,8
17125,185,8,33841.13,1,3,2,6
17126,59,8,38689.26,3,3,3,9
17127,73,9,56405.69,2,4,4,10
17128,5,11,49224.62,5,5,4,14
17129,161,3,11764.74,1,1,1,3
17130,41,7,26987.04,3,3,2,8
17131,45,8,30500.6,3,3,2,8
17132,12,10,47916.83,5,4,4,13
17133,17,7,25120.85,4,3,1,8
17134,35,9,37405.89,3,4,3,10
17135,61,8,16409.86,3,3,1,7
17136,31,5,27359.91,4,1,2,7
17137,29,8,37314.06,4,3,3,10
17138,105,9,61458.26,2,4,5,11
17139,62,6,25399.559999999998,2,2,2,6
17140,33,6,27041.16,4,2,2,8
17141,34,10,31494.55,4,4,2,10
17142,17,10,56570.97,4,4,4,12
17143,34,7,53750.79,4,3,4,11
17144,71,12,43443.93,2,5,3,10
17145,13,9,41923.27,5,4,3,12
17146,143,10,41344.53,1,4,3,8
17147,128,5,25208.21,1,1,2,4
17148,53,11,55493.09,3,5,4,12
17149,25,8,49191.71,4,3,4,11
17150,136,12,73836.83,1,5,5,11
17151,14,10,82486.5,5,4,5,14
17152,57,10,41785.95,3,4,3,10
17153,25,6,39340.56,4,2,3,9
17154,65,7,19902.58,2,3,1,6
17155,48,5,15100.82,3,1,1,5
17156,14,14,90995.37,5,5,5,15
17157,57,7,27970.8,3,3,2,8
17158,77,7,47276.25,2,3,4,9
17159,75,3,9927.74,2,1,1,4
17160,54,8,28442.809999999998,3,3,2,8
17161,89,4,10374.0,2,1,1,4
17162,282,3,5720.099999999999,1,1,1,3
17163,76,15,68476.66,2,5,5,12
17164,131,6,49228.53,1,2,4,7
17165,110,8,52858.950000000004,1,3,4,8
17166,115,10,39952.23,1,4,3,8
17167,73,8,43133.6,2,3,3,8
17168,115,7,28366.899999999998,1,3,2,6
17169,15,5,22725.25,5,1,1,7
17170,15,7,22481.54,5,3,1,9
17171,121,10,64896.43,1,4,5,10
17172,119,6,31998.86,1,2,2,5
17173,37,10,26154.28,3,4,2,9
17174,23,8,50234.11,4,3,4,11
17175,17,11,73488.69,4,5,5,14
17176,9,12,63201.39,5,5,5,15
17177,105,12,54625.57,2,5,4,11
17178,14,6,25327.43,5,2,2,9
17179,19,10,49364.18,4,4,4,12
17180,6,8,27214.27,5,3,2,10
17181,116,13,63979.39,1,5,5,11
17182,10,10,50202.36,5,4,4,13
17183,50,9,79291.31,3,4,5,12
17184,23,8,39996.29,4,3,3,10
17185,2,15,63007.99,5,5,5,15
17186,18,10,54864.75,4,4,4,12
17187,27,11,51929.369999999995,4,5,4,13
17188,65,4,27107.81,2,1,2,5
17189,45,15,81138.26000000001,3,5,5,13
17190,24,10,33796.55,4,4,2,10
17191,20,9,28096.329999999998,4,4,2,10
17192,9,10,68244.96,5,4,5,14
17193,105,6,38843.49,2,2,3,7
17194,84,5,18775.8,2,1,1,4
17195,134,6,37882.19,1,2,3,6
17196,163,4,17412.93,1,1,1,3
17197,50,6,30633.25,3,2,2,7
17198,2,6,31274.83,5,2,2,9
17199,6,5,51298.14,5,1,4,10
17200,151,7,25108.17,1,3,1,5
17201,38,5,14591.62,3,1,1,5
17202,45,5,27870.72,3,1,2,6
17203,139,9,52486.51,1,4,4,9
17204,52,10,51777.06,3,4,4,11
17205,56,10,55131.6,3,4,4,11
17206,244,5,40483.49,1,1,3,5
17207,3,7,20325.18,5,3,1,9
17208,128,8,48741.42,1,3,4,8
17209,26,13,76737.06,4,5,5,14
17210,113,6,41639.82,1,2,3,6
17211,224,6,12726.1,1,2,1,4
17212,32,4,33160.009999999995,4,1,2,7
17213,54,9,44592.89,3,4,4,11
17214,55,7,48991.95,3,3,4,10
17215,4,6,34898.79,5,2,3,10
17216,36,8,56087.58,3,3,4,10
17217,45,6,21291.91,3,2,1,6
17218,26,14,85353.24,4,5,5,14
17219,9,8,37352.369999999995,5,3,3,11
17220,68,8,26602.8,2,3,2,7
17221,87,2,652.74,2,1,1,4
17222,17,6,38557.18,4,2,3,9
17223,146,5,13352.04,1,1,1,3
17224,175,3,15230.2,1,1,1,3
17225,120,7,55520.8,1,3,4,8
17226,209,5,25734.11,1,1,2,4
17227,148,8,35401.61,1,3,3,7
17228,125,9,33909.48,1,4,2,7
17229,61,11,62689.05,3,5,5,13
17230,76,10,57959.24,2,4,5,11
17231,15,4,11896.51,5,1,1,7
17232,14,10,47708.19,5,4,4,13
17233,5,8,18540.22,5,3,1,9
17234,53,7,22353.25,3,3,1,7
17235,4,10,35527.53,5,4,3,12
17236,13,7,28170.33,5,3,2,10
17237,13,8,49100.61,5,3,4,12
17238,42,6,36314.880000000005,3,2,3,8
17239,297,5,20190.48,1,1,1,3
17240,1,8,32778.72,5,3,2,10
17241,23,13,88056.75,4,5,5,14
17242,35,12,51881.46,3,5,4,12
17243,12,8,40682.369999999995,5,3,3,11
17244,15,8,25944.83,5,3,2,10
17245,60,7,31380.36,3,3,2,8
17246,13,4,20166.6,5,1,1,7
17247,26,3,13972.689999999999,4,1,1,6
17248,224,5,15814.04,1,1,1,3
17249,10,11,58862.31,5,5,5,15
17250,67,11,68249.20999999999,2,5,5,12
17251,43,9,59133.36,3,4,5,12
17252,132,3,9488.23,1,1,1,3
17253,31,6,51545.47,4,2,4,10
17254,28,9,37456.12,4,4,3,11
17255,116,9,40830.53,1,4,3,8
17256,34,7,22143.0,4,3,1,8
17257,149,7,25491.42,1,3,2,6
17258,44,6,15134.68,3,2,1,6
17259,55,12,48918.19,3,5,4,12
17260,24,9,33806.6,4,4,2,10
17261,43,7,48237.54,3,3,4,10
17262,19,6,17361.010000000002,4,2,1,7
17263,67,7,32306.16,2,3,2,7
17264,14,8,35962.43,5,3,3,11
17265,29,11,54359.94,4,5,4,13
17266,15,4,16142.210000000001,5,1,1,7
17267,139,6,21187.510000000002,1,2,1,4
17268,5,7,24462.93,5,3,1,9
17269,39,12,66587.69,3,5,5,13
17270,58,14,82037.52,3,5,5,13
17271,29,7,41712.07,4,3,3,10
17272,90,4,15651.31,2,1,1,4
17273,63,5,18346.66,2,1,1,4
17274,37,12,60225.04,3,5,5,13
17275,3,7,14659.73,5,3,1,9
17276,186,6,42448.48,1,2,3,6
17277,51,9,41896.83,3,4,3,10
17278,100,8,47483.17,2,3,4,9
17279,75,10,43803.34,2,4,3,9
17280,8,6,25776.19,5,2,2,9
17281,93,7,23439.85,2,3,1,6
17282,66,10,62798.47,2,4,5,11
17283,140,9,35317.85,1,4,3,8
17284,280,3,20811.31,1,1,1,3
17285,31,12,72780.48,4,5,5,14
17286,18,8,46723.42,4,3,4,11
17287,62,11,55360.57,2,5,4,11
17288,10,9,47329.04,5,4,4,13
17289,40,4,17929.559999999998,3,1,1,5
17290,25,8,30650.05,4,3,2,9
17291,37,5,14530.26,3,1,1,5
17292,35,10,29239.100000000002,3,4,2,9
17293,52,8,41262.909999999996,3,3,3,9
17294,38,11,40353.17,3,5,3,11
17295,191,3,3379.02,1,1,1,3
17296,11,7,38829.090000000004,5,3,3,11
17297,6,5,11342.4,5,1,1,7
17298,74,9,67511.07,2,4,5,11
17299,83,10,46817.99,2,4,4,10
17300,39,12,77355.34,3,5,5,13
17301,17,7,33936.36,4,3,2,9
17302,36,10,48983.73,3,4,4,11
17303,26,11,49502.020000000004,4,5,4,13
17304,23,7,38707.3,4,3,3,10
17305,8,6,34403.259999999995,5,2,2,9
17306,145,7,29201.38,1,3,2,6
17307,23,2,14447.17,4,1,1,6
17308,56,6,8152.139999999999,3,2,1,6
17309,80,8,30005.93,2,3,2,7
17310,86,10,50276.53999999999,2,4,4,10
17311,17,5,26537.16,4,1,2,7
17312,3,4,32850.33,5,1,2,8
17313,14,12,61591.92,5,5,5,15
17314,12,12,57830.05,5,5,5,15
17315,2,7,51918.31,5,3,4,12
17316,31,14,80270.84,4,5,5,14
17317,101,8,24023.82,2,3,1,6
17318,74,7,55234.84,2,3,4,9
17319,68,8,49032.37,2,3,4,9
17320,33,5,17416.06,4,1,1,6
17321,92,9,44233.2,2,4,3,9
17322,37,6,5936.31,3,2,1,6
17323,26,9,45280.64,4,4,4,12
17324,9,12,77230.45999999999,5,5,5,15
17325,107,7,29682.91,2,3,2,7
17326,51,6,35121.95,3,2,3,8
17327,95,7,38151.81,2,3,3,8
17328,296,9,33387.92,1,4,2,7
17329,9,8,49094.21,5,3,4,12
17330,53,9,66841.0,3,4,5,12
17331,87,5,12097.22,2,1,1,4
17332,140,15,69513.43,1,5,5,11
17333,101,8,48849.16,2,3,4,9
17334,56,13,67793.08,3,5,5,13
17335,79,8,48675.909999999996,2,3,4,9
17336,15,8,44208.67,5,3,3,11
17337,40,6,36747.26,3,2,3,8
17338,92,7,39727.32,2,3,3,8
17339,41,5,16193.3,3,1,1,5
17340,145,6,19139.67,1,2,1,4
17341,89,10,62264.09,2,4,5,11
17342,31,7,49524.38,4,3,4,11
17343,27,13,68995.64,4,5,5,14
17344,126,8,42759.49,1,3,3,7
17345,128,7,34529.21,1,3,2,6
17346,154,7,28019.57,1,3,2,6
17347,22,10,31635.18,4,4,2,10
17348,29,9,58164.090000000004,4,4,5,13
17349,61,12,62130.310000000005,3,5,5,13
17350,193,5,26068.89,1,1,2,4
17351,56,9,54640.4,3,4,4,11
17352,62,5,23416.72,2,1,1,4
17353,51,7,32176.199999999997,3,3,2,8
17354,9,14,67326.85,5,5,5,15
17355,50,7,35996.25,3,3,3,9
17356,28,4,8923.0,4,1,1,6
17357,138,12,75170.68000000001,1,5,5,11
17358,40,10,41873.1,3,4,3,10
17359,120,7,28028.620000000003,1,3,2,6
17360,323,3,22431.43,1,1,1,3
17361,193,4,7501.79,1,1,1,3
17362,14,11,56974.75,5,5,5,15
17363,54,6,26424.59,3,2,2,7
17364,6,7,24975.769999999997,5,3,1,9
17365,6,6,30117.31,5,2,2,9
17366,27,8,50452.07,4,3,4,11
17367,62,9,51838.73,2,4,4,10
17368,82,6,25711.31,2,2,2,6
17369,83,8,40587.75,2,3,3,8
17370,22,5,27655.019999999997,4,1,2,7
17371,98,6,37665.9,2,2,3,7
17372,194,5,13678.08,1,1,1,3
17373,36,4,14145.1,3,1,1,5
17374,64,16,105248.38,2,5,5,12
17375,76,6,33117.74,2,2,2,6
17376,43,7,43144.97,3,3,3,9
17377,29,9,36490.02,4,4,3,11
17378,57,4,25316.65,3,1,2,6
17379,165,5,14408.68,1,1,1,3
17380,204,4,18728.62,1,1,1,3
17381,32,7,41746.5,4,3,3,10
17382,28,7,33518.29,4,3,2,9
17383,5,10,94691.76,5,4,5,14
17384,304,5,7566.22,1,1,1,3
17385,52,11,66717.04,3,5,5,13
17386,42,13,59104.29,3,5,5,13
17387,52,7,22565.95,3,3,1,7
17388,52,6,32042.12,3,2,2,7
17389,10,9,56883.229999999996,5,4,4,13
17390,146,4,27866.940000000002,1,1,2,4
17391,85,3,18221.719999999998,2,1,1,4
17392,29,11,67299.29,4,5,5,14
17393,176,9,65016.5,1,4,5,10
17394,22,11,64090.25,4,5,5,14
17395,55,9,50562.41,3,4,4,11
17396,236,6,38939.94,1,2,3,6
17397,90,6,26362.47,2,2,2,6
17398,30,11,55443.52,4,5,4,13
17399,9,2,9269.32,5,1,1,7
17400,314,3,22811.329999999998,1,1,1,3
17401,152,7,12823.69,1,3,1,5
17402,25,8,22550.52,4,3,1,8
17403,35,14,73922.4,3,5,5,13
17404,48,9,50695.479999999996,3,4,4,11
17405,21,11,41300.66,4,5,3,12
17406,43,10,76576.64,3,4,5,12
17407,33,8,55991.45,4,3,4,11
17408,39,8,60482.0,3,3,5,11
17409,126,6,29950.73,1,2,2,5
17410,40,4,13588.480000000001,3,1,1,5
17411,38,12,60010.3,3,5,5,13
17412,6,10,49128.75,5,4,4,13
17413,54,2,3910.51,3,1,1,5
17414,86,7,33832.59,2,3,2,7
17415,82,6,35463.96000000001,2,2,3,7
17416,97,7,54496.71,2,3,4,9
17417,225,12,75489.53,1,5,5,11
17418,11,9,28290.15,5,4,2,11
17419,11,11,88445.15,5,5,5,15
17420,48,10,58844.05,3,4,5,12
17421,22,7,42012.58,4,3,3,10
17422,10,9,33958.65,5,4,2,11
17423,87,6,35289.14,2,2,3,7
17424,67,13,66059.58,2,5,5,12
17425,196,6,42562.4,1,2,3,6
17426,22,6,24000.2,4,2,1,7
17427,35,7,21181.13,3,3,1,7
17428,9,16,71685.94,5,5,5,15
17429,3,13,77893.63,5,5,5,15
17430,6,8,55683.13,5,3,4,12
17431,5,7,36150.060000000005,5,3,3,11
17432,11,6,16716.68,5,2,1,8
17433,304,5,17837.62,1,1,1,3
17434,84,7,68342.94,2,3,5,10
17435,50,6,36471.74,3,2,3,8
17436,415,3,13862.4,1,1,1,3
17437,89,12,52263.979999999996,2,5,4,11
17438,44,7,23070.1,3,3,1,7
17439,19,9,51944.85,4,4,4,12
17440,5,7,32032.3,5,3,2,10
17441,28,8,63245.88,4,3,5,12
17442,16,4,7982.599999999999,4,1,1,6
17443,17,7,24275.620000000003,4,3,1,8
17444,104,6,36425.38,2,2,3,7
17445,45,5,23658.48,3,1,1,5
17446,116,6,17021.47,1,2,1,4
17447,67,8,39684.78,2,3,3,8
17448,90,6,31048.54,2,2,2,6
17449,45,9,43144.37,3,4,3,10
17450,41,7,29999.55,3,3,2,8
17451,61,8,33503.66,3,3,2,8
17452,38,11,46545.88,3,5,4,12
17453,158,8,31457.1,1,3,2,6
17454,27,9,24458.82,4,4,1,9
17455,99,11,64680.68,2,5,5,12
17456,203,6,49463.729999999996,1,2,4,7
17457,43,8,39765.65,3,3,3,9
17458,23,7,28596.39,4,3,2,9
17459,87,3,6108.05,2,1,1,4
17460,127,8,30810.179999999997,1,3,2,6
17461,177,13,55383.96000000001,1,5,4,10
17462,115,8,42884.53,1,3,3,7
17463,139,8,64740.01,1,3,5,9
17464,316,3,30244.170000000002,1,1,2,4
17465,217,6,41747.14,1,2,3,6
17466,91,6,33713.72,2,2,2,6
17467,45,6,23603.28,3,2,1,6
17468,67,10,81774.59,2,4,5,11
17469,55,10,48344.99,3,4,4,11
17470,31,8,36465.85,4,3,3,10
17471,16,7,52229.630000000005,4,3,4,11
17472,9,10,56871.75,5,4,4,13
17473,32,9,47526.11,4,4,4,12
17474,30,7,32489.13,4,3,2,9
17475,139,7,30165.219999999998,1,3,2,6
17476,55,10,47473.840000000004,3,4,4,11
17477,44,11,52331.23,3,5,4,12
17478,52,8,43368.93,3,3,3,9
17479,12,9,50666.55,5,4,4,13
17480,232,3,18005.87,1,1,1,3
17481,13,10,64803.79,5,4,5,14
17482,1,12,62224.729999999996,5,5,5,15
17483,6,6,40151.58,5,2,3,10
17484,75,5,13210.51,2,1,1,4
17485,16,10,72225.27,4,4,5,13
17486,8,9,41828.47,5,4,3,12
17487,44,10,31673.73,3,4,2,9
17488,4,7,39530.32,5,3,3,11
17489,22,9,51642.9,4,4,4,12
17490,91,4,20402.93,2,1,1,4
17491,15,9,51141.81,5,4,4,13
17492,32,9,40939.59,4,4,3,11
17493,14,10,54595.3,5,4,4,13
17494,76,8,51596.47,2,3,4,9
17495,81,11,80575.5,2,5,5,12
17496,27,13,64040.17,4,5,5,14
17497,84,10,65967.54,2,4,5,11
17498,17,8,37055.52,4,3,3,10
17499,139,6,20261.670000000002,1,2,1,4
17500,111,3,12481.05,1,1,1,3
17501,46,9,50190.92,3,4,4,11
17502,93,9,58909.13,2,4,5,11
17503,3,3,14943.94,5,1,1,7
17504,174,7,45769.130000000005,1,3,4,8
17505,68,5,33729.16,2,1,2,5
17506,17,12,71138.11,4,5,5,14
17507,165,7,43250.659999999996,1,3,3,7
17508,35,9,47777.16,3,4,4,11
17509,3,9,41157.43,5,4,3,12
17510,35,8,33607.97,3,3,2,8
17511,30,10,50598.38,4,4,4,12
17512,58,8,31019.030000000002,3,3,2,8
17513,37,7,40248.21,3,3,3,9
17514,42,9,40769.77,3,4,3,10
17515,7,10,43128.49,5,4,3,12
17516,73,4,21643.07,2,1,1,4
17517,31,5,10569.58,4,1,1,6
17518,97,8,39940.33,2,3,3,8
17519,37,12,65892.84,3,5,5,13
17520,97,9,44778.04,2,4,4,10
17521,76,5,37672.979999999996,2,1,3,6
17522,24,5,25101.95,4,1,1,6
17523,9,12,55572.65,5,5,4,14
17524,330,6,29514.519999999997,1,2,2,5
17525,55,11,53684.0,3,5,4,12
17526,1,6,45971.85,5,2,4,11
17527,35,12,56679.79,3,5,4,12
17528,214,6,25492.12,1,2,2,5
17529,28,13,58997.04,4,5,5,14
17530,52,10,20032.5,3,4,1,8
17531,71,13,82209.86,2,5,5,12
17532,38,11,96110.90000000001,3,5,5,13
17533,234,5,60156.53,1,1,5,7
17534,26,8,44503.69,4,3,3,10
17535,11,12,66266.32,5,5,5,15
17536,34,9,44104.7,4,4,3,11
17537,60,5,19992.219999999998,3,1,1,5
17538,140,9,69571.37,1,4,5,10
17539,3,6,34567.73,5,2,2,9
17540,21,5,11732.1,4,1,1,6
17541,8,8,20044.97,5,3,1,9
17542,18,5,23699.579999999998,4,1,1,6
17543,28,13,71181.69,4,5,5,14
17544,2,7,64592.96,5,3,5,13
17545,30,14,81473.15,4,5,5,14
17546,81,7,45112.91,2,3,4,9
17547,42,11,73512.04000000001,3,5,5,13
17548,125,6,26628.05,1,2,2,5
17549,17,8,28163.6,4,3,2,9
17550,8,9,51043.64,5,4,4,13
17551,20,13,61439.47,4,5,5,14
17552,24,6,33011.94,4,2,2,8
17553,14,12,57758.979999999996,5,5,5,15
17554,339,5,32120.690000000002,1,1,2,4
17555,164,5,16668.13,1,1,1,3
17556,152,6,45483.62,1,2,4,7
17557,65,7,23679.690000000002,2,3,1,6
17558,144,9,48545.49,1,4,4,9
17559,112,10,42355.15,1,4,3,8
17560,41,10,34808.13,3,4,2,9
17561,75,12,42156.18,2,5,3,10
17562,90,5,30883.97,2,1,2,5
17563,35,10,51366.45,3,4,4,11
17564,24,9,47656.54,4,4,4,12
17565,26,8,19923.5,4,3,1,8
17566,253,5,24718.36,1,1,1,3
17567,117,8,45101.990000000005,1,3,4,8
17568,2,10,52083.13,5,4,4,13
17569,19,12,42806.54,4,5,3,12
17570,23,7,43818.45,4,3,3,10
17571,37,3,25415.07,3,1,2,6
17572,21,6,29686.059999999998,4,2,2,8
17573,48,7,46832.65,3,3,4,10
17574,114,5,39173.82,1,1,3,5
17575,14,11,48586.71,5,5,4,14
17576,152,10,69066.69,1,4,5,10
17577,10,7,28232.679999999997,5,3,2,10
17578,119,7,31451.92,1,3,2,6
17579,90,3,16532.37,2,1,1,4
17580,35,8,25858.47,3,3,2,8
17581,1,10,40251.74,5,4,3,12
17582,229,3,32911.67,1,1,2,4
17583,123,8,50989.42,1,3,4,8
17584,59,7,41627.32,3,3,3,9
17585,97,3,13045.04,2,1,1,4
17586,247,7,23257.510000000002,1,3,1,5
17587,14,8,62781.29,5,3,5,13
17588,3,14,77463.72,5,5,5,15
17589,124,5,25864.82,1,1,2,4
17590,38,13,97758.45999999999,3,5,5,13
17591,16,10,57094.11,4,4,5,13
17592,93,5,27655.74,2,1,2,5
17593,30,8,28831.99,4,3,2,9
17594,19,10,52670.16,4,4,4,12
17595,97,6,32306.02,2,2,2,6
17596,32,6,29861.84,4,2,2,8
17597,13,9,38183.65,5,4,3,12
17598,47,9,36574.8,3,4,3,10
17599,102,8,18131.62,2,3,1,6
17600,116,12,48506.2,1,5,4,10
17601,53,6,42868.14,3,2,3,8
17602,8,7,35164.37,5,3,3,11
17603,35,15,66648.51,3,5,5,13
17604,1,11,47411.19,5,5,4,14
17605,4,9,39804.17,5,4,3,12
17606,53,8,40538.48,3,3,3,9
17607,21,10,58452.92999999999,4,4,5,13
17608,60,8,47556.07,3,3,4,10
17609,7,4,14956.29,5,1,1,7
17610,38,4,22135.0,3,1,1,5
17611,89,10,60732.54,2,4,5,11
17612,2,8,44934.56,5,3,4,12
17613,12,11,54033.38,5,5,4,14
17614,15,6,19483.34,5,2,1,8
17615,104,5,28732.31,2,1,2,5
17616,65,10,42337.65,2,4,3,9
17617,4,5,30029.09,5,1,2,8
17618,55,7,27167.72,3,3,2,8
17619,78,8,34475.18,2,3,2,7
17620,2,4,15600.84,5,1,1,7
17621,120,9,57756.8,1,4,5,10
17622,88,9,24541.989999999998,2,4,1,7
17623,87,6,44616.9,2,2,4,8
17624,93,6,39395.340000000004,2,2,3,7
17625,31,7,30431.43,4,3,2,9
17626,94,6,8711.29,2,2,1,5
17627,215,2,6905.29,1,1,1,3
17628,108,10,47171.42,2,4,4,10
17629,16,15,54857.61,4,5,4,13
17630,66,8,66029.01,2,3,5,10
17631,72,15,134062.15,2,5,5,12
17632,36,6,17859.379999999997,3,2,1,6
17633,226,5,23498.39,1,1,1,3
17634,196,6,41910.16,1,2,3,6
17635,38,9,58977.84,3,4,5,12
17636,74,11,60569.62,2,5,5,12
17637,4,4,41423.98,5,1,3,9
17638,17,15,45474.83,4,5,4,13
17639,10,7,26808.9,5,3,2,10
17640,18,9,43626.62,4,4,3,11
17641,307,2,3378.1400000000003,1,1,1,3
17642,150,9,51382.72,1,4,4,9
17643,23,11,70563.88,4,5,5,14
17644,68,7,34389.06,2,3,2,7
17645,225,4,20689.79,1,1,1,3
17646,10,10,57564.59,5,4,5,14
17647,15,12,69480.68000000001,5,5,5,15
17648,23,12,67209.56999999999,4,5,5,14
17649,45,9,85017.93,3,4,5,12
17650,137,7,29664.73,1,3,2,6
17651,90,4,15546.77,2,1,1,4
17652,76,13,35997.25,2,5,3,10
17653,7,5,13371.92,5,1,1,7
17654,48,11,36736.72,3,5,3,11
17655,60,9,47031.83,3,4,4,11
17656,18,8,51662.47,4,3,4,11
17657,46,14,89809.06,3,5,5,13
17658,81,12,66190.6,2,5,5,12
17659,27,10,50247.65,4,4,4,12
17660,205,9,19627.88,1,4,1,6
17661,22,5,20043.26,4,1,1,6
17662,171,8,33773.51,1,3,2,6
17663,15,6,39864.270000000004,5,2,3,10
17664,15,11,87608.44,5,5,5,15
17665,17,9,55547.46,4,4,4,12
17666,167,5,39594.11,1,1,3,5
17667,42,6,24972.469999999998,3,2,1,6
17668,94,9,36538.53,2,4,3,9
17669,24,11,55523.55,4,5,4,13
17670,35,6,26756.27,3,2,2,7
17671,18,11,45976.81,4,5,4,13
17672,18,7,23278.99,4,3,1,8
17673,39,3,20312.82,3,1,1,5
17674,110,7,36240.34,1,3,3,7
17675,48,6,30709.73,3,2,2,7
17676,61,10,73152.20999999999,3,4,5,12
17677,59,8,52352.73,3,3,4,10
17678,53,8,41013.97,3,3,3,9
17679,25,8,22611.190000000002,4,3,1,8
17680,75,10,66476.43000000001,2,4,5,11
17681,25,11,66777.24,4,5,5,14
17682,72,10,31310.36,2,4,2,8
17683,153,4,14121.490000000002,1,1,1,3
17684,5,5,34926.590000000004,5,1,3,9
17685,86,5,28973.43,2,1,2,5
17686,15,9,57138.27,5,4,5,14
17687,13,8,27470.199999999997,5,3,2,10
17688,3,13,53979.549999999996,5,5,4,14
17689,60,4,25804.04,3,1,2,6
17690,39,10,59581.09,3,4,5,12
17691,121,8,49796.1,1,3,4,8
17692,6,4,26622.62,5,1,2,8
17693,67,7,35589.94,2,3,3,8
17694,181,5,25622.34,1,1,2,4
17695,128,6,27305.239999999998,1,2,2,5
17696,1,10,49105.58,5,4,4,13
17697,145,6,22107.76,1,2,1,4
17698,26,14,70004.70999999999,4,5,5,14
17699,135,11,43397.99,1,5,3,9
17700,70,7,42488.78,2,3,3,8
17701,30,13,55139.06,4,5,4,13
17702,94,11,45152.36,2,5,4,11
17703,26,9,62622.05,4,4,5,13
17704,118,9,59405.020000000004,1,4,5,10
17705,4,13,45485.74,5,5,4,14
17706,76,13,87321.69,2,5,5,12
17707,5,8,40358.45,5,3,3,11
17708,1,15,82549.5,5,5,5,15
17709,19,13,62375.47,4,5,5,14
17710,24,6,28677.11,4,2,2,8
17711,68,8,39656.36,2,3,3,8
17712,31,11,71061.56,4,5,5,14
17713,18,10,38151.65,4,4,3,11
17714,43,8,42883.58,3,3,3,9
17715,14,11,28624.91,5,5,2,12
17716,86,4,15503.72,2,1,1,4
17717,63,9,57057.700000000004,2,4,5,11
17718,18,11,31361.82,4,5,2,11
17719,31,12,49504.34,4,5,4,13
17720,61,9,66247.94,3,4,5,12
17721,221,6,42237.14,1,2,3,6
17722,122,8,42083.31,1,3,3,7
17723,160,5,16400.58,1,1,1,3
17724,133,4,15258.98,1,1,1,3
17725,43,12,57269.12,3,5,5,13
17726,53,6,26423.66,3,2,2,7
17727,101,12,56440.58,2,5,4,11
17728,41,11,73598.43,3,5,5,13
17729,218,4,11002.18,1,1,1,3
17730,13,10,59015.619999999995,5,4,5,14
17731,159,10,54222.18,1,4,4,9
17732,6,7,23530.23,5,3,1,9
17733,61,11,88827.15000000001,3,5,5,13
17734,168,9,35062.24,1,4,3,8
17735,82,9,40237.76,2,4,3,9
17736,91,3,31342.64,2,1,2,5
17737,44,12,72356.02,3,5,5,13
17738,134,10,63836.64,1,4,5,10
17739,27,12,60454.52,4,5,5,14
17740,51,9,50675.26,3,4,4,11
17741,50,12,38028.24,3,5,3,11
17742,18,9,38309.64,4,4,3,11
17743,115,7,43750.65,1,3,3,7
17744,79,10,38128.14,2,4,3,9
17745,8,7,38894.840000000004,5,3,3,11
17746,23,6,46766.12,4,2,4,10
17747,135,8,42132.44,1,3,3,7
17748,35,13,47959.45,3,5,4,12
17749,129,10,58436.72,1,4,5,10
17750,35,8,54786.19,3,3,4,10
17751,11,9,33366.01,5,4,2,11
17752,284,2,21051.940000000002,1,1,1,3
17753,14,13,50321.98,5,5,4,14
17754,25,10,19486.87,4,4,1,9
17755,90,6,37217.99,2,2,3,7
17756,43,7,37646.18,3,3,3,9
17757,132,11,58215.12,1,5,5,11
17758,110,13,65425.130000000005,1,5,5,11
17759,77,4,25919.940000000002,2,1,2,5
17760,83,9,52873.28,2,4,4,10
17761,135,6,27314.14,1,2,2,5
17762,11,9,55867.71,5,4,4,13
17763,90,6,15481.33,2,2,1,5
17764,86,9,31456.3,2,4,2,8
17765,29,8,18577.21,4,3,1,8
17766,14,5,29283.26,5,1,2,8
17767,32,9,41665.15,4,4,3,11
17768,110,8,64631.27,1,3,5,9
17769,5,9,38587.12,5,4,3,12
17770,168,4,19919.73,1,1,1,3
17771,105,5,28899.46,2,1,2,5
17772,83,8,47644.18,2,3,4,9
17773,106,6,20196.65,2,2,1,5
17774,168,10,65483.5,1,4,5,10
17775,27,6,20301.19,4,2,1,7
17776,81,11,40662.380000000005,2,5,3,10
17777,31,10,49278.24,4,4,4,12
17778,44,12,87076.55,3,5,5,13
17779,55,7,42388.92,3,3,3,9
17780,131,3,3846.66,1,1,1,3
17781,155,11,53375.7,1,5,4,10
17782,31,5,30557.129999999997,4,1,2,7
17783,131,9,35762.34,1,4,3,8
17784,166,3,6226.99,1,1,1,3
17785,96,10,50193.6,2,4,4,10
17786,6,6,26467.03,5,2,2,9
17787,26,10,65458.6,4,4,5,13
17788,19,7,38921.5,4,3,3,10
17789,34,9,54971.09,4,4,4,12
17790,25,9,21146.21,4,4,1,9
17791,144,2,2718.16,1,1,1,3
17792,183,7,31754.97,1,3,2,6
17793,71,4,25669.030000000002,2,1,2,5
17794,38,10,58242.81,3,4,5,12
17795,45,9,28684.859999999997,3,4,2,9
17796,34,8,43441.19,4,3,3,10
17797,5,11,46173.3,5,5,4,14
17798,76,5,11319.49,2,1,1,4
17799,49,8,38596.119999999995,3,3,3,9
17800,3,10,59025.67,5,4,5,14
17801,45,7,24978.79,3,3,1,7
17802,1,7,31528.260000000002,5,3,2,10
17803,218,6,20740.5,1,2,1,4
17804,29,11,52316.77,4,5,4,13
17805,134,8,29594.49,1,3,2,6
17806,17,8,35759.12,4,3,3,10
17807,61,3,16779.0,3,1,1,5
17808,106,7,28040.530000000002,2,3,2,7
17809,11,7,49268.44,5,3,4,12
17810,33,10,55023.06,4,4,4,12
17811,6,9,80105.25,5,4,5,14
17812,38,5,19189.940000000002,3,1,1,5
17813,8,9,45656.15,5,4,4,13
17814,9,9,52381.01,5,4,4,13
17815,41,6,57351.909999999996,3,2,5,10
17816,61,9,72455.98,3,4,5,12
17817,2,9,51379.909999999996,5,4,4,13
17818,59,10,45510.59,3,4,4,11
17819,113,7,39328.5,1,3,3,7
17820,106,7,58709.96,2,3,5,10
17821,260,3,13325.48,1,1,1,3
17822,86,9,19072.29,2,4,1,7
17823,20,12,72454.58,4,5,5,14
17824,5,9,35620.21,5,4,3,12
17825,28,7,20674.11,4,3,1,8
17826,112,9,43590.64,1,4,3,8
17827,145,9,61708.06,1,4,5,10
17828,21,10,49844.85,4,4,4,12
17829,119,7,29835.719999999998,1,3,2,6
17830,16,13,59983.020000000004,4,5,5,14
17831,8,7,37712.39,5,3,3,11
17832,85,9,46622.880000000005,2,4,4,10
17833,18,10,65077.25,4,4,5,13
17834,39,7,50137.53,3,3,4,10
17835,88,9,30643.43,2,4,2,8
17836,92,6,30755.25,2,2,2,6
17837,77,9,27579.88,2,4,2,8
17838,22,18,65481.38,4,5,5,14
17839,196,4,11937.3,1,1,1,3
17840,4,7,26705.27,5,3,2,10
17841,22,9,26871.42,4,4,2,10
17842,63,10,50279.28,2,4,4,10
17843,102,7,49090.92,2,3,4,9
17844,15,9,61783.82,5,4,5,14
17845,381,2,7838.64,1,1,1,3
17846,31,10,54327.0,4,4,4,12
17847,152,9,33229.76,1,4,2,7
17848,23,6,18077.09,4,2,1,7
17849,153,8,35647.229999999996,1,3,3,7
17850,37,8,46677.39,3,3,4,10
17851,99,7,18463.2,2,3,1,6
17852,58,13,73745.87,3,5,5,13
17853,60,10,40780.07,3,4,3,10
17854,14,8,45939.91,5,3,4,12
17855,96,10,35289.68,2,4,3,9
17856,281,4,21080.0,1,1,1,3
17857,111,6,50961.26,1,2,4,7
17858,100,16,58338.12,2,5,5,12
17859,75,9,34392.65,2,4,2,8
17860,78,6,27938.71,2,2,2,6
17861,11,10,64583.75,5,4,5,14
17862,29,8,46949.89,4,3,4,11
17863,73,9,36390.05,2,4,3,9
17864,2,9,51381.93,5,4,4,13
17865,50,12,53595.89,3,5,4,12
17866,30,9,29296.28,4,4,2,10
17867,119,8,48301.829999999994,1,3,4,8
17868,7,8,31601.829999999998,5,3,2,10
17869,2,5,25461.0,5,1,2,8
17870,44,7,52153.43,3,3,4,10
17871,90,7,53121.049999999996,2,3,4,9
17872,18,12,69074.8,4,5,5,14
17873,35,9,51100.81,3,4,4,11
17874,131,5,33552.69,1,1,2,4
17875,12,5,27588.34,5,1,2,8
17876,214,4,37065.91,1,1,3,5
17877,23,16,65182.93,4,5,5,14
17878,37,7,23822.010000000002,3,3,1,7
17879,15,6,64247.92,5,2,5,12
17880,12,9,50214.590000000004,5,4,4,13
17881,127,6,19614.96,1,2,1,4
17882,43,10,41540.36,3,4,3,10
17883,12,14,75224.20999999999,5,5,5,15
17884,22,9,47220.880000000005,4,4,4,12
17885,101,5,32274.91,2,1,2,5
17886,210,7,35411.79,1,3,3,7
17887,39,8,65327.649999999994,3,3,5,11
17888,16,4,28165.11,4,1,2,7
17889,72,8,41095.14,2,3,3,8
17890,31,7,45924.93,4,3,4,11
17891,143,10,66672.45,1,4,5,10
17892,37,3,14028.390000000001,3,1,1,5
17893,35,13,65283.79,3,5,5,13
17894,14,9,71539.89,5,4,5,14
17895,69,11,33808.56,2,5,2,9
17896,36,9,32534.0,3,4,2,9
17897,91,7,49951.51,2,3,4,9
17898,54,9,50726.07,3,4,4,11
17899,7,8,63805.82,5,3,5,13
17900,146,9,42098.77,1,4,3,8
17901,106,6,33107.97,2,2,2,6
17902,39,9,45552.07,3,4,4,11
17903,119,6,28696.010000000002,1,2,2,5
17904,117,5,19664.82,1,1,1,3
17905,61,13,67054.70999999999,3,5,5,13
17906,2,8,26757.14,5,3,2,10
17907,202,8,52574.990000000005,1,3,4,8
17908,52,11,49240.75,3,5,4,12
17909,12,7,23918.7,5,3,1,9
17910,29,7,36642.69,4,3,3,10
17911,58,5,41562.49,3,1,3,7
17912,74,9,40423.74,2,4,3,9
17913,80,10,43760.82,2,4,3,9
17914,7,9,69285.07,5,4,5,14
17915,26,10,39237.95,4,4,3,11
17916,58,13,47715.78,3,5,4,12
17917,192,9,25994.670000000002,1,4,2,7
17918,186,4,13241.98,1,1,1,3
17919,60,9,59086.14,3,4,5,12
17920,114,8,51793.439999999995,1,3,4,8
17921,10,10,36032.2,5,4,3,12
17922,33,12,65822.49,4,5,5,14
17923,9,14,59494.57,5,5,5,15
17924,63,4,12154.24,2,1,1,4
17925,12,8,39378.909999999996,5,3,3,11
17926,22,8,52944.310000000005,4,3,4,11
17927,106,12,63402.979999999996,2,5,5,12
17928,55,7,42858.020000000004,3,3,3,9
17929,106,5,29484.46,2,1,2,5
17930,20,7,37860.630000000005,4,3,3,10
17931,70,7,39364.97,2,3,3,8
17932,136,6,26223.230000000003,1,2,2,5
17933,38,7,24111.63,3,3,1,7
17934,98,7,57904.48,2,3,5,10
17935,25,13,48176.15,4,5,4,13
17936,134,5,41253.37,1,1,3,5
17937,143,6,19677.78,1,2,1,4
17938,3,7,49194.82,5,3,4,12
17939,91,10,44863.51,2,4,4,10
17940,196,7,31501.56,1,3,2,6
17941,28,7,49121.450000000004,4,3,4,11
17942,31,8,31393.54,4,3,2,9
17943,144,5,23854.39,1,1,1,3
17944,21,12,77290.44,4,5,5,14
17945,11,6,25020.79,5,2,1,8
17946,1,2,11978.4,5,1,1,7
17947,37,7,51265.93,3,3,4,10
17948,4,7,16427.35,5,3,1,9
17949,59,11,53265.61,3,5,4,12
17950,15,8,34017.99,5,3,2,10
17951,188,5,39463.68,1,1,3,5
17952,21,9,72620.5,4,4,5,13
17953,12,8,27072.629999999997,5,3,2,10
17954,82,15,116145.15,2,5,5,12
17955,77,6,13301.01,2,2,1,5
17956,33,8,55901.72,4,3,4,11
17957,1,9,60035.72,5,4,5,14
17958,61,13,94693.26,3,5,5,13
17959,45,9,67175.02,3,4,5,12
17960,5,9,52594.57,5,4,4,13
17961,17,14,90863.67,4,5,5,14
17962,74,9,57631.869999999995,2,4,5,11
17963,8,14,74655.05,5,5,5,15
17964,86,8,34063.05,2,3,2,7
17965,17,10,45519.82,4,4,4,12
17966,147,5,15730.8,1,1,1,3
17967,11,3,23250.11,5,1,1,7
17968,44,8,43759.94,3,3,3,9
17969,30,6,36218.42,4,2,3,9
17970,52,8,53646.37,3,3,4,10
17971,1,11,44021.56,5,5,3,13
17972,116,6,24701.03,1,2,1,4
17973,36,8,39601.15,3,3,3,9
17974,77,8,39984.17,2,3,3,8
17975,16,10,57752.7,4,4,5,13
17976,53,7,30145.54,3,3,2,8
17977,4,8,29719.16,5,3,2,10
17978,37,7,26518.550000000003,3,3,2,8
17979,54,6,22743.850000000002,3,2,1,6
17980,8,14,81964.11,5,5,5,15
17981,51,16,104869.31,3,5,5,13
17982,187,9,26822.6,1,4,2,7
17983,11,8,49082.69,5,3,4,12
17984,131,9,22280.53,1,4,1,6
17985,57,8,41987.3,3,3,3,9
17986,25,8,62720.490000000005,4,3,5,12
17987,92,7,37564.479999999996,2,3,3,8
17988,81,6,34803.86,2,2,2,6
17989,38,8,41781.06999999999,3,3,3,9
17990,2,8,51682.43,5,3,4,12
17991,42,8,42110.45,3,3,3,9
17992,26,9,26749.66,4,4,2,10
17993,11,10,68391.58,5,4,5,14
17994,225,8,38142.88,1,3,3,7
17995,212,5,20219.64,1,1,1,3
17996,153,5,20002.42,1,1,1,3
17997,57,8,23943.16,3,3,1,7
17998,145,3,14098.28,1,1,1,3
17999,49,11,80915.99,3,5,5,13
18000,115,4,16684.79,1,1,1,3
18001,24,8,23999.93,4,3,1,8
18002,325,3,3059.2200000000003,1,1,1,3
18003,64,8,40980.39,2,3,3,8
18004,24,8,47585.48,4,3,4,11
18005,102,8,41826.86,2,3,3,8
18006,46,8,36637.65,3,3,3,9
18007,40,7,38523.11,3,3,3,9
18008,15,9,82702.08,5,4,5,14
18009,2,6,34298.39,5,2,2,9
18010,12,6,19746.46,5,2,1,8
18011,73,8,51690.83,2,3,4,9
18012,141,12,78664.69,1,5,5,11
18013,52,9,24415.75,3,4,1,8
18014,51,9,38820.17,3,4,3,10
18015,110,12,51283.94,1,5,4,10
18016,9,10,64768.57,5,4,5,14
18017,22,8,38970.38,4,3,3,10
18018,65,13,79402.88,2,5,5,12
18019,7,9,19743.0,5,4,1,10
18020,22,6,39768.8,4,2,3,9
18021,26,9,44271.71,4,4,3,11
18022,169,5,23187.22,1,1,1,3
18023,50,6,35450.26,3,2,3,8
18024,4,8,37346.51,5,3,3,11
18025,14,11,41388.86,5,5,3,13
18026,221,8,39195.799999999996,1,3,3,7
18027,37,11,60395.21,3,5,5,13
18028,189,6,29109.15,1,2,2,5
18029,48,11,67711.83,3,5,5,13
18030,238,5,32571.67,1,1,2,4
18031,17,6,18405.1,4,2,1,7
18032,4,6,43345.83,5,2,3,10
18033,253,2,11352.73,1,1,1,3
18034,47,7,44015.1,3,3,3,9
18035,24,10,47383.99,4,4,4,12
18036,120,5,16756.329999999998,1,1,1,3
18037,45,12,41516.89,3,5,3,11
18038,9,8,35593.06,5,3,3,11
18039,93,5,28620.73,2,1,2,5
18040,10,10,39988.87,5,4,3,12
18041,104,10,53359.090000000004,2,4,4,10
18042,32,8,29871.75,4,3,2,9
18043,43,13,73708.98,3,5,5,13
18044,186,6,27273.089999999997,1,2,2,5
18045,101,12,82841.23999999999,2,5,5,12
18046,85,14,65629.17,2,5,5,12
18047,159,6,26132.77,1,2,2,5
18048,35,6,34922.38,3,2,3,8
18049,129,5,29257.53,1,1,2,4
18050,78,6,31941.75,2,2,2,6
18051,87,7,27596.81,2,3,2,7
18052,48,14,62043.17,3,5,5,13
18053,138,9,54746.54,1,4,4,9
18054,56,8,40862.54,3,3,3,9
18055,61,12,57854.59,3,5,5,13
18056,91,6,13599.51,2,2,1,5
18057,38,10,52049.159999999996,3,4,4,11
18058,52,8,48696.21,3,3,4,10
18059,72,7,34878.74,2,3,3,8
18060,6,15,65852.97,5,5,5,15
18061,60,13,105587.98,3,5,5,13
18062,2,8,30191.149999999998,5,3,2,10
18063,76,9,57431.29,2,4,5,11
18064,10,9,28286.49,5,4,2,11
18065,11,7,56370.91,5,3,4,12
18066,62,12,59286.32,2,5,5,12
18067,25,8,33605.39,4,3,2,9
18068,10,8,45043.77,5,3,4,12
18069,30,8,72967.39,4,3,5,12
18070,2,13,60308.32,5,5,5,15
18071,28,5,14608.239999999998,4,1,1,6
18072,7,10,55410.55,5,4,4,13
18073,52,6,21286.37,3,2,1,6
18074,64,10,58635.81,2,4,5,11
18075,9,6,16299.560000000001,5,2,1,8
18076,155,7,48429.009999999995,1,3,4,8
18077,32,7,28284.19,4,3,2,9
18078,49,11,29352.379999999997,3,5,2,10
18079,129,7,25762.81,1,3,2,6
18080,160,5,18956.85,1,1,1,3
18081,51,7,48829.29,3,3,4,10
18082,113,8,44143.369999999995,1,3,3,7
18083,219,2,12635.16,1,1,1,3
18084,126,9,55392.26,1,4,4,9
18085,4,15,91569.15000000001,5,5,5,15
18086,64,7,35281.850000000006,2,3,3,8
18087,221,7,39885.53,1,3,3,7
18088,84,10,60519.96,2,4,5,11
18089,64,12,50571.36,2,5,4,11
18090,1,10,44590.44,5,4,4,13
18091,95,7,39327.29,2,3,3,8
18092,103,13,65580.45,2,5,5,12
18093,177,7,29702.51,1,3,2,6
18094,107,8,29658.78,2,3,2,7
18095,47,10,37994.75,3,4,3,10
18096,4,12,60728.3,5,5,5,15
18097,5,7,31619.75,5,3,2,10
18098,57,11,55544.909999999996,3,5,4,12
18099,8,7,36441.46,5,3,3,11
18100,57,9,31182.489999999998,3,4,2,9
18101,8,7,50173.91,5,3,4,12
18102,28,13,89735.2,4,5,5,14
18103,32,9,48986.97,4,4,4,12
18104,16,9,42641.46,4,4,3,11
18105,158,9,43797.61,1,4,3,8
18106,3,11,60615.31,5,5,5,15
18107,28,12,51173.51,4,5,4,13
18108,46,4,21272.41,3,1,1,5
18109,24,12,54167.68,4,5,4,13
18110,108,7,30121.97,2,3,2,7
18111,43,8,29796.739999999998,3,3,2,8
18112,27,7,36897.3,4,3,3,10
18113,94,8,39631.020000000004,2,3,3,8
18114,3,15,74328.34999999999,5,5,5,15
18115,28,11,67028.55,4,5,5,14
18116,50,9,63988.61,3,4,5,12
18117,9,5,39494.009999999995,5,1,3,9
18118,188,4,34052.61,1,1,2,4
18119,20,8,34912.43,4,3,3,10
18120,95,9,43478.7,2,4,3,9
18121,24,11,33539.87,4,5,2,11
18122,150,7,31036.65,1,3,2,6
18123,16,8,41137.06,4,3,3,10
18124,224,5,22630.77,1,1,1,3
18125,96,6,47010.42,2,2,4,8
18126,87,9,49417.66,2,4,4,10
18127,116,5,22968.68,1,1,1,3
18128,15,13,65456.78,5,5,5,15
18129,57,8,32580.75,3,3,2,8
18130,108,9,66638.46,2,4,5,11
18131,55,8,17919.34,3,3,1,7
18132,313,5,29920.49,1,1,2,4
18133,2,8,42473.98,5,3,3,11
18134,36,14,69726.12,3,5,5,13
18135,275,5,25576.77,1,1,2,4
18136,19,5,27029.65,4,1,2,7
18137,252,8,21186.04,1,3,1,5
18138,75,2,12516.939999999999,2,1,1,4
18139,133,7,49374.94,1,3,4,8
18140,74,6,43380.03,2,2,3,7
18141,90,5,19725.2,2,1,1,4
18142,7,4,21808.73,5,1,1,7
18143,35,15,74463.42,3,5,5,13
18144,184,10,35336.55,1,4,3,8
18145,154,4,16932.61,1,1,1,3
18146,12,7,21206.75,5,3,1,9
18147,152,8,35322.5,1,3,3,7
18148,4,5,47120.47,5,1,4,10
18149,7,6,38768.41,5,2,3,10
18150,258,2,15923.37,1,1,1,3
18151,75,11,58409.75,2,5,5,12
18152,188,8,45519.27,1,3,4,8
18153,77,8,34527.19,2,3,2,7
18154,121,5,10072.6,1,1,1,3
18155,69,8,37877.54,2,3,3,8
18156,7,10,68095.58,5,4,5,14
18157,61,4,21714.8,3,1,1,5
18158,21,13,49392.700000000004,4,5,4,13
18159,75,5,24526.28,2,1,1,4
18160,52,6,42051.369999999995,3,2,3,8
18161,74,7,20905.43,2,3,1,6
18162,1,10,45443.02,5,4,4,13
18163,39,7,32437.719999999998,3,3,2,8
18164,2,14,79428.84,5,5,5,15
18165,247,7,29724.61,1,3,2,6
18166,1,6,37500.04,5,2,3,10
18167,89,8,31258.6,2,3,2,7
18168,16,9,42887.16,4,4,3,11
18169,10,9,39124.81,5,4,3,12
18170,12,7,42886.09,5,3,3,11
18171,28,6,18393.57,4,2,1,7
18172,145,6,33393.72,1,2,2,5
18173,164,9,37462.81,1,4,3,8
18174,22,14,53028.37,4,5,4,13
18175,13,11,61250.29,5,5,5,15
18176,96,9,23792.02,2,4,1,7
18177,45,9,31506.46,3,4,2,9
18178,13,6,37344.83,5,2,3,10
18179,71,10,36121.899999999994,2,4,3,9
18180,50,8,60639.45,3,3,5,11
18181,77,7,25075.11,2,3,1,6
18182,52,7,40330.6,3,3,3,9
18183,5,10,39355.75,5,4,3,12
18184,138,8,34622.83,1,3,2,6
18185,9,9,36795.89,5,4,3,12
18186,40,9,51175.28,3,4,4,11
18187,102,8,24228.12,2,3,1,6
18188,22,8,42094.66,4,3,3,10
18189,59,6,47127.43,3,2,4,9
18190,42,8,61903.159999999996,3,3,5,11
18191,293,3,18018.39,1,1,1,3
18192,29,9,61396.91,4,4,5,13
18193,11,9,45145.0,5,4,4,13
18194,12,10,32880.74,5,4,2,11
18195,13,10,26892.6,5,4,2,11
18196,38,8,45963.52,3,3,4,10
18197,74,6,29161.12,2,2,2,6
18198,33,9,22849.14,4,4,1,9
18199,124,4,11280.3,1,1,1,3
18200,27,2,15922.23,4,1,1,6
18201,43,6,31825.3,3,2,2,7
18202,311,2,7392.89,1,1,1,3
18203,445,1,9302.25,1,1,1,3
18204,118,10,53563.17,1,4,4,9
18205,8,8,42782.53,5,3,3,11
18206,118,6,24898.94,1,2,1,4
18207,213,9,59552.46,1,4,5,10
18208,17,7,36507.659999999996,4,3,3,10
18209,22,7,42376.75,4,3,3,10
18210,92,6,30732.02,2,2,2,6
18211,5,7,25133.37,5,3,1,9
18212,124,3,16491.89,1,1,1,3
18213,40,10,57789.47,3,4,5,12
18214,81,6,19044.19,2,2,1,5
18215,79,6,24056.95,2,2,1,5
18216,160,5,17085.98,1,1,1,3
18217,61,13,86477.18,3,5,5,13
18218,57,14,61869.56,3,5,5,13
18219,18,9,62186.310000000005,4,4,5,13
18220,26,6,38795.6,4,2,3,9
18221,2,11,74665.97,5,5,5,15
18222,71,6,26968.379999999997,2,2,2,6
18223,26,6,26075.72,4,2,2,8
18224,247,7,34317.57,1,3,2,6
18225,201,10,48711.2,1,4,4,9
18226,52,12,70562.68,3,5,5,13
18227,66,9,57750.619999999995,2,4,5,11
18228,49,12,71495.83,3,5,5,13
18229,27,12,39383.58,4,5,3,12
18230,62,6,31862.86,2,2,2,6
18231,156,4,11409.64,1,1,1,3
18232,54,4,13513.59,3,1,1,5
18233,40,5,22778.77,3,1,1,5
18234,97,12,52267.18,2,5,4,11
18235,61,12,61554.17,3,5,5,13
18236,2,6,35112.15,5,2,3,10
18237,7,14,76120.67,5,5,5,15
18238,65,12,49189.45,2,5,4,11
18239,32,10,73609.65,4,4,5,13
18240,18,12,64493.72,4,5,5,14
18241,31,14,66105.17,4,5,5,14
18242,51,7,19943.41,3,3,1,7
18243,7,11,64400.98999999999,5,5,5,15
18244,7,9,40254.990000000005,5,4,3,12
18245,27,14,86489.85,4,5,5,14
18246,22,6,37254.19,4,2,3,9
18247,16,7,37287.33,4,3,3,10
18248,43,11,68166.54000000001,3,5,5,13
18249,42,11,61449.24,3,5,5,13
18250,28,8,30649.699999999997,4,3,2,9
18251,4,9,39161.68,5,4,3,12
18252,164,7,30255.82,1,3,2,6
18253,47,7,25725.46,3,3,2,8
18254,105,11,46338.840000000004,2,5,4,11
18255,23,6,30149.02,4,2,2,8
18256,79,7,55427.71,2,3,4,9
18257,123,4,18060.25,1,1,1,3
18258,56,8,56713.61,3,3,4,10
18259,4,13,60995.009999999995,5,5,5,15
18260,24,11,66522.93000000001,4,5,5,14
18261,99,9,44788.909999999996,2,4,4,10
18262,80,11,42831.46,2,5,3,10
18263,32,14,82007.06,4,5,5,14
18264,32,4,21059.579999999998,4,1,1,6
18265,25,14,73919.23,4,5,5,14
18266,21,5,21100.6,4,1,1,6
18267,69,5,21625.28,2,1,1,4
18268,22,9,28494.08,4,4,2,10
18269,82,3,26448.48,2,1,2,5
18270,49,12,44529.240000000005,3,5,3,11
18271,65,8,42469.05,2,3,3,8
18272,71,11,82221.43,2,5,5,12
18273,92,10,42647.21,2,4,3,9
18274,18,13,86226.67,4,5,5,14
18275,83,7,13762.900000000001,2,3,1,6
18276,56,4,25626.649999999998,3,1,2,6
18277,116,7,26768.58,1,3,2,6
18278,79,5,28638.11,2,1,2,5
18279,213,5,13923.51,1,1,1,3
18280,39,6,44178.73,3,2,3,8
18281,51,9,45526.86,3,4,4,11
18282,74,8,38157.659999999996,2,3,3,8
18283,39,9,37465.81,3,4,3,10
18284,100,7,61484.869999999995,2,3,5,10
18285,27,10,32410.24,4,4,2,10
18286,164,5,15425.17,1,1,1,3
18287,19,7,22503.64,4,3,1,8
18288,73,4,23233.38,2,1,1,4
18289,7,9,50049.48,5,4,4,13
18290,113,6,28589.56,1,2,2,5
18291,26,15,82133.28,4,5,5,14
18292,64,15,71296.72,2,5,5,12
18293,5,6,50934.69,5,2,4,11
18294,8,10,42150.57,5,4,3,12
18295,73,10,53445.44,2,4,4,10
18296,24,4,21452.55,4,1,1,6
18297,160,9,32107.09,1,4,2,7
18298,8,9,51675.840000000004,5,4,4,13
18299,59,7,41900.81,3,3,3,9
18300,20,9,45988.26,4,4,4,12
18301,117,8,16340.53,1,3,1,5
18302,472,2,2189.05,1,1,1,3
18303,138,4,20805.23,1,1,1,3
18304,36,16,58500.29,3,5,5,13
18305,24,8,51575.03,4,3,4,11
18306,32,9,43532.409999999996,4,4,3,11
18307,144,10,61358.45,1,4,5,10
18308,139,5,17353.8,1,1,1,3
18309,161,6,26785.67,1,2,2,5
18310,44,6,49335.72,3,2,4,9
18311,21,8,32598.8,4,3,2,9
18312,158,5,23909.61,1,1,1,3
18313,28,8,21635.59,4,3,1,8
18314,59,14,98973.45999999999,3,5,5,13
18315,194,8,27816.41,1,3,2,6
18316,3,5,24240.350000000002,5,1,1,7
18317,38,6,35658.75,3,2,3,8
18318,9,9,35590.45,5,4,3,12
18319,60,7,21501.67,3,3,1,7
18320,53,9,49037.5,3,4,4,11
18321,4,9,24171.05,5,4,1,10
18322,19,7,27767.719999999998,4,3,2,9
18323,1,9,37795.47,5,4,3,12
18324,54,7,31487.22,3,3,2,8
18325,15,8,23247.88,5,3,1,9
18326,36,13,33392.57,3,5,2,10
18327,27,6,20648.55,4,2,1,7
18328,79,5,36813.08,2,1,3,6
18329,169,5,19160.67,1,1,1,3
18330,13,13,69356.41,5,5,5,15
18331,34,8,34139.9,4,3,2,9
18332,58,7,16709.76,3,3,1,7
18333,41,9,44306.38,3,4,3,10
18334,331,6,34567.83,1,2,2,5
18335,234,2,11222.45,1,1,1,3
18336,34,10,41045.31,4,4,3,11
18337,23,10,60066.81,4,4,5,13
18338,18,7,37976.03,4,3,3,10
18339,19,9,23912.4,4,4,1,9
18340,59,2,3745.7699999999995,3,1,1,5
18341,31,7,29174.03,4,3,2,9
18342,13,9,31320.95,5,4,2,11
18343,11,7,31083.71,5,3,2,10
18344,49,5,37357.75,3,1,3,7
18345,57,3,18754.61,3,1,1,5
18346,320,1,12709.06,1,1,1,3
18347,54,6,37987.45,3,2,3,8
18348,126,8,26285.539999999997,1,3,2,6
18349,56,5,33547.1,3,1,2,6
18350,145,4,13187.18,1,1,1,3
18351,14,14,73058.42,5,5,5,15
18352,80,11,52083.37,2,5,4,11
18353,63,3,11773.34,2,1,1,4
18354,6,8,38726.36,5,3,3,11
18355,188,6,16321.88,1,2,1,4
18356,159,7,23348.69,1,3,1,5
18357,76,10,72881.17,2,4,5,11
18358,4,10,41136.27,5,4,3,12
18359,19,4,13546.590000000002,4,1,1,6
18360,28,6,34821.41,4,2,2,8
18361,2,10,84950.78,5,4,5,14
18362,19,4,20023.079999999998,4,1,1,6
18363,133,5,19040.29,1,1,1,3
18364,14,7,33675.22,5,3,2,10
18365,31,5,29945.68,4,1,2,7
18366,86,6,24011.11,2,2,1,5
18367,333,1,516.46,1,1,1,3
18368,5,5,27486.87,5,1,2,8
18369,36,10,44179.44,3,4,3,10
18370,260,3,18095.77,1,1,1,3
18371,33,7,34760.35,4,3,2,9
18372,60,9,72097.17,3,4,5,12
18373,66,10,48493.81,2,4,4,10
18374,114,6,17746.21,1,2,1,4
18375,109,8,55724.38,2,3,4,9
18376,58,8,32315.04,3,3,2,8
18377,82,7,60590.45,2,3,5,10
18378,8,11,60454.74,5,5,5,15
18379,103,6,25538.760000000002,2,2,2,6
18380,80,6,46672.47,2,2,4,8
18381,50,9,34169.130000000005,3,4,2,9
18382,96,12,76107.75,2,5,5,12
18383,8,7,20283.1,5,3,1,9
18384,36,9,56759.44,3,4,4,11
18385,66,14,70236.45999999999,2,5,5,12
18386,164,6,31863.11,1,2,2,5
18387,95,10,78985.29,2,4,5,11
18388,15,2,10545.5,5,1,1,7
18389,66,17,109105.36,2,5,5,12
18390,24,10,82738.62,4,4,5,13
18391,3,7,28386.96,5,3,2,10
18392,72,5,27995.46,2,1,2,5
18393,92,8,38186.229999999996,2,3,3,8
18394,34,4,20113.54,4,1,1,6
18395,102,10,48531.65,2,4,4,10
18396,4,13,45007.5,5,5,4,14
18397,32,11,46583.64,4,5,4,13
18398,8,6,22861.46,5,2,1,8
18399,179,7,45651.77,1,3,4,8
18400,143,8,42132.49,1,3,3,7
18401,11,10,45134.979999999996,5,4,4,13
18402,59,7,27201.24,3,3,2,8
18403,55,9,37772.55,3,4,3,10
18404,50,7,50996.740000000005,3,3,4,10
18405,11,10,41760.840000000004,5,4,3,12
18406,36,8,41398.71,3,3,3,9
18407,13,13,52091.72,5,5,4,14
18408,37,5,30646.31,3,1,2,6
18409,157,7,22305.91,1,3,1,5
18410,120,5,25547.93,1,1,2,4
18411,50,7,26773.52,3,3,2,8
18412,89,11,62440.58,2,5,5,12
18413,15,11,50255.21,5,5,4,14
18414,110,10,45798.9,1,4,4,9
18415,57,8,50330.31,3,3,4,10
18416,38,14,92411.28,3,5,5,13
18417,20,11,83071.89,4,5,5,14
18418,141,9,42213.57,1,4,3,8
18419,2,12,58516.06,5,5,5,15
18420,130,5,29222.34,1,1,2,4
18421,154,11,66494.28,1,5,5,11
18422,57,8,34963.83,3,3,3,9
18423,16,7,30440.62,4,3,2,9
18424,26,7,39428.31,4,3,3,10
18425,14,8,33129.24,5,3,2,10
18426,168,5,16197.220000000001,1,1,1,3
18427,262,5,8537.46,1,1,1,3
18428,191,5,15891.939999999999,1,1,1,3
18429,21,11,77977.81999999999,4,5,5,14
18430,20,4,9420.67,4,1,1,6
18431,16,12,51470.45,4,5,4,13
18432,22,6,33473.21,4,2,2,8
18433,49,6,28786.63,3,2,2,7
18434,4,6,24644.59,5,2,1,8
18435,142,8,22298.100000000002,1,3,1,5
18436,19,10,38904.78,4,4,3,11
18437,64,5,25007.84,2,1,1,4
18438,14,9,71252.21,5,4,5,14
18439,54,6,31476.89,3,2,2,7
18440,47,11,89684.86,3,5,5,13
18441,76,4,24263.72,2,1,1,4
18442,6,7,33518.659999999996,5,3,2,10
18443,45,8,16613.46,3,3,1,7
18444,124,6,40922.04,1,2,3,6
18445,22,14,106077.07,4,5,5,14
18446,33,5,19144.05,4,1,1,6
18447,2,9,54556.69,5,4,4,13
18448,5,18,72000.2,5,5,5,15
18449,11,10,34836.72,5,4,2,11
18450,20,5,53397.82,4,1,4,9
18451,142,5,24448.22,1,1,1,3
18452,10,12,80786.48,5,5,5,15
18453,77,5,21781.48,2,1,1,4
18454,108,8,32672.79,2,3,2,7
18455,98,7,62105.97,2,3,5,10
18456,44,9,43398.21,3,4,3,10
18457,27,8,41286.57,4,3,3,10
18458,129,9,37715.86,1,4,3,8
18459,30,5,7385.030000000001,4,1,1,6
18460,111,7,38445.61,1,3,3,7
18461,62,5,30699.76,2,1,2,5
18462,72,6,27954.14,2,2,2,6
18463,151,7,26314.93,1,3,2,6
18464,43,7,37540.08,3,3,3,9
18465,14,9,38004.93,5,4,3,12
18466,7,5,26774.39,5,1,2,8
18467,155,2,18576.64,1,1,1,3
18468,35,6,26559.170000000002,3,2,2,7
18469,26,9,40328.06,4,4,3,11
18470,85,7,28754.73,2,3,2,7
18471,23,7,37285.369999999995,4,3,3,10
18472,14,13,41025.22,5,5,3,13
18473,4,10,53265.7,5,4,4,13
18474,136,3,9488.98,1,1,1,3
18475,6,6,39545.86,5,2,3,10
18476,44,6,37350.93,3,2,3,8
18477,54,8,53376.62,3,3,4,10
18478,3,8,54196.51,5,3,4,12
18479,72,4,26243.67,2,1,2,5
18480,17,8,45062.91,4,3,4,11
18481,72,9,55173.86,2,4,4,10
18482,71,8,55232.81,2,3,4,9
18483,8,13,53783.18,5,5,4,14
18484,55,6,25757.07,3,2,2,7
18485,142,8,69759.38,1,3,5,9
18486,24,11,58539.06,4,5,5,14
18487,24,10,66910.2,4,4,5,13
18488,14,11,56305.409999999996,5,5,4,14
18489,175,5,23292.47,1,1,1,3
18490,37,5,34656.159999999996,3,1,2,6
18491,14,4,38650.46,5,1,3,9
18492,11,8,22916.0,5,3,1,9
18493,41,9,26196.440000000002,3,4,2,9
18494,7,14,57580.23,5,5,5,15
18495,19,12,70596.86,4,5,5,14
18496,134,7,43860.98,1,3,3,7
18497,54,6,26026.04,3,2,2,7
18498,165,10,30425.309999999998,1,4,2,7
18499,42,5,28239.16,3,1,2,6
18500,23,5,32390.88,4,1,2,7
18501,30,5,18422.39,4,1,1,6
18502,134,5,19347.29,1,1,1,3
18503,25,7,22033.7,4,3,1,8
18504,253,4,17436.14,1,1,1,3
18505,42,6,40719.91,3,2,3,8
18506,38,15,87733.91,3,5,5,13
18507,33,6,24193.22,4,2,1,7
18508,38,7,13904.21,3,3,1,7
18509,69,3,13564.33,2,1,1,4
18510,69,9,51430.770000000004,2,4,4,10
18511,68,4,24247.379999999997,2,1,1,4
18512,68,9,26334.87,2,4,2,8
18513,48,4,18021.25,3,1,1,5
18514,86,7,59096.74,2,3,5,10
18515,10,7,50639.25,5,3,4,12
18516,55,10,39448.94,3,4,3,10
18517,40,2,10949.82,3,1,1,5
18518,4,9,42854.08,5,4,3,12
18519,1,8,40500.04,5,3,3,11
18520,78,11,32856.81,2,5,2,9
18521,244,7,32202.48,1,3,2,6
18522,34,6,25041.09,4,2,1,7
18523,136,6,22924.79,1,2,1,4
18524,36,7,27503.010000000002,3,3,2,8
18525,11,10,51310.92,5,4,4,13
18526,21,10,32754.039999999997,4,4,2,10
18527,67,8,49633.41,2,3,4,9
18528,146,5,35675.729999999996,1,1,3,5
18529,68,7,41824.39,2,3,3,8
18530,74,6,33707.11,2,2,2,6
18531,61,11,65152.07,3,5,5,13
18532,74,5,25862.62,2,1,2,5
18533,3,9,56647.14,5,4,4,13
18534,14,9,54599.04,5,4,4,13
18535,24,7,45419.19,4,3,4,11
18536,72,8,27241.89,2,3,2,7
18537,72,6,20506.82,2,2,1,5
18538,1,13,66313.06999999999,5,5,5,15
18539,21,11,76241.97,4,5,5,14
18540,108,6,19041.21,2,2,1,5
18541,84,11,68380.72,2,5,5,12
18542,65,4,22717.01,2,1,1,4
18543,82,9,40249.98,2,4,3,9
18544,187,5,33610.020000000004,1,1,2,4
18545,78,7,31766.57,2,3,2,7
18546,24,10,48780.58,4,4,4,12
18547,205,11,59794.6,1,5,5,11
18548,76,4,24083.96,2,1,1,4
18549,13,9,43943.2,5,4,3,12
18550,31,10,81637.59,4,4,5,13
18551,138,5,33321.86,1,1,2,4
18552,82,8,61109.22,2,3,5,10
18553,71,5,29420.14,2,1,2,5
18554,74,10,60375.58,2,4,5,11
18555,2,12,56345.72,5,5,4,14
18556,103,8,26253.190000000002,2,3,2,7
18557,90,10,59002.490000000005,2,4,5,11
18558,275,3,14028.01,1,1,1,3
18559,24,9,53986.98,4,4,4,12
18560,39,7,27049.190000000002,3,3,2,8
18561,33,7,44707.97,4,3,4,11
18562,41,12,61858.23,3,5,5,13
18563,7,9,31642.09,5,4,2,11
18564,49,10,44385.14,3,4,3,10
18565,17,6,30672.9,4,2,2,8
18566,12,11,67546.79999999999,5,5,5,15
18567,35,9,42532.89,3,4,3,10
18568,63,6,16720.13,2,2,1,5
18569,87,9,29433.19,2,4,2,8
18570,35,6,31822.1,3,2,2,7
18571,39,7,37942.69,3,3,3,9
18572,200,6,16117.0,1,2,1,4
18573,80,15,72801.41,2,5,5,12
18574,80,9,56038.25,2,4,4,10
18575,7,8,26563.059999999998,5,3,2,10
18576,26,13,82646.46,4,5,5,14
18577,54,7,16661.73,3,3,1,7
18578,159,5,51811.68,1,1,4,6
18579,24,10,40130.93,4,4,3,11
18580,146,7,33387.0,1,3,2,6
18581,72,11,41630.45,2,5,3,10
18582,32,12,48892.53,4,5,4,13
18583,24,6,33754.83,4,2,2,8
18584,15,4,21366.0,5,1,1,7
18585,30,10,31852.48,4,4,2,10
18586,15,8,27626.17,5,3,2,10
18587,10,12,46424.49,5,5,4,14
18588,49,7,51195.23,3,3,4,10
18589,3,11,52220.23,5,5,4,14
18590,93,7,19192.33,2,3,1,6
18591,24,12,77119.16,4,5,5,14
18592,23,11,84415.71,4,5,5,14
18593,25,7,50508.12,4,3,4,11
18594,57,5,41676.24,3,1,3,7
18595,112,4,21791.239999999998,1,1,1,3
18596,18,6,35618.16,4,2,3,9
18597,44,11,48182.7,3,5,4,12
18598,87,8,26260.63,2,3,2,7
18599,77,10,46944.14,2,4,4,10
18600,27,8,39953.97,4,3,3,10
18601,29,5,34150.399999999994,4,1,2,7
18602,19,9,45457.409999999996,4,4,4,12
18603,25,13,35468.43,4,5,3,12
18604,23,7,34312.880000000005,4,3,2,9
18605,144,6,24776.7,1,2,1,4
18606,69,8,32243.68,2,3,2,7
18607,70,7,22631.69,2,3,1,6
18608,40,7,27124.55,3,3,2,8
18609,233,7,28863.019999999997,1,3,2,6
18610,36,10,62751.92,3,4,5,12
18611,83,3,9232.939999999999,2,1,1,4
18612,29,12,53030.53,4,5,4,13
18613,262,8,31792.07,1,3,2,6
18614,77,10,43393.46,2,4,3,9
18615,21,11,42133.99,4,5,3,12
18616,23,6,37314.409999999996,4,2,3,9
18617,42,8,41920.05,3,3,3,9
18618,63,10,36296.22,2,4,3,9
18619,32,16,74138.65,4,5,5,14
18620,21,8,26344.95,4,3,2,9
18621,174,6,33697.229999999996,1,2,2,5
18622,55,9,55059.08,3,4,4,11
18623,169,5,30556.160000000003,1,1,2,4
18624,134,6,39250.51,1,2,3,6
18625,254,3,26923.550000000003,1,1,2,4
18626,8,6,34194.5,5,2,2,9
18627,69,11,71199.64,2,5,5,12
18628,26,6,33211.66,4,2,2,8
18629,96,11,57144.89,2,5,5,12
18630,48,6,32567.949999999997,3,2,2,7
18631,188,10,67252.15,1,4,5,10
18632,56,7,30755.08,3,3,2,8
18633,52,4,14720.2,3,1,1,5
18634,8,14,76966.27,5,5,5,15
18635,4,6,44838.01,5,2,4,11
18636,14,10,66637.98,5,4,5,14
18637,9,7,25702.510000000002,5,3,2,10
18638,122,6,37868.56,1,2,3,6
18639,75,11,58601.36,2,5,5,12
18640,5,9,56047.64,5,4,4,13
18641,33,12,74042.26000000001,4,5,5,14
18642,11,6,37876.17,5,2,3,10
18643,81,9,47594.43,2,4,4,10
18644,38,7,21211.0,3,3,1,7
18645,34,5,26269.95,4,1,2,7
18646,24,7,24588.43,4,3,1,8
18647,85,12,74302.49,2,5,5,12
18648,56,8,44785.31,3,3,4,10
18649,30,7,39949.59,4,3,3,10
18650,218,7,36015.54,1,3,3,7
18651,218,8,55744.86,1,3,4,8
18652,23,6,40413.48,4,2,3,9
18653,8,5,20809.52,5,1,1,7
18654,48,9,63111.39,3,4,5,12
18655,11,8,42878.14,5,3,3,11
18656,33,5,29269.600000000002,4,1,2,7
18657,20,7,66917.55,4,3,5,12
18658,52,12,52455.62,3,5,4,12
18659,41,8,34371.869999999995,3,3,2,8
18660,4,9,35460.119999999995,5,4,3,12
18661,100,5,14830.310000000001,2,1,1,4
18662,20,8,57651.34,4,3,5,12
18663,10,6,24803.59,5,2,1,8
18664,167,7,37012.5,1,3,3,7
18665,265,4,10021.080000000002,1,1,1,3
18666,211,7,28074.9,1,3,2,6
18667,21,9,43897.590000000004,4,4,3,11
18668,34,10,76193.42,4,4,5,13
18669,34,8,38631.91,4,3,3,10
18670,59,10,30857.11,3,4,2,9
18671,53,7,27690.29,3,3,2,8
18672,17,14,56442.21,4,5,4,13
18673,50,10,57163.67,3,4,5,12
18674,172,5,42545.58,1,1,3,5
18675,306,2,11979.15,1,1,1,3
18676,164,7,35626.79,1,3,3,7
18677,25,14,74154.01,4,5,5,14
18678,38,6,19059.25,3,2,1,6
18679,25,7,26137.12,4,3,2,9
18680,106,9,34443.97,2,4,2,8
18681,71,10,41552.56,2,4,3,9
18682,5,12,41252.42,5,5,3,13
18683,33,4,32310.21,4,1,2,7
18684,5,5,9222.369999999999,5,1,1,7
18685,14,10,49378.78,5,4,4,13
18686,4,14,76537.17,5,5,5,15
18687,170,6,27678.659999999996,1,2,2,5
18688,49,11,56657.11,3,5,4,12
18689,33,8,24757.09,4,3,1,8
18690,15,7,39174.1,5,3,3,11
18691,8,9,46456.36,5,4,4,13
18692,1,14,52702.92,5,5,4,14
18693,30,15,69774.87,4,5,5,14
18694,83,8,53677.869999999995,2,3,4,9
18695,75,8,28196.18,2,3,2,7
18696,93,7,23694.8,2,3,1,6
18697,4,9,48350.0,5,4,4,13
18698,62,10,30950.26,2,4,2,8
18699,66,8,37289.41,2,3,3,8
18700,227,9,38436.9,1,4,3,8
18701,11,12,76342.28,5,5,5,15
18702,17,6,35236.64,4,2,3,9
18703,10,8,51667.06,5,3,4,12
18704,1,5,37683.71,5,1,3,9
18705,82,11,54593.76,2,5,4,11
18706,269,3,12830.04,1,1,1,3
18707,77,13,72145.05,2,5,5,12
18708,58,9,50012.78,3,4,4,11
18709,3,9,37954.02,5,4,3,12
18710,63,7,39242.03,2,3,3,8
18711,8,13,60940.53,5,5,5,15
18712,166,5,33866.85,1,1,2,4
18713,41,4,11153.11,3,1,1,5
18714,74,9,63507.32,2,4,5,11
18715,195,2,2705.3900000000003,1,1,1,3
18716,3,9,45167.43,5,4,4,13
18717,33,4,21581.07,4,1,1,6
18718,152,6,30476.77,1,2,2,5
18719,65,9,56281.82,2,4,4,10
18720,47,10,59399.76,3,4,5,12
18721,18,13,67238.5,4,5,5,14
18722,64,12,42194.91,2,5,3,10
18723,35,8,23213.579999999998,3,3,1,7
18724,48,11,71070.90000000001,3,5,5,13
18725,22,13,49414.24,4,5,4,13
18726,66,9,45289.24,2,4,4,10
18727,39,6,23924.92,3,2,1,6
18728,55,6,33111.85,3,2,2,7
18729,12,8,30417.36,5,3,2,10
18730,188,7,51226.31,1,3,4,8
18731,51,11,38742.5,3,5,3,11
18732,2,12,83286.89,5,5,5,15
18733,121,5,29576.0,1,1,2,4
18734,39,12,58657.5,3,5,5,13
18735,36,5,32962.34,3,1,2,6
18736,1,8,40423.17,5,3,3,11
18737,155,4,15331.27,1,1,1,3
18738,158,9,61582.770000000004,1,4,5,10
18739,17,9,48662.24,4,4,4,12
18740,19,7,38714.25,4,3,3,10
18741,150,8,52970.840000000004,1,3,4,8
18742,51,7,25075.43,3,3,1,7
18743,127,10,64011.8,1,4,5,10
18744,37,7,27331.370000000003,3,3,2,8
18745,28,10,41948.43,4,4,3,11
18746,9,5,19772.2,5,1,1,7
18747,15,11,58202.16,5,5,5,15
18748,33,11,88815.15,4,5,5,14
18749,10,10,67277.18,5,4,5,14
18750,75,7,42682.880000000005,2,3,3,8
18751,42,13,65888.73,3,5,5,13
18752,50,7,34356.48,3,3,2,8
18753,55,9,33634.61,3,4,2,9
18754,25,9,53157.979999999996,4,4,4,12
18755,31,11,67391.56999999999,4,5,5,14
18756,51,7,53325.03,3,3,4,10
18757,181,8,30895.75,1,3,2,6
18758,8,9,51260.08,5,4,4,13
18759,95,7,21220.94,2,3,1,6
18760,2,7,39364.840000000004,5,3,3,11
18761,153,8,47496.15,1,3,4,8
18762,122,6,26933.440000000002,1,2,2,5
18763,41,8,50375.75,3,3,4,10
18764,132,8,47883.65,1,3,4,8
18765,219,6,23881.010000000002,1,2,1,4
18766,65,5,36706.29,2,1,3,6
18767,121,10,73540.78,1,4,5,10
18768,28,11,17567.54,4,5,1,10
18769,153,7,25827.81,1,3,2,6
18770,65,6,31367.2,2,2,2,6
18771,47,8,38322.31,3,3,3,9
18772,71,10,36157.56,2,4,3,9
18773,60,10,74721.48,3,4,5,12
18774,30,7,43022.15,4,3,3,10
18775,35,12,62446.04,3,5,5,13
18776,10,9,38020.95,5,4,3,12
18777,27,11,40642.12,4,5,3,12
18778,122,6,18503.07,1,2,1,4
18779,41,12,66296.36,3,5,5,13
18780,145,7,30596.39,1,3,2,6
18781,59,4,34735.9,3,1,2,6
18782,35,11,54476.6,3,5,4,12
18783,322,6,46090.68,1,2,4,7
18784,82,18,82495.54,2,5,5,12
18785,46,10,72015.5,3,4,5,12
18786,18,12,52157.64,4,5,4,13
18787,33,2,3051.97,4,1,1,6
18788,25,9,46306.73,4,4,4,12
18789,10,12,40661.67,5,5,3,13
18790,42,5,18294.11,3,1,1,5
18791,31,8,53727.63,4,3,4,11
18792,25,8,42271.119999999995,4,3,3,10
18793,39,7,19900.81,3,3,1,7
18794,24,5,19628.43,4,1,1,6
18795,23,10,80222.9,4,4,5,13
18796,131,9,28929.489999999998,1,4,2,7
18797,8,8,61188.56,5,3,5,13
18798,132,9,42926.53,1,4,3,8
18799,20,8,35430.57,4,3,3,10
18800,10,8,26487.420000000002,5,3,2,10
18801,54,10,69553.73,3,4,5,12
18802,8,9,61849.479999999996,5,4,5,14
18803,317,6,24641.22,1,2,1,4
18804,23,14,52276.1,4,5,4,13
18805,67,9,78086.01,2,4,5,11
18806,48,7,36447.64,3,3,3,9
18807,22,13,50177.18,4,5,4,13
18808,47,7,27866.55,3,3,2,8
18809,34,6,20182.77,4,2,1,7
18810,1,5,9817.52,5,1,1,7
18811,10,8,43755.93,5,3,3,11
18812,21,4,16758.66,4,1,1,6
18813,8,8,34458.16,5,3,2,10
18814,22,10,48840.28999999999,4,4,4,12
18815,53,3,15286.08,3,1,1,5
18816,15,11,56187.47,5,5,4,14
18817,119,9,50897.5,1,4,4,9
18818,34,10,55877.4,4,4,4,12
18819,75,6,29861.309999999998,2,2,2,6
18820,26,8,21248.75,4,3,1,8
18821,49,7,29255.51,3,3,2,8
18822,212,2,2669.7200000000003,1,1,1,3
18823,41,10,38940.18,3,4,3,10
18824,212,11,27905.98,1,5,2,8
18825,160,3,5955.25,1,1,1,3
18826,25,8,39723.28,4,3,3,10
18827,54,8,48013.9,3,3,4,10
18828,6,10,69306.83,5,4,5,14
18829,177,6,44212.340000000004,1,2,3,6
18830,38,7,48278.74,3,3,4,10
18831,52,7,18517.649999999998,3,3,1,7
18832,12,11,31813.239999999998,5,5,2,12
18833,79,8,52088.25,2,3,4,9
18834,145,7,14411.55,1,3,1,5
18835,39,6,41124.39,3,2,3,8
18836,83,8,41861.96,2,3,3,8
18837,9,13,73689.18,5,5,5,15
18838,45,4,24533.8,3,1,1,5
18839,62,7,30388.48,2,3,2,7
18840,77,6,27821.72,2,2,2,6
18841,6,7,29623.420000000002,5,3,2,10
18842,9,8,48733.16,5,3,4,12
18843,168,6,19034.9,1,2,1,4
18844,14,13,49432.18,5,5,4,14
18845,118,2,21596.77,1,1,1,3
18846,47,8,50690.7,3,3,4,10
18847,116,8,48136.340000000004,1,3,4,8
18848,98,7,21323.93,2,3,1,6
18849,117,12,69566.61,1,5,5,11
18850,41,8,58798.76,3,3,5,11
18851,53,8,43402.66,3,3,3,9
18852,84,12,66552.03,2,5,5,12
18853,90,7,29469.61,2,3,2,7
18854,81,10,60219.97,2,4,5,11
18855,153,8,40684.770000000004,1,3,3,7
18856,96,7,22267.469999999998,2,3,1,6
18857,108,13,78751.17,2,5,5,12
18858,65,8,67807.45999999999,2,3,5,10
18859,82,10,40931.52,2,4,3,9
18860,32,9,38586.549999999996,4,4,3,11
18861,45,13,86980.08,3,5,5,13
18862,143,9,61994.68,1,4,5,10
18863,89,5,38604.67,2,1,3,6
18864,141,11,49574.53,1,5,4,10
18865,40,8,39604.05,3,3,3,9
18866,14,11,51711.61,5,5,4,14
18867,68,6,35356.62,2,2,3,7
18868,32,9,59394.72,4,4,5,13
18869,27,8,29272.69,4,3,2,9
18870,54,12,25426.9,3,5,2,10
18871,175,7,36909.55,1,3,3,7
18872,6,11,73943.12,5,5,5,15
18873,30,7,27148.699999999997,4,3,2,9
18874,82,8,60003.91,2,3,5,10
18875,47,9,59003.490000000005,3,4,5,12
18876,115,7,32681.59,1,3,2,6
18877,36,12,60588.729999999996,3,5,5,13
18878,228,4,19588.63,1,1,1,3
18879,75,7,32613.45,2,3,2,7
18880,9,15,80299.58,5,5,5,15
18881,24,10,32505.99,4,4,2,10
18882,59,4,13998.5,3,1,1,5
18883,2,9,22131.25,5,4,1,10
18884,5,8,41814.86,5,3,3,11
18885,8,9,31295.11,5,4,2,11
18886,22,10,24808.13,4,4,1,9
18887,44,14,63895.11,3,5,5,13
18888,1,10,54321.62,5,4,4,13
18889,51,9,36264.83,3,4,3,10
18890,86,5,13078.95,2,1,1,4
18891,89,6,28692.280000000002,2,2,2,6
18892,281,3,7325.91,1,1,1,3
18893,17,10,57190.229999999996,4,4,5,13
18894,16,7,39199.19,4,3,3,10
18895,4,7,34910.26,5,3,3,11
18896,11,13,92532.38,5,5,5,15
18897,119,8,35348.26,1,3,3,7
18898,48,10,46809.65,3,4,4,11
18899,34,15,77510.81,4,5,5,14
18900,77,8,28011.739999999998,2,3,2,7
18901,83,7,42174.409999999996,2,3,3,8
18902,29,10,60707.89,4,4,5,13
18903,154,8,71900.25,1,3,5,9
18904,47,8,30564.97,3,3,2,8
18905,15,7,38211.7,5,3,3,11
18906,239,3,36726.66,1,1,3,5
18907,129,12,66853.24,1,5,5,11
18908,11,13,60393.58,5,5,5,15
18909,12,10,48730.44,5,4,4,13
18910,240,5,19363.95,1,1,1,3
18911,4,7,36582.45,5,3,3,11
18912,132,8,33151.04,1,3,2,6
18913,40,11,87063.95,3,5,5,13
18914,12,10,56932.6,5,4,4,13
18915,21,7,43316.18,4,3,3,10
18916,12,8,43216.53,5,3,3,11
18917,4,8,33786.6,5,3,2,10
18918,2,5,14694.509999999998,5,1,1,7
18919,19,8,28110.06,4,3,2,9
18920,72,9,29602.51,2,4,2,8
18921,162,7,54413.0,1,3,4,8
18922,58,6,41925.799999999996,3,2,3,8
18923,21,3,19676.12,4,1,1,6
18924,172,5,31697.17,1,1,2,4
18925,137,10,39034.87,1,4,3,8
18926,135,3,21056.58,1,1,1,3
18927,5,10,52899.69,5,4,4,13
18928,52,10,57349.18,3,4,5,12
18929,10,10,59635.93,5,4,5,14
18930,69,12,58369.66,2,5,5,12
18931,8,12,67994.94,5,5,5,15
18932,122,9,52089.66,1,4,4,9
18933,78,9,65464.05,2,4,5,11
18934,111,7,37410.55,1,3,3,7
18935,127,4,29902.61,1,1,2,4
18936,143,6,26529.28,1,2,2,5
18937,51,6,30596.15,3,2,2,7
18938,6,13,75611.77,5,5,5,15
18939,9,8,51732.82,5,3,4,12
18940,136,5,25944.879999999997,1,1,2,4
18941,209,6,14806.99,1,2,1,4
18942,20,13,42056.26,4,5,3,12
18943,166,7,37566.54,1,3,3,7
18944,22,10,48907.32,4,4,4,12
18945,238,5,24160.82,1,1,1,3
18946,106,5,46625.08,2,1,4,7
18947,235,4,34435.52,1,1,2,4
18948,64,5,10006.45,2,1,1,4
18949,5,6,32777.7,5,2,2,9
18950,144,4,15020.1,1,1,1,3
18951,54,5,27610.34,3,1,2,6
18952,19,3,22050.079999999998,4,1,1,6
18953,63,4,19694.35,2,1,1,4
18954,51,7,58808.7,3,3,5,11
18955,53,12,42679.61,3,5,3,11
18956,169,5,35864.1,1,1,3,5
18957,79,8,33051.9,2,3,2,7
18958,3,11,42634.45,5,5,3,13
18959,18,9,61355.42,4,4,5,13
18960,165,10,73365.57,1,4,5,10
18961,49,5,20946.510000000002,3,1,1,5
18962,60,8,46799.93,3,3,4,10
18963,358,5,32110.35,1,1,2,4
18964,26,7,30098.99,4,3,2,9
18965,90,8,29169.18,2,3,2,7
18966,21,8,35753.71,4,3,3,10
18967,11,6,31429.78,5,2,2,9
18968,50,6,31416.59,3,2,2,7
18969,186,9,60104.86,1,4,5,10
18970,6,9,32542.0,5,4,2,11
18971,45,7,44532.2,3,3,3,9
18972,35,13,88641.0,3,5,5,13
18973,41,7,34299.16,3,3,2,8
18974,27,10,49800.34,4,4,4,12
18975,188,5,20803.760000000002,1,1,1,3
18976,99,9,33671.42,2,4,2,8
18977,4,6,21372.42,5,2,1,8
18978,8,20,74159.2,5,5,5,15
18979,76,5,9767.74,2,1,1,4
18980,29,12,61863.14,4,5,5,14
18981,49,15,85473.96,3,5,5,13
18982,114,8,45412.409999999996,1,3,4,8
18983,39,7,23248.91,3,3,1,7
18984,158,4,28614.23,1,1,2,4
18985,31,9,31458.2,4,4,2,10
18986,34,13,88670.43000000001,4,5,5,14
18987,38,13,54138.21,3,5,4,12
18988,37,11,46859.92,3,5,4,12
18989,112,4,27371.89,1,1,2,4
18990,113,10,37243.54,1,4,3,8
18991,42,5,32088.68,3,1,2,6
18992,33,5,28385.27,4,1,2,7
18993,54,10,45445.72,3,4,4,11
18994,19,8,39077.76,4,3,3,10
18995,50,7,25073.69,3,3,1,7
18996,143,7,28944.75,1,3,2,6
18997,54,4,11145.09,3,1,1,5
18998,10,10,46638.89,5,4,4,13
18999,106,8,28760.47,2,3,2,7
19000,10,7,47985.28,5,3,4,12
19001,5,8,45719.62,5,3,4,12
19002,93,5,34092.29,2,1,2,5
19003,7,10,34606.56,5,4,2,11
19004,37,9,38686.99,3,4,3,10
19005,71,8,39210.06,2,3,3,8
19006,8,7,33137.85,5,3,2,10
19007,33,8,46262.94,4,3,4,11
19008,20,10,56272.270000000004,4,4,4,12
19009,10,10,49119.68,5,4,4,13
19010,74,8,26904.54,2,3,2,7
19011,85,9,41484.75,2,4,3,9
19012,40,7,28115.8,3,3,2,8
19013,42,7,20126.079999999998,3,3,1,7
19014,152,8,53091.51,1,3,4,8
19015,41,5,27923.589999999997,3,1,2,6
19016,7,13,64798.520000000004,5,5,5,15
19017,18,11,54098.7,4,5,4,13
19018,55,10,65180.590000000004,3,4,5,12
19019,38,9,60091.18,3,4,5,12
19020,16,8,41175.13,4,3,3,10
19021,130,8,62620.7,1,3,5,9
19022,110,10,63977.11,1,4,5,10
19023,153,7,17613.36,1,3,1,5
19024,55,7,35257.87,3,3,3,9
19025,212,4,27115.629999999997,1,1,2,4
19026,67,6,16982.24,2,2,1,5
19027,123,10,50650.81,1,4,4,9
19028,5,6,31541.6,5,2,2,9
19029,39,12,76458.11,3,5,5,13
19030,63,8,34016.01,2,3,2,7
19031,18,8,48159.61,4,3,4,11
19032,9,10,45218.03,5,4,4,13
19033,10,12,56759.81,5,5,4,14
19034,84,10,52583.71,2,4,4,10
19035,118,5,32956.0,1,1,2,4
19036,77,7,22263.83,2,3,1,6
19037,3,5,29782.79,5,1,2,8
19038,17,5,32516.760000000002,4,1,2,7
19039,116,5,22550.17,1,1,1,3
19040,41,10,43611.200000000004,3,4,3,10
19041,232,12,51216.8,1,5,4,10
19042,154,7,23996.57,1,3,1,5
19043,48,11,56559.28,3,5,4,12
19044,51,7,38061.31,3,3,3,9
19045,22,5,45091.39,4,1,4,9
19046,219,5,39319.19,1,1,3,5
19047,59,12,30871.38,3,5,2,10
19048,54,9,19644.62,3,4,1,8
19049,197,9,38707.85,1,4,3,8
19050,22,9,71342.86,4,4,5,13
19051,2,9,32170.53,5,4,2,11
19052,12,15,42158.62,5,5,3,13
19053,81,6,16324.279999999999,2,2,1,5
19054,47,9,36338.92,3,4,3,10
19055,109,5,19399.8,2,1,1,4
19056,41,8,48708.97,3,3,4,10
19057,22,11,81268.96,4,5,5,14
19058,175,6,35905.880000000005,1,2,3,6
19059,5,6,36093.939999999995,5,2,3,10
19060,204,5,28334.780000000002,1,1,2,4
19061,8,5,35623.56,5,1,3,9
19062,178,8,25333.609999999997,1,3,2,6
19063,116,10,65616.51,1,4,5,10
19064,48,9,31178.36,3,4,2,9
19065,70,4,18499.030000000002,2,1,1,4
19066,77,14,101948.6,2,5,5,12
19067,87,8,41535.53,2,3,3,8
19068,50,8,28522.329999999998,3,3,2,8
19069,5,8,50726.23,5,3,4,12
19070,26,9,48600.5,4,4,4,12
19071,64,10,67358.27,2,4,5,11
19072,62,9,57741.159999999996,2,4,5,11
19073,34,7,37169.88,4,3,3,10
19074,67,8,40933.6,2,3,3,8
19075,69,7,36097.52,2,3,3,8
19076,47,9,39778.28,3,4,3,10
19077,198,5,21458.1,1,1,1,3
19078,145,7,45565.37,1,3,4,8
19079,38,15,43202.409999999996,3,5,3,11
19080,43,7,36608.04,3,3,3,9
19081,63,8,27268.989999999998,2,3,2,7
19082,2,5,27078.58,5,1,2,8
19083,33,9,81188.2,4,4,5,13
19084,59,8,39697.67,3,3,3,9
19085,16,10,37692.67,4,4,3,11
19086,26,7,45555.14,4,3,4,11
19087,10,7,19156.39,5,3,1,9
19088,97,2,12125.98,2,1,1,4
19089,21,14,108634.4,4,5,5,14
19090,12,11,85364.82,5,5,5,15
19091,15,7,64113.24,5,3,5,13
19092,114,4,8503.34,1,1,1,3
19093,26,12,78131.67,4,5,5,14
19094,76,9,14596.77,2,4,1,7
19095,87,9,54126.56,2,4,4,10
19096,130,8,40784.24,1,3,3,7
19097,51,4,13786.33,3,1,1,5
19098,62,7,38108.84,2,3,3,8
19099,120,11,51830.65,1,5,4,10
19100,42,12,49093.740000000005,3,5,4,12
19101,62,14,60738.17,2,5,5,12
19102,65,9,59253.56,2,4,5,11
19103,83,9,17567.01,2,4,1,7
19104,114,6,23597.56,1,2,1,4
19105,167,11,78900.07,1,5,5,11
19106,118,11,72382.84,1,5,5,11
19107,18,10,51861.549999999996,4,4,4,12
19108,26,3,12661.62,4,1,1,6
19109,15,11,52675.92,5,5,4,14
19110,86,6,22265.27,2,2,1,5
19111,24,13,61257.770000000004,4,5,5,14
19112,223,8,30708.770000000004,1,3,2,6
19113,75,6,27117.69,2,2,2,6
19114,25,11,70634.34,4,5,5,14
19115,2,4,7652.48,5,1,1,7
19116,43,7,46451.92,3,3,4,10
19117,154,7,47800.479999999996,1,3,4,8
19118,16,5,41881.53,4,1,3,8
19119,217,7,45555.81,1,3,4,8
19120,50,9,48370.21,3,4,4,11
19121,61,7,25082.870000000003,3,3,1,7
19122,52,10,47816.25,3,4,4,11
19123,170,5,16087.47,1,1,1,3
19124,58,8,56202.6,3,3,4,10
19125,18,9,62267.96,4,4,5,13
19126,19,11,82054.85,4,5,5,14
19127,15,6,21737.96,5,2,1,8
19128,5,11,44103.700000000004,5,5,3,13
19129,4,12,40263.86,5,5,3,13
19130,60,7,27699.170000000002,3,3,2,8
19131,242,7,31228.440000000002,1,3,2,6
19132,40,7,26121.84,3,3,2,8
19133,3,7,28194.03,5,3,2,10
19134,33,13,49150.759999999995,4,5,4,13
19135,11,10,59763.08,5,4,5,14
19136,87,9,26319.45,2,4,2,8
19137,143,13,72545.55,1,5,5,11
19138,20,3,17105.199999999997,4,1,1,6
19139,20,13,71694.41,4,5,5,14
19140,55,8,35366.35,3,3,3,9
19141,49,7,41435.45,3,3,3,9
19142,4,7,29910.589999999997,5,3,2,10
19143,15,13,67322.27,5,5,5,15
19144,3,10,43056.99,5,4,3,12
19145,37,8,34589.69,3,3,2,8
19146,137,8,19224.190000000002,1,3,1,5
19147,189,7,38647.75,1,3,3,7
19148,6,9,34614.83,5,4,2,11
19149,34,8,39545.7,4,3,3,10
19150,22,11,55632.590000000004,4,5,4,13
19151,2,9,49934.270000000004,5,4,4,13
19152,9,9,44300.27,5,4,3,12
19153,6,5,15954.779999999999,5,1,1,7
19154,88,8,42355.61,2,3,3,8
19155,103,8,49647.33,2,3,4,9
19156,30,11,78382.19,4,5,5,14
19157,83,7,24456.24,2,3,1,6
19158,142,5,20884.47,1,1,1,3
19159,11,10,25011.62,5,4,1,10
19160,20,7,34434.9,4,3,2,9
19161,51,8,40322.12,3,3,3,9
19162,6,12,39817.05,5,5,3,13
19163,16,11,62026.92,4,5,5,14
19164,29,8,51182.88,4,3,4,11
19165,19,8,35900.08,4,3,3,10
19166,71,7,40419.630000000005,2,3,3,8
19167,22,14,47735.87,4,5,4,13
19168,9,9,28146.98,5,4,2,11
19169,155,8,41618.65,1,3,3,7
19170,136,5,20622.36,1,1,1,3
19171,39,10,67667.24,3,4,5,12
19172,136,6,16156.23,1,2,1,4
19173,9,8,60603.34,5,3,5,13
19174,91,14,58388.29,2,5,5,12
19175,42,8,29214.92,3,3,2,8
19176,154,5,20671.18,1,1,1,3
19177,117,6,31165.85,1,2,2,5
19178,129,9,63167.17,1,4,5,10
19179,53,6,23480.59,3,2,1,6
19180,14,7,48381.61,5,3,4,12
19181,125,7,24705.09,1,3,1,5
19182,126,5,34597.49,1,1,2,4
19183,85,5,29517.09,2,1,2,5
19184,15,10,38936.71,5,4,3,12
19185,67,10,35511.47,2,4,3,9
19186,17,7,41324.99,4,3,3,10
19187,6,9,41330.82,5,4,3,12
19188,16,8,40089.1,4,3,3,10
19189,53,9,52276.4,3,4,4,11
19190,20,7,31311.33,4,3,2,9
19191,26,7,52149.5,4,3,4,11
19192,31,13,68524.61,4,5,5,14
19193,115,6,30730.95,1,2,2,5
19194,22,8,53931.92,4,3,4,11
19195,48,9,61357.76,3,4,5,12
19196,117,6,21559.34,1,2,1,4
19197,16,15,99103.99,4,5,5,14
19198,7,7,38062.96,5,3,3,11
19199,87,9,43542.07,2,4,3,9
19200,13,11,47113.75,5,5,4,14
19201,33,6,31487.12,4,2,2,8
19202,31,6,18404.91,4,2,1,7
19203,74,5,24798.53,2,1,1,4
19204,115,3,10948.59,1,1,1,3
19205,31,11,64676.6,4,5,5,14
19206,58,8,67959.25,3,3,5,11
19207,4,9,44342.89,5,4,3,12
19208,2,8,52723.5,5,3,4,12
19209,60,10,55015.2,3,5,4,12
19210,41,7,29930.59,3,3,2,8
19211,7,15,67350.52,5,5,5,15
19212,2,16,55352.81,5,5,4,14
19213,32,7,34164.83,4,3,2,9
19214,59,4,21407.82,3,1,1,5
19215,199,5,26684.74,1,1,2,4
19216,82,6,34214.19,2,2,2,6
19217,24,14,70083.2,4,5,5,14
19218,25,14,80964.57,4,5,5,14
19219,73,7,41468.090000000004,2,3,3,8
19220,9,4,9400.119999999999,5,1,1,7
19221,141,8,27587.6,1,3,2,6
19222,19,9,46244.770000000004,4,4,4,12
19223,26,9,49936.0,4,4,4,12
19224,150,7,24614.739999999998,1,3,1,5
19225,49,6,25208.16,3,2,2,7
19226,64,12,54780.71,2,5,4,11
19227,15,8,55640.93,5,3,4,12
19228,16,6,31822.66,4,2,2,8
19229,66,12,80254.08,2,5,5,12
19230,63,9,56249.78,2,4,4,10
19231,18,9,22938.73,4,4,1,9
19232,20,9,44247.76,4,4,3,11
19233,79,9,36254.44,2,4,3,9
19234,34,7,46822.8,4,3,4,11
19235,66,9,30613.07,2,4,2,8
19236,35,5,29684.559999999998,3,1,2,6
19237,168,4,21143.559999999998,1,1,1,3
19238,39,8,31357.28,3,3,2,8
19239,171,7,49669.2,1,3,4,8
19240,123,8,35658.45,1,3,3,7
19241,138,9,34575.88,1,4,2,7
19242,27,6,23680.36,4,2,1,7
19243,20,15,89668.45999999999,4,5,5,14
19244,129,7,23814.33,1,3,1,5
19245,83,8,44657.49,2,3,4,9
19246,78,12,49895.11,2,5,4,11
19247,9,12,61014.67,5,5,5,15
19248,17,6,41541.380000000005,4,2,3,9
19249,160,6,37325.34,1,2,3,6
19250,25,6,22422.94,4,2,1,7
19251,150,6,31861.82,1,2,2,5
19252,1,8,46460.43,5,3,4,12
19253,18,9,27888.22,4,4,2,10
19254,19,8,61528.77,4,3,5,12
19255,44,11,45856.6,3,5,4,12
19256,73,10,76100.45999999999,2,5,5,12
19257,30,7,32349.34,4,3,2,9
19258,44,5,26922.92,3,1,2,6
19259,100,7,36054.03,2,3,3,8
19260,9,9,70249.49,5,4,5,14
19261,57,6,32246.32,3,2,2,7
19262,6,10,77864.29,5,5,5,15
19263,21,5,58984.2,4,1,5,10
19264,8,7,57049.44,5,3,5,13
19265,40,13,81407.45,3,5,5,13
19266,85,7,44181.84,2,3,3,8
19267,107,9,64140.28,2,4,5,11
19268,35,12,68214.66,3,5,5,13
19269,35,8,49673.799999999996,3,3,4,10
19270,35,11,55054.42,3,5,4,12
19271,27,9,47304.979999999996,4,4,4,12
19272,174,9,26250.89,1,4,2,7
19273,17,5,20564.95,4,1,1,6
19274,12,9,58781.3,5,4,5,14
19275,13,14,58458.97,5,5,5,15
19276,28,10,61919.939999999995,4,5,5,14
19277,63,8,63119.729999999996,2,3,5,10
19278,79,5,20012.14,2,1,1,4
19279,15,9,41549.75,5,4,3,12
19280,273,6,41558.44,1,2,3,6
19281,23,10,55748.32,4,5,4,13
19282,51,11,34285.270000000004,3,5,2,10
19283,259,4,34891.05,1,1,3,5
19284,36,10,66757.1,3,5,5,13
19285,75,3,25364.39,2,1,2,5
19286,84,9,28576.879999999997,2,4,2,8
19287,64,10,39812.88,2,5,3,10
19288,44,9,53096.66,3,4,4,11
19289,19,5,23843.91,4,1,1,6
19290,14,5,26909.75,5,1,2,8
19291,28,8,28303.85,4,3,2,9
19292,173,5,8118.36,1,1,1,3
19293,154,7,39266.1,1,3,3,7
19294,73,5,17541.29,2,1,1,4
19295,76,4,18322.5,2,1,1,4
19296,53,10,23244.23,3,5,1,9
19297,30,4,8444.94,4,1,1,6
19298,179,5,21914.22,1,1,1,3
19299,133,9,41843.29,1,4,3,8
19300,38,9,63521.520000000004,3,4,5,12
19301,141,8,56661.89,1,3,4,8
19302,160,4,18426.57,1,1,1,3
19303,13,11,40801.64,5,5,3,13
19304,110,7,41063.68,1,3,3,7
19305,1,11,64899.18,5,5,5,15
19306,75,8,27584.77,2,3,2,7
19307,365,3,6384.65,1,1,1,3
19308,63,12,82394.95999999999,2,5,5,12
19309,49,6,12679.130000000001,3,2,1,6
19310,19,8,43138.32,4,3,3,10
19311,65,12,65649.34,2,5,5,12
19312,39,8,29974.86,3,3,2,8
19313,48,6,37820.9,3,2,3,8
19314,23,5,25534.73,4,1,2,7
19315,86,8,48002.3,2,3,4,9
19316,7,5,28908.75,5,1,2,8
19317,66,9,57921.4,2,4,5,11
19318,329,6,35140.83,1,2,3,6
19319,89,11,68433.02,2,5,5,12
19320,75,8,31751.98,2,3,2,7
19321,7,12,64321.46,5,5,5,15
19322,56,6,38040.14,3,2,3,8
19323,8,10,54378.31,5,5,4,14
19324,254,4,10486.890000000001,1,1,1,3
19325,170,2,6599.2,1,1,1,3
19326,51,8,33467.68,3,3,2,8
19327,21,4,18331.79,4,1,1,6
19328,21,8,42258.86,4,3,3,10
19329,55,10,53595.5,3,5,4,12
19330,57,7,20238.88,3,3,1,7
19331,4,5,44347.26,5,1,3,9
19332,47,4,30157.83,3,1,2,6
19333,22,7,44556.840000000004,4,3,3,10
19334,37,9,24449.09,3,4,1,8
19335,85,10,44058.63,2,5,3,10
19336,9,7,36555.03,5,3,3,11
19337,88,8,49059.87,2,3,4,9
19338,42,8,27334.579999999998,3,3,2,8
19339,99,10,61720.36,2,5,5,12
19340,15,7,19392.16,5,3,1,9
19341,57,7,36391.18,3,3,3,9
19342,4,11,93625.22,5,5,5,15
19343,34,10,47247.69,4,5,4,13
19344,77,11,71732.75,2,5,5,12
19345,29,4,13286.05,4,1,1,6
19346,158,7,41988.42,1,3,3,7
19347,68,9,47661.29,2,4,4,10
19348,26,9,54583.86,4,4,4,12
19349,175,5,28582.38,1,1,2,4
19350,19,7,54668.88,4,3,4,11
19351,179,10,48361.61,1,5,4,10
19352,21,3,11414.71,4,1,1,6
19353,58,7,23566.07,3,3,1,7
19354,105,7,28678.690000000002,2,3,2,7
19355,122,10,41917.01,1,5,3,9
19356,182,8,39742.49,1,3,3,7
19357,76,11,48951.65,2,5,4,11
19358,64,9,35129.12,2,4,3,9
19359,9,7,22850.489999999998,5,3,1,9
19360,23,11,63814.25,4,5,5,14
19361,8,10,34138.19,5,5,2,12
19362,138,8,41512.76,1,3,3,7
19363,49,8,47150.5,3,3,4,10
19364,3,8,59321.34,5,3,5,13
19365,21,7,26141.440000000002,4,3,2,9
19366,53,8,24631.45,3,3,1,7
19367,250,5,23878.239999999998,1,1,1,3
19368,37,3,12107.789999999999,3,1,1,5
19369,175,12,58897.759999999995,1,5,5,11
19370,58,9,46822.66,3,4,4,11
19371,68,6,21773.11,2,2,1,5
19372,58,14,55054.130000000005,3,5,4,12
19373,40,12,48162.729999999996,3,5,4,12
19374,46,7,41188.9,3,3,3,9
19375,125,9,38282.85,1,4,3,8
19376,98,4,7675.11,2,1,1,4
19377,14,13,59052.54,5,5,5,15
19378,24,9,52823.76,4,4,4,12
19379,51,4,16243.56,3,1,1,5
19380,11,11,47888.63,5,5,4,14
19381,24,12,73382.94,4,5,5,14
19382,5,13,59349.21000000001,5,5,5,15
19383,23,6,42350.5,4,2,3,9
19384,21,11,51805.8,4,5,4,13
19385,45,14,94131.95999999999,3,5,5,13
19386,367,2,12703.779999999999,1,1,1,3
19387,84,7,36267.47,2,3,3,8
19388,32,8,49539.17,4,3,4,11
19389,142,8,41451.41,1,3,3,7
19390,16,12,46087.13,4,5,4,13
19391,77,10,82121.94,2,5,5,12
19392,102,8,28405.489999999998,2,3,2,7
19393,3,4,17877.86,5,1,1,7
19394,24,3,17470.95,4,1,1,6
19395,13,10,53525.11,5,5,4,14
19396,38,12,43028.25,3,5,3,11
19397,100,6,31442.670000000002,2,2,2,6
19398,20,9,41431.619999999995,4,4,3,11
19399,249,6,33689.11,1,2,2,5
19400,36,9,59613.340000000004,3,4,5,12
19401,146,6,35070.87,1,2,3,6
19402,15,8,31917.53,5,3,2,10
19403,15,9,34846.4,5,4,2,11
19404,187,6,35282.82,1,2,3,6
19405,10,7,50185.93,5,3,4,12
19406,144,8,31945.48,1,3,2,6
19407,1,8,37780.99,5,3,3,11
19408,30,14,95545.89,4,5,5,14
19409,15,10,43579.13,5,5,3,13
19410,70,10,53274.46000000001,2,5,4,11
19411,26,6,36894.87,4,2,3,9
19412,4,8,40456.049999999996,5,3,3,11
19413,115,7,17868.0,1,3,1,5
19414,93,11,76075.05,2,5,5,12
19415,4,9,48870.74,5,4,4,13
19416,44,10,59648.37,3,5,5,13
19417,43,7,26951.33,3,3,2,8
19418,79,9,61717.99,2,4,5,11
19419,58,10,48042.37,3,5,4,12
19420,8,14,67666.32,5,5,5,15
19421,18,5,41295.96,4,1,3,8
19422,12,11,66049.47,5,5,5,15
19423,65,5,19407.03,2,1,1,4
19424,58,3,29369.63,3,1,2,6
19425,3,11,46082.35,5,5,4,14
19426,110,6,36594.46,1,2,3,6
19427,131,5,34459.33,1,1,2,4
19428,58,8,33225.86,3,3,2,8
19429,46,7,23936.710000000003,3,3,1,7
19430,30,13,74547.31,4,5,5,14
19431,55,11,56362.21,3,5,4,12
19432,47,9,36932.57,3,4,3,10
19433,26,5,31730.0,4,1,2,7
19434,141,4,12503.51,1,1,1,3
19435,74,5,30932.69,2,1,2,5
19436,79,9,64058.27,2,4,5,11
19437,32,9,26253.73,4,4,2,10
19438,52,10,81938.59,3,5,5,13
19439,7,10,62876.21,5,5,5,15
19440,38,4,26902.53,3,1,2,6
19441,33,6,15572.34,4,2,1,7
19442,65,4,22394.760000000002,2,1,1,4
19443,25,7,41440.11,4,3,3,10
19444,32,15,48720.979999999996,4,5,4,13
19445,26,8,60473.25,4,3,5,12
19446,85,9,33940.520000000004,2,4,2,8
19447,48,8,67270.37,3,3,5,11
19448,228,7,29155.440000000002,1,3,2,6
19449,44,11,70308.56999999999,3,5,5,13
19450,51,10,62853.8,3,5,5,13
19451,22,12,54333.66,4,5,4,13
19452,81,3,16622.71,2,1,1,4
19453,49,6,21749.52,3,2,1,6
19454,319,3,17337.21,1,1,1,3
19455,14,9,31908.11,5,4,2,11
19456,52,7,34204.06,3,3,2,8
19457,1,7,46689.82,5,3,4,12
19458,113,9,33437.4,1,4,2,7
19459,8,7,28852.04,5,3,2,10
19460,89,5,31380.18,2,1,2,5
19461,214,6,33373.54,1,2,2,5
19462,2,7,24813.39,5,3,1,9
19463,114,10,58398.3,1,5,5,11
19464,90,10,66743.56999999999,2,5,5,12
19465,14,6,33483.21,5,2,2,9
19466,8,7,53203.54,5,3,4,12
19467,16,9,56592.1,4,4,4,12
19468,77,14,52724.49,2,5,4,11
19469,175,10,44971.33,1,5,4,10
19470,6,7,42060.44,5,3,3,11
19471,74,5,25853.96,2,1,2,5
19472,34,10,36966.229999999996,4,5,3,12
19473,15,8,26714.36,5,3,2,10
19474,3,9,69214.65,5,4,5,14
19475,11,6,37900.630000000005,5,2,3,10
19476,16,7,28459.98,4,3,2,9
19477,14,7,48809.29,5,3,4,12
19478,27,7,33379.35,4,3,2,9
19479,217,5,28247.379999999997,1,1,2,4
19480,54,7,40172.01,3,3,3,9
19481,36,9,42959.7,3,4,3,10
19482,91,9,26628.84,2,4,2,8
19483,45,5,43646.0,3,1,3,7
19484,132,8,41587.520000000004,1,3,3,7
19485,13,8,27477.78,5,3,2,10
19486,31,11,64722.71,4,5,5,14
19487,68,6,30513.06,2,2,2,6
19488,63,11,59100.87,2,5,5,12
19489,22,10,43742.82,4,5,3,12
19490,170,9,36809.45,1,4,3,8
19491,52,8,38362.06,3,3,3,9
19492,4,10,56023.090000000004,5,5,4,14
19493,310,4,4915.34,1,1,1,3
19494,104,8,49844.229999999996,2,3,4,9
19495,48,7,36317.78,3,3,3,9
19496,1,8,39727.39,5,3,3,11
19497,35,9,52102.25,3,4,4,11
19498,25,11,69940.26,4,5,5,14
19499,201,8,42346.51,1,3,3,7
19500,36,10,36454.06,3,5,3,11
19501,24,13,55740.630000000005,4,5,4,13
19502,4,6,32710.23,5,2,2,9
19503,99,5,24943.75,2,1,1,4
19504,50,1,9013.28,3,1,1,5
19505,34,12,66425.12,4,5,5,14
19506,214,7,59404.51,1,3,5,9
19507,154,3,11222.630000000001,1,1,1,3
19508,89,12,73033.39,2,5,5,12
19509,141,8,39970.490000000005,1,3,3,7
19510,24,8,57845.28,4,3,5,12
19511,110,6,30450.91,1,2,2,5
19512,157,4,41522.97,1,1,3,5
19513,28,6,9976.25,4,2,1,7
19514,36,8,27717.46,3,3,2,8
19515,120,8,37093.61,1,3,3,7
19516,24,14,61880.0,4,5,5,14
19517,83,10,52463.96,2,5,4,11
19518,28,12,72385.69,4,5,5,14
19519,54,5,21948.11,3,1,1,5
19520,24,13,50372.76,4,5,4,13
19521,44,6,29395.85,3,2,2,7
19522,144,9,39911.03,1,4,3,8
19523,49,10,71766.15,3,5,5,13
19524,19,9,53534.33,4,4,4,12
19525,11,11,30340.329999999998,5,5,2,12
19526,44,7,35398.67,3,3,3,9
19527,57,4,18569.17,3,1,1,5
19528,72,6,43394.659999999996,2,2,3,7
19529,41,6,4441.110000000001,3,2,1,6
19530,94,6,37519.82,2,2,3,7
19531,21,6,33477.7,4,2,2,8
19532,69,3,13221.86,2,1,1,4
19533,84,10,43002.88,2,5,3,10
19534,13,11,54127.0,5,5,4,14
19535,10,8,37693.07,5,3,3,11
19536,97,5,26500.75,2,1,2,5
19537,43,10,81968.56,3,5,5,13
19538,25,6,17587.07,4,2,1,7
19539,19,6,59352.310000000005,4,2,5,11
19540,16,8,23862.059999999998,4,3,1,8
19541,227,4,6233.04,1,1,1,3
19542,58,7,27857.86,3,3,2,8
19543,78,7,31525.039999999997,2,3,2,7
19544,81,8,46529.88,2,3,4,9
19545,107,10,50742.93,2,5,4,11
19546,14,8,52662.520000000004,5,3,4,12
19547,44,8,65218.99,3,3,5,11
19548,337,7,15985.720000000001,1,3,1,5
19549,18,10,63945.03,4,5,5,14
19550,3,6,24539.96,5,2,1,8
19551,254,5,18301.39,1,1,1,3
19552,64,6,37636.85,2,2,3,7
19553,21,8,42987.12,4,3,3,10
19554,44,6,17746.55,3,2,1,6
19555,21,5,19563.1,4,1,1,6
19556,85,5,16914.739999999998,2,1,1,4
19557,54,11,75963.01999999999,3,5,5,13
19558,56,5,20815.29,3,1,1,5
19559,22,11,73077.12,4,5,5,14
19560,46,10,48460.45,3,5,4,12
19561,88,7,15924.66,2,3,1,6
19562,46,5,6730.09,3,1,1,5
19563,39,12,58646.33,3,5,5,13
19564,141,5,12325.36,1,1,1,3
19565,2,5,25134.45,5,1,1,7
19566,7,15,102573.75,5,5,5,15
19567,1,9,77061.72,5,4,5,14
19568,209,13,84358.94,1,5,5,11
19569,158,7,35020.31,1,3,3,7
19570,26,8,48673.78,4,3,4,11
19571,67,7,38692.54,2,3,3,8
19572,1,12,73113.06,5,5,5,15
19573,21,11,68165.17,4,5,5,14
19574,2,7,50778.01,5,3,4,12
19575,119,6,35930.97,1,2,3,6
19576,17,10,31229.98,4,5,2,11
19577,227,9,55665.29,1,4,4,9
19578,156,4,48089.09,1,1,4,6
19579,148,6,48940.3,1,2,4,7
19580,47,10,68255.83,3,5,5,13
19581,68,12,44012.479999999996,2,5,3,10
19582,23,10,60489.740000000005,4,5,5,14
19583,98,8,45653.4,2,3,4,9
19584,18,10,55687.47,4,5,4,13
19585,21,7,41777.93,4,3,3,10
19586,84,6,34228.880000000005,2,2,2,6
19587,254,5,9978.41,1,1,1,3
19588,15,14,86123.05,5,5,5,15
19589,14,7,19512.34,5,3,1,9
19590,39,9,33884.85,3,4,2,9
19591,67,5,17450.3,2,1,1,4
19592,11,10,54603.95,5,5,4,14
19593,8,8,23307.489999999998,5,3,1,9
19594,51,11,42462.49,3,5,3,11
19595,39,10,78842.55,3,5,5,13
19596,121,7,26150.72,1,3,2,6
19597,7,14,95785.35,5,5,5,15
19598,42,11,47867.880000000005,3,5,4,12
19599,52,8,31308.329999999998,3,3,2,8
19600,138,9,32073.72,1,4,2,7
19601,219,9,43914.46,1,4,3,8
19602,416,2,7004.48,1,1,1,3
19603,55,7,26591.83,3,3,2,8
19604,71,12,87479.24,2,5,5,12
19605,17,12,43031.28,4,5,3,12
19606,86,8,60674.81,2,3,5,10
19607,17,10,55552.65,4,5,4,13
19608,44,3,17628.65,3,1,1,5
19609,50,8,28478.79,3,3,2,8
19610,73,11,66130.73,2,5,5,12
19611,138,8,30035.55,1,3,2,6
19612,158,5,23780.8,1,1,1,3
19613,25,11,72328.09,4,5,5,14
19614,59,7,58575.54,3,3,5,11
19615,60,10,71940.95,3,5,5,13
19616,10,5,13932.57,5,1,1,7
19617,164,10,64757.81,1,5,5,11
19618,130,5,40624.05,1,1,3,5
19619,119,10,36332.31,1,5,3,9
19620,146,6,36993.369999999995,1,2,3,6
19621,229,6,44173.96,1,2,3,6
19622,5,8,22898.53,5,3,1,9
19623,11,7,21658.86,5,3,1,9
19624,31,15,45932.26,4,5,4,13
19625,147,10,39310.65,1,5,3,9
19626,24,9,55569.96,4,4,4,12
19627,230,7,29956.16,1,3,2,6
19628,20,14,76635.06,4,5,5,14
19629,1,8,48222.479999999996,5,3,4,12
19630,55,8,22474.75,3,3,1,7
19631,90,6,39992.96,2,2,3,7
19632,85,7,29684.49,2,3,2,7
19633,115,9,18638.93,1,4,1,6
19634,81,10,36975.93,2,5,3,10
19635,56,9,61576.659999999996,3,4,5,12
19636,36,9,42340.130000000005,3,4,3,10
19637,105,5,34609.079999999994,2,1,2,5
19638,96,6,35618.39,2,2,3,7
19639,99,13,101291.46,2,5,5,12
19640,79,10,61124.759999999995,2,5,5,12
19641,7,10,67847.44,5,5,5,15
19642,23,9,47490.42,4,4,4,12
19643,69,10,33610.61,2,5,2,9
19644,1,7,27668.91,5,3,2,10
19645,42,8,45743.18,3,3,4,10
19646,17,12,64459.68,4,5,5,14
19647,5,11,83892.31,5,5,5,15
19648,34,4,28758.58,4,1,2,7
19649,12,10,55347.47,5,5,4,14
19650,6,7,37731.68,5,3,3,11
19651,46,6,49389.9,3,2,4,9
19652,49,9,49257.490000000005,3,4,4,11
19653,201,6,49721.82,1,2,4,7
19654,147,8,30352.559999999998,1,3,2,6
19655,74,5,29771.31,2,1,2,5
19656,117,3,16700.01,1,1,1,3
19657,32,6,32484.47,4,2,2,8
19658,43,11,50779.37,3,5,4,12
19659,212,8,41880.06,1,3,3,7
19660,6,8,46206.55,5,3,4,12
19661,152,10,48794.63,1,5,4,10
19662,80,7,25446.12,2,3,2,7
19663,16,10,48658.630000000005,4,5,4,13
19664,56,11,37917.22,3,5,3,11
19665,19,11,24258.57,4,5,1,10
19666,139,4,17854.510000000002,1,1,1,3
19667,13,12,56128.369999999995,5,5,4,14
19668,13,11,48746.01,5,5,4,14
19669,164,2,6615.18,1,1,1,3
19670,53,10,57102.86,3,5,5,13
19671,2,12,46899.78,5,5,4,14
19672,5,7,33145.58,5,3,2,10
19673,13,11,80669.54,5,5,5,15
19674,150,5,14943.199999999999,1,1,1,3
19675,62,8,26680.4,2,3,2,7
19676,65,11,76352.12,2,5,5,12
19677,31,9,42191.23,4,4,3,11
19678,75,5,13988.05,2,1,1,4
19679,4,10,53389.02,5,5,4,14
19680,35,14,90392.51000000001,3,5,5,13
19681,12,4,9019.61,5,1,1,7
19682,34,6,29827.850000000002,4,2,2,8
19683,93,5,21363.52,2,1,1,4
19684,23,7,21663.74,4,3,1,8
19685,9,10,38740.79,5,5,3,13
19686,31,8,44419.0,4,3,3,10
19687,11,11,38385.91,5,5,3,13
19688,60,10,39358.64,3,5,3,11
19689,141,10,40840.94,1,5,3,9
19690,16,10,47237.97,4,5,4,13
19691,59,7,47425.5,3,3,4,10
19692,2,11,31946.0,5,5,2,12
19693,53,9,30344.43,3,4,2,9
19694,18,8,48393.33,4,3,4,11
19695,98,13,73931.55,2,5,5,12
19696,34,7,44289.39,4,3,3,10
19697,112,10,68758.73,1,5,5,11
19698,128,11,67083.7,1,5,5,11
19699,42,5,14515.75,3,1,1,5
19700,8,9,33346.64,5,4,2,11
19701,2,7,42390.99,5,3,3,11
19702,7,12,50170.17,5,5,4,14
19703,168,4,14133.8,1,1,1,3
19704,17,7,37865.700000000004,4,3,3,10
19705,32,12,46305.07,4,5,4,13
19706,62,2,3751.52,2,1,1,4
19707,18,10,61631.21,4,5,5,14
19708,11,11,70326.4,5,5,5,15
19709,31,9,39029.46,4,4,3,11
19710,95,8,42529.55,2,3,3,8
19711,178,5,12974.7,1,1,1,3
19712,20,4,27759.760000000002,4,1,2,7
19713,27,15,80689.4,4,5,5,14
19714,23,13,52301.61,4,5,4,13
19715,149,6,43704.17,1,2,3,6
19716,45,5,44812.52,3,1,4,8
19717,60,7,49151.24,3,3,4,10
19718,11,10,44292.03,5,5,3,13
19719,159,5,15956.66,1,1,1,3
19720,2,12,57619.22,5,5,5,15
19721,14,10,55679.770000000004,5,5,4,14
19722,43,8,41600.479999999996,3,3,3,9
19723,3,18,103222.94,5,5,5,15
19724,26,6,22425.44,4,2,1,7
19725,28,10,60010.130000000005,4,5,5,14
19726,3,8,50712.34,5,3,4,12
19727,42,14,95677.18,3,5,5,13
19728,24,13,68777.69,4,5,5,14
19729,95,6,45358.25,2,2,4,8
19730,18,9,41331.54,4,4,3,11
19731,134,6,18778.77,1,2,1,4
19732,70,7,36833.86,2,3,3,8
19733,16,6,57904.54,4,2,5,11
19734,2,8,61675.02,5,3,5,13
19735,7,12,86113.06,5,5,5,15
19736,45,2,10638.029999999999,3,1,1,5
19737,117,7,30823.760000000002,1,3,2,6
19738,14,4,30487.85,5,1,2,8
19739,40,11,50665.99,3,5,4,12
19740,5,8,34857.04,5,3,2,10
19741,25,11,49790.8,4,5,4,13
19742,104,6,51237.69,2,2,4,8
19743,75,10,38262.78,2,5,3,10
19744,79,12,62381.56,2,5,5,12
19745,27,7,18871.62,4,3,1,8
19746,129,8,64667.22,1,3,5,9
19747,117,9,58750.409999999996,1,4,5,10
19748,12,7,17347.02,5,3,1,9
19749,45,8,72917.44,3,3,5,11
19750,74,8,65945.89,2,3,5,10
19751,5,10,37518.119999999995,5,5,3,13
19752,161,5,22916.28,1,1,1,3
19753,1,8,46284.28999999999,5,3,4,12
19754,184,7,42311.82,1,3,3,7
19755,15,8,48762.92,5,3,4,12
19756,67,7,42807.979999999996,2,3,3,8
19757,4,12,46708.87,5,5,4,14
19758,42,10,29908.59,3,5,2,10
19759,15,7,28664.21,5,3,2,10
19760,8,7,35695.89,5,3,3,11
19761,48,12,37788.29,3,5,3,11
19762,59,8,26053.28,3,3,2,8
19763,38,10,68898.59,3,5,5,13
19764,14,9,50143.7,5,4,4,13
19765,328,6,16939.42,1,2,1,4
19766,127,5,31324.5,1,1,2,4
19767,25,11,37559.1,4,5,3,12
19768,12,12,56193.68,5,5,4,14
19769,17,2,14524.59,4,1,1,6
19770,150,8,57803.22,1,3,5,9
19771,43,7,29107.55,3,3,2,8
19772,88,4,8760.16,2,1,1,4
19773,15,10,49294.85,5,5,4,14
19774,118,9,60684.51,1,4,5,10
19775,23,11,80658.05,4,5,5,14
19776,30,8,52704.54,4,3,4,11
19777,122,4,20728.55,1,1,1,3
19778,98,6,24977.850000000002,2,2,1,5
19779,73,12,70803.37,2,5,5,12
19780,5,3,4494.17,5,1,1,7
19781,75,11,55233.200000000004,2,5,4,11
19782,49,10,47317.09,3,5,4,12
19783,38,13,97540.38,3,5,5,13
19784,125,5,21945.92,1,1,1,3
19785,7,5,20248.449999999997,5,1,1,7
19786,2,9,39159.67,5,4,3,12
19787,44,7,29360.7,3,3,2,8
19788,23,9,47465.25,4,4,4,12
19789,68,13,41684.72,2,5,3,10
19790,199,12,65012.43,1,5,5,11
19791,160,12,74179.91,1,5,5,11
19792,31,7,44568.87,4,3,4,11
19793,1,8,46919.41,5,3,4,12
19794,86,10,49836.22,2,5,4,11
19795,87,10,55323.270000000004,2,5,4,11
19796,52,7,23550.34,3,3,1,7
19797,90,9,28687.37,2,4,2,8
19798,9,10,35946.76,5,5,3,13
19799,5,7,31400.53,5,3,2,10
19800,31,11,49302.53,4,5,4,13
19801,38,10,57576.94,3,5,5,13
19802,3,11,73716.02,5,5,5,15
19803,121,6,32143.99,1,2,2,5
19804,16,8,36800.6,4,3,3,10
19805,125,8,33546.3,1,3,2,6
19806,108,11,72794.02,2,5,5,12
19807,2,7,26927.37,5,3,2,10
19808,106,10,44562.44,2,5,4,11
19809,124,9,43500.33,1,4,3,8
19810,6,11,69541.17,5,5,5,15
19811,65,10,46698.57,2,5,4,11
19812,3,9,46689.45,5,4,4,13
19813,163,5,32516.979999999996,1,1,2,4
19814,125,10,35689.88,1,5,3,9
19815,56,10,65489.31,3,5,5,13
19816,447,3,11012.130000000001,1,1,1,3
19817,56,4,20768.850000000002,3,1,1,5
19818,8,8,37764.97,5,3,3,11
19819,111,6,25017.920000000002,1,2,1,4
19820,289,3,8568.3,1,1,1,3
19821,203,4,32513.36,1,1,2,4
19822,17,9,32992.86,4,4,2,10
19823,145,7,22100.57,1,3,1,5
19824,161,5,33075.54,1,1,2,4
19825,22,7,35403.95,4,3,3,10
19826,78,8,46277.229999999996,2,3,4,9
19827,92,8,41000.98,2,3,3,8
19828,14,12,45669.42,5,5,4,14
19829,195,7,42504.16,1,3,3,7
19830,44,6,26721.46,3,2,2,7
19831,15,10,29227.72,5,5,2,12
19832,43,9,48021.93,3,4,4,11
19833,9,11,27956.42,5,5,2,12
19834,24,8,22048.18,4,3,1,8
19835,49,9,39716.6,3,4,3,10
19836,11,9,30194.42,5,4,2,11
19837,57,8,41715.84,3,3,3,9
19838,133,3,20576.61,1,1,1,3
19839,32,9,39085.1,4,4,3,11
19840,23,6,25897.47,4,2,2,8
19841,67,5,24627.989999999998,2,1,1,4
19842,49,6,38645.3,3,2,3,8
19843,149,4,24652.870000000003,1,1,1,3
19844,171,8,47426.9,1,3,4,8
19845,52,5,34042.05,3,1,2,6
19846,150,7,27084.99,1,3,2,6
19847,54,10,77735.73,3,5,5,13
19848,84,10,42160.26,2,5,3,10
19849,11,12,54564.01,5,5,4,14
19850,5,9,44881.25,5,4,4,13
19851,8,6,45982.95,5,2,4,11
19852,10,6,17819.26,5,2,1,8
19853,13,8,67420.88,5,3,5,13
19854,6,12,68543.92,5,5,5,15
19855,13,10,57046.45,5,5,5,15
19856,58,8,59273.55,3,3,5,11
19857,71,9,68082.06,2,4,5,11
19858,61,12,62924.18,3,5,5,13
19859,98,9,50553.229999999996,2,4,4,10
19860,42,11,57990.59,3,5,5,13
19861,45,6,32833.21,3,2,2,7
19862,13,6,41412.59,5,2,3,10
19863,11,12,45337.03,5,5,4,14
19864,211,9,66603.93,1,4,5,10
19865,116,5,44922.14,1,1,4,6
19866,43,8,42513.51,3,3,3,9
19867,274,3,12066.18,1,1,1,3
19868,14,12,72945.29,5,5,5,15
19869,3,11,38743.21,5,5,3,13
19870,70,9,23193.41,2,4,1,7
19871,49,5,29384.48,3,1,2,6
19872,75,8,41562.979999999996,2,3,3,8
19873,74,7,42779.94,2,3,3,8
19874,9,9,44491.42,5,4,3,12
19875,46,10,37298.76,3,5,3,11
19876,5,9,48171.61,5,4,4,13
19877,87,11,48875.79,2,5,4,11
19878,33,8,39489.48,4,3,3,10
19879,24,9,62531.29,4,4,5,13
19880,36,12,76093.81,3,5,5,13
19881,36,13,68533.83,3,5,5,13
19882,2,7,51324.91,5,3,4,12
19883,146,9,38982.14,1,4,3,8
19884,12,6,35831.04,5,2,3,10
19885,11,7,37908.2,5,3,3,11
19886,17,13,88235.89,4,5,5,14
19887,10,9,45406.71,5,4,4,13
19888,1,8,37365.810000000005,5,3,3,11
19889,45,11,58620.29,3,5,5,13
19890,150,4,17210.97,1,1,1,3
19891,4,9,28817.4,5,4,2,11
19892,59,6,20176.6,3,2,1,6
19893,45,7,22228.42,3,3,1,7
19894,9,12,48798.75,5,5,4,14
19895,101,4,16228.349999999999,2,1,1,4
19896,12,7,44527.57,5,3,3,11
19897,5,12,66848.13,5,5,5,15
19898,128,8,37384.62,1,3,3,7
19899,287,10,54338.060000000005,1,5,4,10
19900,98,5,39792.33,2,1,3,6
19901,59,9,28806.37,3,4,2,9
19902,151,5,21457.31,1,1,1,3
19903,45,11,68483.98999999999,3,5,5,13
19904,23,7,44995.2,4,3,4,11
19905,78,7,22377.9,2,3,1,6
19906,71,9,44568.83,2,4,4,10
19907,37,9,39020.14,3,4,3,10
19908,16,7,17446.98,4,3,1,8
19909,26,8,45410.44,4,3,4,11
19910,174,6,29538.86,1,2,2,5
19911,28,6,26961.23,4,2,2,8
19912,140,11,59446.48,1,5,5,11
19913,12,6,20595.45,5,2,1,8
19914,92,8,53179.96,2,3,4,9
19915,42,15,75798.56,3,5,5,13
19916,112,7,31704.36,1,3,2,6
19917,95,8,38017.19,2,3,3,8
19918,102,8,53015.9,2,3,4,9
19919,17,9,65549.89,4,4,5,13
19920,3,7,35489.19,5,3,3,11
19921,10,9,27594.12,5,4,2,11
19922,11,11,63715.83,5,5,5,15
19923,19,3,8675.76,4,1,1,6
19924,26,7,26673.49,4,3,2,9
19925,118,4,25133.39,1,1,1,3
19926,64,5,24508.25,2,1,1,4
19927,70,7,16350.220000000001,2,3,1,6
19928,58,4,15351.119999999999,3,1,1,5
19929,47,8,30614.82,3,3,2,8
19930,104,7,35780.92,2,3,3,8
19931,71,12,55837.86,2,5,4,11
19932,222,8,38722.6,1,3,3,7
19933,119,7,40646.92,1,3,3,7
19934,63,16,76126.11,2,5,5,12
19935,5,12,54690.11,5,5,4,14
19936,35,10,46195.0,3,5,4,12
19937,15,7,34544.2,5,3,2,10
19938,36,10,65718.06,3,5,5,13
19939,116,9,30177.61,1,4,2,7
19940,84,10,32168.02,2,5,2,9
19941,79,8,60301.85,2,3,5,10
19942,14,11,69026.03,5,5,5,15
19943,14,8,39901.94,5,3,3,11
19944,3,7,31330.97,5,3,2,10
19945,96,7,29556.89,2,3,2,7
19946,144,3,15362.05,1,1,1,3
19947,25,9,49005.97,4,4,4,12
19948,58,7,33070.07,3,3,2,8
19949,38,3,7203.82,3,1,1,5
19950,71,11,52228.68,2,5,4,11
19951,48,12,44774.29,3,5,4,12
19952,111,9,78253.82,1,4,5,10
19953,282,5,23236.04,1,1,1,3
19954,49,5,23323.0,3,1,1,5
19955,116,10,52744.08,1,5,4,10
19956,12,12,74438.13,5,5,5,15
19957,51,5,14041.869999999999,3,1,1,5
19958,21,9,70729.57,4,4,5,13
19959,25,9,54491.840000000004,4,4,4,12
19960,17,11,29876.41,4,5,2,11
19961,88,5,34701.78,2,1,2,5
19962,6,7,49984.380000000005,5,3,4,12
19963,23,6,35960.88,4,2,3,9
19964,38,14,86246.1,3,5,5,13
19965,25,5,17112.68,4,1,1,6
19966,129,9,49796.4,1,4,4,9
19967,37,7,19716.74,3,3,1,7
19968,24,13,72992.08,4,5,5,14
19969,9,15,65543.18,5,5,5,15
19970,74,8,53274.5,2,3,4,9
19971,44,4,24213.870000000003,3,1,1,5
19972,36,9,27182.93,3,4,2,9
19973,87,8,36708.41,2,3,3,8
19974,34,9,37695.57,4,4,3,11
19975,22,9,35330.520000000004,4,4,3,11
19976,133,4,13874.09,1,1,1,3
19977,21,10,58172.99,4,5,5,14
19978,16,10,48764.05,4,5,4,13
19979,29,9,46289.39,4,4,4,12
19980,85,6,22015.579999999998,2,2,1,5
19981,12,6,23955.61,5,2,1,8
19982,39,7,21769.8,3,3,1,7
19983,51,10,51492.06,3,5,4,12
19984,12,7,16054.310000000001,5,3,1,9
19985,14,5,16887.36,5,1,1,7
19986,116,9,59186.39,1,4,5,10
19987,48,15,57801.82,3,5,5,13
19988,49,11,51390.29,3,5,4,12
19989,137,7,31546.440000000002,1,3,2,6
19990,33,17,70270.74,4,5,5,14
19991,73,8,40058.86,2,3,3,8
19992,50,8,46477.27,3,3,4,10
19993,120,8,25527.32,1,3,2,6
19994,132,6,18580.03,1,2,1,4
19995,16,11,62712.12,4,5,5,14
19996,51,6,46591.55,3,2,4,9
19997,22,12,94644.35,4,5,5,14
19998,6,10,61523.979999999996,5,5,5,15
19999,51,5,31779.65,3,1,2,6
20000,6,9,25836.33,5,4,2,11
