customer_id,city,segment,age
1,New York,Consumer,44
2,San Diego,Consumer,25
3,Seattle,Consumer,36
4,Austin,Consumer,59
5,Austin,Consumer,49
6,Boston,Consumer,69
7,New York,Corporate,58
8,San Diego,Home Office,36
9,Chicago,Corporate,57
10,New York,Home Office,62
11,Seattle,Corporate,50
12,Boston,Corporate,57
13,San Diego,Consumer,44
14,San Diego,Corporate,65
15,San Diego,Consumer,30
16,San Diego,Consumer,40
17,Seattle,Consumer,31
18,New York,Corporate,23
19,Boston,Corporate,50
20,Austin,Home Office,24
21,Seattle,Home Office,29
22,Austin,Home Office,57
23,Chicago,Consumer,30
24,Boston,Home Office,62
25,San Diego,Corporate,20
26,Seattle,Home Office,41
27,Austin,Consumer,21
28,San Diego,Consumer,21
29,Seattle,Home Office,59
30,Austin,Consumer,21
31,Austin,Consumer,64
32,Chicago,Consumer,49
33,New York,Consumer,43
34,Seattle,Consumer,65
35,Boston,Home Office,38
36,New York,Home Office,38
37,Boston,Home Office,39
38,San Diego,Consumer,51
39,Chicago,Consumer,62
40,Seattle,Consumer,46
41,New York,Consumer,32
42,San Diego,Consumer,64
43,San Diego,Corporate,49
44,Austin,Home Office,61
45,New York,Consumer,40
46,Boston,Consumer,28
47,Austin,Consumer,67
48,Boston,Consumer,53
49,San Diego,Consumer,34
50,San Diego,Consumer,62
51,San Diego,Consumer,18
52,Chicago,Consumer,66
53,Austin,Corporate,48
54,Austin,Consumer,48
55,Austin,Consumer,18
56,New York,Consumer,27
57,Seattle,Consumer,55
58,New York,Consumer,47
59,San Diego,Corporate,24
60,San Diego,Home Office,52
61,Boston,Corporate,56
62,San Diego,Consumer,32
63,Austin,Consumer,53
64,Boston,Consumer,68
65,Austin,Consumer,43
66,Chicago,Home Office,29
67,Boston,Consumer,68
68,Austin,Consumer,65
69,New York,Consumer,41
70,Austin,Consumer,40
71,San Diego,Home Office,61
72,Chicago,Consumer,18
73,Austin,Consumer,34
74,New York,Consumer,46
75,San Diego,Corporate,52
76,Austin,Consumer,50
77,Chicago,Corporate,37
78,Chicago,Consumer,63
79,Seattle,Consumer,51
80,San Diego,Home Office,46
81,Boston,Consumer,66
82,Austin,Consumer,22
83,New York,Consumer,54
84,San Diego,Consumer,66
85,Seattle,Consumer,52
86,San Diego,Corporate,47
87,New York,Consumer,36
88,Chicago,Consumer,32
89,San Diego,Consumer,46
90,San Diego,Corporate,64
91,Austin,Consumer,42
92,San Diego,Consumer,24
93,Boston,Corporate,43
94,Austin,Corporate,23
95,Boston,Home Office,66
96,Chicago,Consumer,45
97,Chicago,Consumer,29
98,San Diego,Consumer,50
99,Seattle,Corporate,45
100,New York,Consumer,44
101,San Diego,Consumer,48
102,Chicago,Consumer,66
103,San Diego,Corporate,62
104,New York,Corporate,31
105,San Diego,Consumer,30
106,San Diego,Home Office,69
107,San Diego,Home Office,51
108,Seattle,Consumer,19
109,Austin,Consumer,45
110,San Diego,Corporate,24
111,Chicago,Consumer,19
112,San Diego,Consumer,27
113,Seattle,Consumer,31
114,Austin,Home Office,22
115,Seattle,Consumer,61
116,Seattle,Corporate,40
117,New York,Consumer,46
118,New York,Consumer,62
119,Chicago,Home Office,61
120,New York,Consumer,60
121,Austin,Consumer,28
122,San Diego,Consumer,56
123,Seattle,Corporate,69
124,Austin,Consumer,18
125,Boston,Consumer,63
126,Seattle,Consumer,63
127,New York,Consumer,61
128,San Diego,Consumer,38
129,Seattle,Consumer,28
130,Seattle,Consumer,56
131,Seattle,Consumer,50
132,Seattle,Corporate,55
133,New York,Corporate,31
134,Seattle,Consumer,27
135,San Diego,Consumer,64
136,Chicago,Consumer,44
137,Seattle,Home Office,62
138,New York,Consumer,66
139,Austin,Consumer,41
140,Austin,Consumer,31
141,Boston,Consumer,64
142,Chicago,Consumer,55
143,Chicago,Consumer,52
144,Austin,Corporate,67
145,Boston,Corporate,30
146,Boston,Corporate,36
147,New York,Corporate,20
148,Chicago,Consumer,38
149,San Diego,Home Office,41
150,New York,Corporate,41
151,Boston,Corporate,25
152,Chicago,Corporate,60
153,Boston,Consumer,43
154,Chicago,Consumer,40
155,Austin,Consumer,62
156,Seattle,Consumer,43
157,New York,Consumer,64
158,Seattle,Consumer,29
159,Seattle,Consumer,62
160,San Diego,Home Office,69
161,Boston,Corporate,57
162,Seattle,Consumer,64
163,Austin,Consumer,56
164,Austin,Consumer,49
165,Austin,Home Office,57
166,San Diego,Corporate,67
167,Chicago,Corporate,49
168,Chicago,Consumer,53
169,Austin,Consumer,22
170,New York,Corporate,67
171,New York,Home Office,58
172,New York,Consumer,26
173,San Diego,Consumer,33
174,San Diego,Consumer,29
175,San Diego,Consumer,34
176,Austin,Home Office,64
177,San Diego,Corporate,42
178,New York,Consumer,39
179,Boston,Consumer,58
180,Seattle,Consumer,37
181,Boston,Consumer,64
182,New York,Consumer,57
183,Austin,Corporate,31
184,San Diego,Corporate,50
185,Austin,Consumer,43
186,Austin,Corporate,35
187,New York,Corporate,65
188,Austin,Consumer,38
189,Chicago,Corporate,24
190,Chicago,Corporate,39
191,San Diego,Corporate,44
192,Seattle,Consumer,24
193,Seattle,Consumer,56
194,Austin,Consumer,29
195,Boston,Consumer,22
196,New York,Consumer,45
197,Austin,Corporate,26
198,New York,Consumer,58
199,Austin,Consumer,21
200,Boston,Home Office,39
201,Austin,Consumer,20
202,Boston,Consumer,37
203,Austin,Consumer,66
204,San Diego,Consumer,51
205,Austin,Consumer,45
206,Chicago,Corporate,26
207,San Diego,Consumer,34
208,Boston,Consumer,37
209,Chicago,Consumer,48
210,San Diego,Corporate,28
211,Chicago,Consumer,69
212,San Diego,Corporate,51
213,San Diego,Consumer,34
214,Austin,Consumer,23
215,San Diego,Consumer,48
216,Chicago,Consumer,41
217,New York,Consumer,53
218,New York,Corporate,49
219,Austin,Consumer,51
220,Boston,Consumer,61
221,New York,Consumer,45
222,Austin,Consumer,55
223,San Diego,Consumer,36
224,Chicago,Consumer,67
225,San Diego,Consumer,39
226,Chicago,Consumer,53
227,San Diego,Consumer,69
228,Seattle,Consumer,36
229,Seattle,Consumer,23
230,Chicago,Consumer,30
231,Austin,Home Office,30
232,Boston,Consumer,20
233,New York,Corporate,46
234,San Diego,Consumer,32
235,Austin,Consumer,23
236,San Diego,Consumer,25
237,Seattle,Consumer,32
238,Austin,Corporate,37
239,Chicago,Corporate,68
240,Seattle,Consumer,54
241,New York,Corporate,55
242,Seattle,Consumer,53
243,New York,Consumer,59
244,Seattle,Corporate,34
245,Seattle,Consumer,23
246,New York,Consumer,44
247,San Diego,Home Office,18
248,Austin,Home Office,29
249,San Diego,Corporate,57
250,New York,Consumer,44
251,Chicago,Corporate,53
252,Austin,Consumer,44
253,Chicago,Consumer,46
254,Chicago,Consumer,33
255,Seattle,Home Office,29
256,New York,Home Office,31
257,San Diego,Corporate,59
258,New York,Consumer,68
259,Chicago,Consumer,22
260,Seattle,Consumer,45
261,San Diego,Home Office,42
262,Chicago,Consumer,47
263,Chicago,Consumer,30
264,Boston,Corporate,18
265,Boston,Consumer,28
266,Seattle,Corporate,27
267,Austin,Consumer,20
268,Austin,Corporate,36
269,Seattle,Consumer,53
270,Seattle,Consumer,68
271,Chicago,Consumer,52
272,New York,Consumer,27
273,New York,Consumer,36
274,Boston,Consumer,33
275,Austin,Consumer,29
276,Austin,Corporate,69
277,Austin,Consumer,52
278,San Diego,Corporate,43
279,New York,Corporate,40
280,New York,Consumer,34
281,Chicago,Corporate,39
282,Austin,Consumer,50
283,San Diego,Consumer,66
284,Austin,Consumer,43
285,Austin,Corporate,27
286,Boston,Consumer,67
287,New York,Consumer,34
288,Seattle,Home Office,22
289,Seattle,Consumer,46
290,Austin,Home Office,59
291,San Diego,Corporate,31
292,Chicago,Home Office,32
293,Boston,Home Office,33
294,Chicago,Home Office,59
295,Seattle,Consumer,67
296,Seattle,Corporate,62
297,Boston,Corporate,29
298,Austin,Corporate,62
299,Chicago,Consumer,34
300,New York,Home Office,63
301,Austin,Consumer,69
302,San Diego,Consumer,55
303,New York,Consumer,67
304,Boston,Consumer,25
305,Seattle,Corporate,52
306,New York,Consumer,20
307,Chicago,Corporate,51
308,Seattle,Corporate,35
309,Chicago,Consumer,68
310,New York,Corporate,43
311,Seattle,Consumer,57
312,San Diego,Corporate,33
313,New York,Home Office,21
314,Chicago,Consumer,56
315,Chicago,Corporate,29
316,Seattle,Consumer,55
317,San Diego,Consumer,42
318,San Diego,Corporate,68
319,Boston,Consumer,36
320,San Diego,Corporate,38
321,Chicago,Consumer,56
322,New York,Consumer,58
323,Seattle,Home Office,24
324,Boston,Consumer,56
325,Boston,Consumer,43
326,Chicago,Consumer,69
327,Chicago,Corporate,50
328,New York,Consumer,58
329,New York,Consumer,35
330,Seattle,Consumer,32
331,Seattle,Consumer,58
332,Austin,Home Office,18
333,Chicago,Consumer,48
334,San Diego,Consumer,68
335,Austin,Corporate,69
336,San Diego,Consumer,55
337,Boston,Consumer,43
338,Chicago,Consumer,60
339,Chicago,Consumer,18
340,Boston,Corporate,59
341,Seattle,Home Office,27
342,Chicago,Home Office,56
343,Seattle,Home Office,36
344,Seattle,Consumer,57
345,Boston,Consumer,49
346,Chicago,Corporate,66
347,Boston,Home Office,58
348,Boston,Corporate,65
349,Chicago,Consumer,25
350,New York,Corporate,37
351,Seattle,Corporate,40
352,New York,Home Office,19
353,Chicago,Corporate,19
354,Austin,Consumer,20
355,Boston,Consumer,57
356,Boston,Consumer,41
357,New York,Consumer,57
358,Boston,Home Office,61
359,New York,Consumer,19
360,San Diego,Consumer,62
361,Boston,Consumer,29
362,Boston,Corporate,39
363,Chicago,Consumer,68
364,Boston,Consumer,33
365,New York,Home Office,66
366,Seattle,Consumer,44
367,Austin,Consumer,18
368,Chicago,Consumer,61
369,New York,Consumer,20
370,San Diego,Corporate,51
371,Austin,Home Office,41
372,Seattle,Consumer,25
373,Austin,Home Office,44
374,Austin,Corporate,36
375,Boston,Consumer,23
376,New York,Consumer,46
377,San Diego,Consumer,20
378,San Diego,Home Office,45
379,Austin,Consumer,29
380,Chicago,Consumer,61
381,New York,Corporate,67
382,Boston,Home Office,66
383,Boston,Corporate,66
384,Chicago,Corporate,23
385,New York,Consumer,44
386,New York,Home Office,29
387,New York,Consumer,23
388,San Diego,Consumer,38
389,Boston,Home Office,40
390,New York,Consumer,33
391,San Diego,Consumer,23
392,Chicago,Corporate,39
393,Austin,Consumer,26
394,Seattle,Consumer,20
395,San Diego,Corporate,41
396,Boston,Corporate,21
397,New York,Corporate,68
398,Chicago,Consumer,61
399,Chicago,Consumer,66
400,Chicago,Corporate,23
401,Boston,Consumer,42
402,San Diego,Consumer,60
403,Chicago,Consumer,47
404,Boston,Consumer,33
405,Austin,Consumer,61
406,Seattle,Corporate,34
407,Austin,Home Office,68
408,New York,Consumer,23
409,Boston,Corporate,54
410,New York,Consumer,18
411,Chicago,Consumer,65
412,Chicago,Corporate,36
413,Chicago,Consumer,19
414,New York,Home Office,61
415,New York,Consumer,68
416,San Diego,Consumer,65
417,Boston,Consumer,43
418,New York,Consumer,21
419,Chicago,Home Office,29
420,Seattle,Corporate,19
421,Boston,Consumer,20
422,San Diego,Consumer,26
423,San Diego,Corporate,47
424,Seattle,Corporate,57
425,Austin,Consumer,48
426,Chicago,Consumer,28
427,Boston,Consumer,49
428,San Diego,Consumer,30
429,New York,Consumer,41
430,San Diego,Consumer,64
431,New York,Consumer,24
432,San Diego,Consumer,63
433,San Diego,Consumer,32
434,New York,Home Office,52
435,Austin,Consumer,31
436,New York,Consumer,26
437,Seattle,Consumer,41
438,Boston,Consumer,37
439,New York,Home Office,44
440,Austin,Consumer,30
441,Boston,Consumer,68
442,Chicago,Home Office,52
443,New York,Corporate,61
444,Austin,Corporate,58
445,Seattle,Consumer,55
446,Seattle,Consumer,25
447,Chicago,Corporate,48
448,Boston,Consumer,64
449,Seattle,Corporate,22
450,Chicago,Corporate,42
451,Boston,Consumer,27
452,Boston,Consumer,59
453,Austin,Consumer,66
454,New York,Consumer,20
455,Seattle,Corporate,59
456,Seattle,Corporate,36
457,New York,Consumer,68
458,Seattle,Corporate,18
459,Boston,Consumer,27
460,New York,Corporate,55
461,San Diego,Consumer,58
462,New York,Corporate,22
463,San Diego,Corporate,26
464,Austin,Consumer,35
465,New York,Consumer,19
466,Boston,Home Office,58
467,New York,Consumer,52
468,Seattle,Corporate,56
469,Chicago,Home Office,42
470,Boston,Home Office,51
471,San Diego,Consumer,47
472,San Diego,Corporate,54
473,Austin,Home Office,41
474,Austin,Consumer,51
475,Seattle,Consumer,51
476,San Diego,Consumer,51
477,Boston,Corporate,63
478,New York,Consumer,36
479,Seattle,Consumer,63
480,New York,Consumer,19
481,Chicago,Corporate,43
482,San Diego,Consumer,40
483,Chicago,Home Office,63
484,San Diego,Corporate,20
485,Austin,Home Office,29
486,Chicago,Home Office,42
487,Austin,Consumer,60
488,Seattle,Corporate,42
489,San Diego,Consumer,51
490,Seattle,Home Office,27
491,Boston,Consumer,67
492,Boston,Corporate,58
493,San Diego,Corporate,20
494,Seattle,Consumer,54
495,Chicago,Corporate,24
496,Austin,Consumer,47
497,New York,Consumer,54
498,Austin,Consumer,66
499,Boston,Consumer,21
500,Austin,Consumer,32
501,New York,Home Office,53
502,Seattle,Consumer,31
503,Boston,Consumer,55
504,Boston,Home Office,27
505,Chicago,Corporate,26
506,Austin,Consumer,46
507,Seattle,Home Office,53
508,Chicago,Consumer,28
509,Chicago,Consumer,63
510,Chicago,Consumer,63
511,Boston,Corporate,22
512,San Diego,Consumer,33
513,Boston,Consumer,46
514,San Diego,Corporate,43
515,Boston,Consumer,31
516,New York,Consumer,45
517,Boston,Corporate,68
518,New York,Corporate,33
519,Austin,Consumer,29
520,Seattle,Consumer,56
521,Austin,Home Office,47
522,New York,Consumer,53
523,Chicago,Consumer,51
524,San Diego,Consumer,57
525,Chicago,Consumer,55
526,Chicago,Home Office,49
527,Boston,Consumer,41
528,New York,Consumer,41
529,Boston,Consumer,31
530,Boston,Consumer,41
531,Seattle,Consumer,49
532,New York,Home Office,55
533,New York,Corporate,58
534,Chicago,Consumer,37
535,Seattle,Consumer,56
536,New York,Consumer,40
537,Austin,Consumer,36
538,New York,Consumer,26
539,Seattle,Consumer,31
540,New York,Corporate,53
541,San Diego,Home Office,29
542,New York,Consumer,22
543,Chicago,Home Office,32
544,Chicago,Consumer,69
545,San Diego,Consumer,25
546,New York,Corporate,25
547,Austin,Consumer,38
548,Seattle,Consumer,37
549,Seattle,Corporate,65
550,San Diego,Consumer,30
551,San Diego,Home Office,39
552,Austin,Consumer,33
553,San Diego,Corporate,30
554,Chicago,Consumer,34
555,Boston,Consumer,31
556,Seattle,Consumer,55
557,San Diego,Home Office,59
558,Boston,Consumer,27
559,San Diego,Home Office,43
560,Boston,Consumer,31
561,Seattle,Consumer,63
562,New York,Consumer,23
563,Austin,Consumer,39
564,Chicago,Home Office,35
565,Boston,Consumer,36
566,Chicago,Corporate,66
567,Chicago,Consumer,46
568,Chicago,Consumer,37
569,Seattle,Corporate,60
570,Seattle,Home Office,58
571,Boston,Corporate,25
572,Austin,Consumer,42
573,Chicago,Corporate,39
574,New York,Corporate,41
575,New York,Consumer,36
576,Austin,Corporate,60
577,Boston,Consumer,69
578,Seattle,Corporate,19
579,Boston,Home Office,62
580,New York,Home Office,62
581,New York,Corporate,37
582,Boston,Corporate,43
583,New York,Corporate,23
584,New York,Consumer,36
585,Austin,Consumer,30
586,Boston,Consumer,65
587,San Diego,Consumer,23
588,New York,Home Office,35
589,Boston,Home Office,43
590,Boston,Consumer,68
591,San Diego,Consumer,60
592,Boston,Corporate,66
593,Chicago,Consumer,34
594,Boston,Corporate,31
595,Chicago,Home Office,47
596,San Diego,Consumer,35
597,Seattle,Consumer,18
598,San Diego,Consumer,60
599,Seattle,Consumer,22
600,Seattle,Consumer,28
601,Seattle,Consumer,67
602,San Diego,Consumer,56
603,San Diego,Consumer,51
604,New York,Consumer,24
605,San Diego,Corporate,31
606,Seattle,Consumer,28
607,Chicago,Home Office,51
608,Seattle,Consumer,44
609,Boston,Consumer,36
610,Boston,Consumer,56
611,Boston,Corporate,58
612,Austin,Consumer,56
613,San Diego,Consumer,23
614,Austin,Consumer,49
615,San Diego,Home Office,28
616,Seattle,Consumer,32
617,Chicago,Consumer,68
618,Chicago,Home Office,39
619,New York,Consumer,58
620,New York,Consumer,30
621,Austin,Corporate,68
622,Austin,Consumer,32
623,New York,Consumer,27
624,Austin,Consumer,34
625,Seattle,Consumer,27
626,Chicago,Home Office,49
627,Austin,Corporate,25
628,Austin,Consumer,28
629,Seattle,Consumer,54
630,Austin,Corporate,20
631,San Diego,Corporate,40
632,Chicago,Consumer,54
633,Austin,Home Office,41
634,Austin,Consumer,19
635,Chicago,Corporate,26
636,San Diego,Consumer,68
637,Chicago,Consumer,58
638,Chicago,Corporate,36
639,San Diego,Corporate,63
640,Boston,Consumer,18
641,San Diego,Consumer,20
642,Boston,Corporate,63
643,Boston,Consumer,53
644,Austin,Consumer,49
645,San Diego,Corporate,35
646,Chicago,Consumer,60
647,Austin,Consumer,49
648,Seattle,Consumer,40
649,Boston,Home Office,37
650,Boston,Consumer,36
651,Austin,Corporate,47
652,Seattle,Home Office,52
653,Chicago,Corporate,59
654,San Diego,Consumer,39
655,Seattle,Consumer,31
656,Seattle,Consumer,46
657,San Diego,Consumer,48
658,Seattle,Home Office,32
659,New York,Corporate,21
660,Chicago,Consumer,35
661,Chicago,Consumer,21
662,San Diego,Home Office,22
663,New York,Consumer,68
664,Chicago,Corporate,58
665,Seattle,Consumer,19
666,San Diego,Corporate,36
667,Seattle,Corporate,31
668,Boston,Consumer,68
669,Boston,Consumer,40
670,New York,Corporate,31
671,Boston,Consumer,51
672,Seattle,Consumer,42
673,Seattle,Consumer,27
674,New York,Consumer,33
675,Seattle,Corporate,24
676,San Diego,Consumer,54
677,Seattle,Consumer,68
678,New York,Home Office,60
679,Seattle,Consumer,37
680,Boston,Consumer,43
681,San Diego,Corporate,21
682,New York,Home Office,37
683,Boston,Consumer,19
684,Boston,Corporate,56
685,Chicago,Consumer,65
686,San Diego,Consumer,27
687,Austin,Home Office,53
688,Seattle,Home Office,49
689,Austin,Consumer,39
690,San Diego,Consumer,56
691,Boston,Consumer,53
692,San Diego,Consumer,32
693,Boston,Home Office,59
694,Boston,Corporate,52
695,New York,Consumer,34
696,Chicago,Consumer,56
697,San Diego,Consumer,51
698,Seattle,Consumer,24
699,New York,Corporate,26
700,New York,Consumer,34
701,Seattle,Consumer,20
702,Seattle,Corporate,39
703,Chicago,Home Office,42
704,Chicago,Consumer,58
705,New York,Consumer,26
706,Seattle,Consumer,47
707,New York,Consumer,52
708,Seattle,Consumer,41
709,Austin,Corporate,65
710,Austin,Consumer,34
711,San Diego,Consumer,39
712,Seattle,Home Office,18
713,San Diego,Consumer,39
714,San Diego,Corporate,19
715,Boston,Corporate,69
716,San Diego,Corporate,30
717,Seattle,Corporate,60
718,Austin,Corporate,24
719,Chicago,Corporate,32
720,Seattle,Consumer,24
721,New York,Consumer,37
722,Boston,Consumer,49
723,Boston,Consumer,39
724,New York,Consumer,49
725,San Diego,Consumer,59
726,New York,Consumer,20
727,San Diego,Consumer,40
728,New York,Consumer,48
729,Austin,Corporate,45
730,Seattle,Consumer,25
731,San Diego,Corporate,28
732,Austin,Consumer,37
733,Boston,Home Office,51
734,San Diego,Corporate,69
735,Chicago,Consumer,37
736,San Diego,Home Office,45
737,San Diego,Consumer,33
738,Austin,Consumer,19
739,San Diego,Corporate,38
740,Boston,Consumer,36
741,San Diego,Consumer,25
742,San Diego,Consumer,52
743,Seattle,Consumer,31
744,Chicago,Consumer,29
745,San Diego,Consumer,38
746,Austin,Consumer,68
747,Seattle,Corporate,51
748,Chicago,Consumer,40
749,Chicago,Consumer,60
750,New York,Corporate,19
751,Boston,Consumer,35
752,New York,Consumer,46
753,New York,Corporate,43
754,Boston,Home Office,53
755,Seattle,Consumer,54
756,Austin,Consumer,41
757,San Diego,Corporate,66
758,Austin,Home Office,66
759,New York,Consumer,42
760,San Diego,Consumer,64
761,Chicago,Consumer,51
762,Seattle,Consumer,25
763,Boston,Home Office,24
764,Boston,Corporate,22
765,Austin,Consumer,29
766,San Diego,Corporate,34
767,Seattle,Corporate,21
768,Austin,Consumer,49
769,New York,Corporate,39
770,Austin,Consumer,49
771,Seattle,Consumer,44
772,Boston,Consumer,32
773,New York,Consumer,49
774,San Diego,Home Office,67
775,Boston,Consumer,34
776,Boston,Consumer,33
777,Austin,Consumer,44
778,New York,Consumer,59
779,Chicago,Consumer,45
780,Boston,Corporate,61
781,Boston,Consumer,21
782,Seattle,Consumer,23
783,New York,Corporate,39
784,New York,Consumer,30
785,Austin,Corporate,19
786,Seattle,Consumer,29
787,New York,Consumer,32
788,San Diego,Corporate,65
789,Seattle,Corporate,58
790,New York,Corporate,36
791,New York,Consumer,67
792,Austin,Consumer,61
793,San Diego,Corporate,31
794,San Diego,Consumer,42
795,Austin,Corporate,65
796,Chicago,Consumer,41
797,Boston,Corporate,37
798,Austin,Consumer,64
799,Chicago,Consumer,52
800,Austin,Consumer,40
801,New York,Consumer,63
802,Chicago,Corporate,56
803,Seattle,Consumer,36
804,Boston,Consumer,40
805,San Diego,Home Office,20
806,San Diego,Corporate,23
807,Seattle,Consumer,67
808,New York,Home Office,20
809,Austin,Consumer,61
810,Boston,Corporate,28
811,New York,Consumer,46
812,Boston,Consumer,55
813,San Diego,Consumer,69
814,Chicago,Consumer,37
815,San Diego,Consumer,66
816,Boston,Consumer,41
817,New York,Corporate,63
818,New York,Consumer,23
819,Seattle,Consumer,31
820,Boston,Home Office,50
821,New York,Corporate,54
822,Seattle,Home Office,59
823,New York,Consumer,36
824,Seattle,Consumer,50
825,Seattle,Consumer,50
826,New York,Consumer,69
827,San Diego,Consumer,24
828,Boston,Home Office,18
829,Boston,Corporate,47
830,New York,Corporate,18
831,Chicago,Consumer,28
832,Chicago,Corporate,44
833,Austin,Consumer,31
834,New York,Home Office,31
835,Boston,Consumer,36
836,San Diego,Consumer,53
837,San Diego,Consumer,37
838,Chicago,Corporate,59
839,New York,Home Office,26
840,Boston,Home Office,23
841,Chicago,Corporate,26
842,Seattle,Home Office,65
843,Boston,Corporate,32
844,New York,Consumer,19
845,New York,Corporate,34
846,New York,Consumer,53
847,New York,Consumer,36
848,New York,Consumer,37
849,San Diego,Consumer,22
850,Seattle,Home Office,52
851,Boston,Home Office,29
852,San Diego,Consumer,23
853,Boston,Corporate,55
854,Chicago,Consumer,66
855,Chicago,Consumer,49
856,Boston,Consumer,66
857,Chicago,Consumer,38
858,New York,Consumer,45
859,San Diego,Consumer,36
860,San Diego,Consumer,44
861,Boston,Consumer,64
862,Boston,Home Office,51
863,New York,Consumer,19
864,San Diego,Consumer,48
865,Boston,Consumer,37
866,San Diego,Consumer,46
867,San Diego,Consumer,47
868,Boston,Consumer,48
869,Austin,Corporate,63
870,New York,Consumer,62
871,Austin,Corporate,68
872,Chicago,Consumer,49
873,New York,Consumer,32
874,New York,Consumer,28
875,San Diego,Consumer,62
876,Seattle,Consumer,65
877,Seattle,Consumer,19
878,San Diego,Consumer,29
879,Seattle,Corporate,53
880,Seattle,Consumer,26
881,New York,Consumer,20
882,Boston,Corporate,69
883,Austin,Consumer,23
884,New York,Corporate,29
885,San Diego,Home Office,69
886,San Diego,Home Office,23
887,New York,Consumer,59
888,Chicago,Consumer,47
889,New York,Corporate,46
890,Chicago,Corporate,61
891,New York,Corporate,19
892,San Diego,Consumer,21
893,Seattle,Consumer,28
894,Boston,Consumer,43
895,San Diego,Consumer,68
896,Seattle,Consumer,21
897,Seattle,Home Office,39
898,New York,Consumer,40
899,New York,Corporate,28
900,Seattle,Home Office,35
901,New York,Consumer,28
902,New York,Consumer,25
903,Chicago,Corporate,45
904,Boston,Consumer,66
905,Austin,Consumer,39
906,San Diego,Corporate,51
907,Austin,Corporate,52
908,Chicago,Corporate,61
909,Austin,Home Office,60
910,New York,Consumer,65
911,San Diego,Corporate,60
912,Chicago,Corporate,66
913,Austin,Corporate,68
914,Boston,Corporate,56
915,Seattle,Corporate,43
916,Austin,Home Office,33
917,Seattle,Consumer,47
918,San Diego,Corporate,61
919,Chicago,Consumer,57
920,Seattle,Consumer,45
921,Boston,Corporate,21
922,Seattle,Corporate,32
923,Austin,Consumer,48
924,New York,Consumer,38
925,Chicago,Consumer,41
926,Boston,Consumer,33
927,Seattle,Consumer,21
928,Chicago,Home Office,42
929,Austin,Consumer,41
930,Seattle,Home Office,58
931,Seattle,Consumer,23
932,San Diego,Corporate,43
933,Chicago,Consumer,62
934,Seattle,Corporate,31
935,Austin,Corporate,34
936,Boston,Corporate,22
937,New York,Home Office,47
938,New York,Consumer,62
939,Austin,Consumer,43
940,Seattle,Consumer,39
941,San Diego,Corporate,56
942,Austin,Consumer,40
943,Boston,Consumer,38
944,Austin,Consumer,57
945,New York,Consumer,32
946,New York,Corporate,62
947,Boston,Corporate,31
948,New York,Corporate,44
949,Boston,Corporate,31
950,Chicago,Home Office,50
951,New York,Consumer,40
952,Chicago,Home Office,30
953,Seattle,Consumer,56
954,Austin,Corporate,66
955,San Diego,Corporate,19
956,Seattle,Consumer,47
957,Austin,Consumer,55
958,Seattle,Consumer,55
959,Boston,Consumer,29
960,Austin,Home Office,23
961,New York,Consumer,44
962,Austin,Consumer,51
963,Boston,Consumer,33
964,Chicago,Consumer,37
965,Boston,Consumer,45
966,Seattle,Consumer,41
967,Seattle,Consumer,43
968,Chicago,Consumer,53
969,Boston,Consumer,69
970,New York,Consumer,59
971,Chicago,Corporate,18
972,Austin,Consumer,36
973,Austin,Consumer,18
974,Austin,Home Office,63
975,New York,Consumer,51
976,Chicago,Consumer,29
977,New York,Corporate,61
978,Seattle,Consumer,47
979,Austin,Corporate,20
980,Seattle,Corporate,25
981,Seattle,Home Office,60
982,San Diego,Home Office,33
983,Seattle,Consumer,45
984,Seattle,Corporate,64
985,Seattle,Consumer,33
986,Seattle,Corporate,18
987,Seattle,Consumer,22
988,Chicago,Consumer,65
989,Chicago,Consumer,49
990,San Diego,Consumer,35
991,Austin,Consumer,22
992,Seattle,Consumer,54
993,Chicago,Home Office,20
994,Austin,Consumer,22
995,Seattle,Corporate,48
996,Seattle,Corporate,51
997,Seattle,Corporate,47
998,Austin,Consumer,65
999,Boston,Home Office,31
1000,Seattle,Corporate,46
1001,San Diego,Corporate,33
1002,San Diego,Home Office,36
1003,Seattle,Consumer,25
1004,Boston,Consumer,59
1005,New York,Home Office,54
1006,Boston,Consumer,55
1007,Boston,Corporate,25
1008,Seattle,Consumer,24
1009,San Diego,Consumer,58
1010,Seattle,Consumer,52
1011,Chicago,Consumer,19
1012,San Diego,Home Office,52
1013,Chicago,Consumer,68
1014,Chicago,Corporate,57
1015,Seattle,Consumer,32
1016,Boston,Home Office,34
1017,Austin,Consumer,57
1018,Austin,Consumer,38
1019,New York,Consumer,56
1020,New York,Consumer,67
1021,New York,Home Office,39
1022,New York,Home Office,47
1023,Boston,Consumer,43
1024,Boston,Consumer,44
1025,San Diego,Consumer,21
1026,New York,Consumer,69
1027,New York,Consumer,46
1028,Chicago,Consumer,29
1029,Seattle,Corporate,47
1030,Austin,Home Office,38
1031,Austin,Consumer,60
1032,Chicago,Consumer,57
1033,San Diego,Consumer,37
1034,Chicago,Consumer,55
1035,New York,Consumer,19
1036,San Diego,Corporate,68
1037,Boston,Consumer,44
1038,New York,Corporate,52
1039,Austin,Home Office,51
1040,San Diego,Home Office,34
1041,San Diego,Corporate,53
1042,Boston,Consumer,38
1043,Austin,Consumer,53
1044,Austin,Consumer,22
1045,San Diego,Home Office,25
1046,New York,Home Office,66
1047,Chicago,Consumer,56
1048,Seattle,Consumer,24
1049,San Diego,Consumer,29
1050,New York,Consumer,46
1051,Seattle,Home Office,18
1052,Austin,Consumer,38
1053,Seattle,Consumer,34
1054,Boston,Consumer,24
1055,New York,Consumer,33
1056,Boston,Consumer,33
1057,Austin,Home Office,21
1058,San Diego,Consumer,50
1059,Austin,Consumer,32
1060,Chicago,Consumer,19
1061,San Diego,Consumer,19
1062,San Diego,Consumer,68
1063,New York,Consumer,24
1064,San Diego,Consumer,65
1065,San Diego,Consumer,26
1066,Austin,Corporate,22
1067,Boston,Corporate,46
1068,Seattle,Home Office,63
1069,Austin,Consumer,21
1070,New York,Corporate,35
1071,San Diego,Corporate,57
1072,Chicago,Consumer,21
1073,San Diego,Consumer,26
1074,Seattle,Consumer,33
1075,Austin,Corporate,59
1076,New York,Consumer,60
1077,San Diego,Consumer,54
1078,New York,Home Office,52
1079,Austin,Consumer,19
1080,Boston,Home Office,30
1081,Boston,Corporate,65
1082,Boston,Corporate,55
1083,Boston,Corporate,30
1084,Seattle,Consumer,54
1085,Chicago,Corporate,55
1086,Boston,Corporate,56
1087,San Diego,Corporate,68
1088,Boston,Consumer,46
1089,Seattle,Consumer,21
1090,New York,Consumer,60
1091,Seattle,Consumer,18
1092,Austin,Consumer,51
1093,Boston,Corporate,59
1094,Austin,Corporate,24
1095,Chicago,Corporate,59
1096,New York,Consumer,60
1097,Boston,Consumer,52
1098,San Diego,Consumer,34
1099,New York,Consumer,28
1100,Austin,Consumer,54
1101,Austin,Consumer,26
1102,Austin,Consumer,53
1103,Boston,Consumer,26
1104,New York,Consumer,35
1105,Chicago,Consumer,44
1106,Chicago,Consumer,26
1107,Chicago,Corporate,59
1108,Boston,Consumer,54
1109,Boston,Consumer,18
1110,New York,Consumer,62
1111,Seattle,Home Office,55
1112,Chicago,Consumer,61
1113,Chicago,Corporate,49
1114,Chicago,Consumer,50
1115,Chicago,Corporate,37
1116,Austin,Home Office,29
1117,Boston,Consumer,30
1118,Seattle,Corporate,34
1119,San Diego,Consumer,33
1120,Austin,Corporate,57
1121,New York,Consumer,45
1122,New York,Consumer,39
1123,Chicago,Home Office,55
1124,Chicago,Home Office,56
1125,Boston,Consumer,66
1126,Boston,Home Office,34
1127,Boston,Consumer,30
1128,Seattle,Consumer,18
1129,Seattle,Home Office,26
1130,Seattle,Consumer,49
1131,Austin,Consumer,60
1132,San Diego,Corporate,49
1133,San Diego,Consumer,69
1134,San Diego,Consumer,50
1135,Seattle,Consumer,63
1136,New York,Corporate,31
1137,San Diego,Consumer,34
1138,Austin,Consumer,60
1139,San Diego,Corporate,52
1140,Seattle,Consumer,43
1141,Boston,Consumer,67
1142,Austin,Corporate,57
1143,Boston,Corporate,33
1144,Boston,Consumer,49
1145,Chicago,Home Office,38
1146,Austin,Corporate,39
1147,Seattle,Consumer,59
1148,San Diego,Corporate,53
1149,San Diego,Corporate,18
1150,Boston,Corporate,47
1151,Austin,Consumer,51
1152,Seattle,Corporate,44
1153,Austin,Home Office,33
1154,Boston,Consumer,51
1155,Chicago,Corporate,67
1156,Seattle,Corporate,22
1157,New York,Home Office,49
1158,Boston,Home Office,65
1159,Austin,Consumer,38
1160,Austin,Consumer,35
1161,Seattle,Consumer,30
1162,Austin,Consumer,29
1163,Boston,Consumer,38
1164,Seattle,Corporate,58
1165,Seattle,Home Office,27
1166,New York,Consumer,30
1167,New York,Corporate,69
1168,Austin,Consumer,69
1169,Boston,Consumer,29
1170,Boston,Consumer,39
1171,Seattle,Consumer,38
1172,Seattle,Consumer,33
1173,Austin,Corporate,25
1174,Chicago,Corporate,21
1175,New York,Consumer,49
1176,Austin,Consumer,20
1177,Chicago,Consumer,50
1178,Chicago,Home Office,22
1179,Chicago,Home Office,26
1180,New York,Consumer,18
1181,Seattle,Consumer,38
1182,Boston,Consumer,35
1183,San Diego,Corporate,35
1184,Austin,Consumer,34
1185,Austin,Consumer,66
1186,Chicago,Consumer,40
1187,New York,Consumer,60
1188,Seattle,Consumer,30
1189,Seattle,Consumer,43
1190,New York,Corporate,21
1191,Austin,Consumer,31
1192,Chicago,Consumer,21
1193,Chicago,Consumer,19
1194,San Diego,Consumer,27
1195,Seattle,Corporate,26
1196,Seattle,Home Office,34
1197,San Diego,Consumer,56
1198,Boston,Home Office,25
1199,San Diego,Corporate,49
1200,Seattle,Corporate,36
1201,Boston,Consumer,38
1202,Austin,Consumer,65
1203,Boston,Consumer,42
1204,San Diego,Home Office,31
1205,Seattle,Corporate,30
1206,Boston,Consumer,26
1207,Seattle,Consumer,59
1208,San Diego,Consumer,52
1209,Chicago,Consumer,31
1210,Boston,Corporate,43
1211,Seattle,Consumer,44
1212,San Diego,Corporate,20
1213,Austin,Corporate,65
1214,Boston,Corporate,58
1215,New York,Corporate,45
1216,New York,Consumer,55
1217,Seattle,Corporate,23
1218,San Diego,Corporate,68
1219,San Diego,Consumer,51
1220,Austin,Consumer,66
1221,Seattle,Consumer,62
1222,Seattle,Consumer,48
1223,Boston,Consumer,32
1224,Seattle,Consumer,53
1225,Austin,Corporate,44
1226,Boston,Consumer,39
1227,New York,Consumer,54
1228,Boston,Consumer,64
1229,New York,Consumer,26
1230,Chicago,Home Office,46
1231,San Diego,Consumer,58
1232,San Diego,Consumer,34
1233,Boston,Consumer,35
1234,San Diego,Consumer,18
1235,Seattle,Corporate,34
1236,Austin,Corporate,48
1237,New York,Consumer,68
1238,New York,Corporate,45
1239,Chicago,Consumer,33
1240,New York,Corporate,60
1241,Seattle,Consumer,27
1242,San Diego,Consumer,27
1243,Boston,Corporate,45
1244,Austin,Corporate,60
1245,Boston,Consumer,29
1246,Boston,Home Office,18
1247,Boston,Home Office,55
1248,Austin,Consumer,48
1249,Chicago,Corporate,53
1250,Boston,Corporate,38
1251,Chicago,Consumer,24
1252,Austin,Consumer,35
1253,New York,Home Office,42
1254,San Diego,Corporate,40
1255,Seattle,Consumer,64
1256,New York,Consumer,29
1257,Chicago,Consumer,34
1258,Seattle,Home Office,27
1259,Seattle,Corporate,47
1260,San Diego,Consumer,59
1261,Chicago,Home Office,63
1262,Boston,Corporate,29
1263,Austin,Consumer,40
1264,San Diego,Consumer,56
1265,Chicago,Consumer,20
1266,New York,Consumer,54
1267,New York,Consumer,24
1268,Austin,Corporate,19
1269,Boston,Home Office,23
1270,New York,Consumer,63
1271,Austin,Home Office,53
1272,New York,Home Office,59
1273,Boston,Consumer,53
1274,San Diego,Consumer,59
1275,San Diego,Corporate,43
1276,San Diego,Corporate,60
1277,Seattle,Consumer,20
1278,San Diego,Corporate,48
1279,New York,Corporate,57
1280,Boston,Corporate,69
1281,San Diego,Corporate,36
1282,San Diego,Consumer,27
1283,Austin,Consumer,55
1284,San Diego,Consumer,21
1285,Austin,Home Office,58
1286,New York,Home Office,54
1287,Boston,Corporate,53
1288,Chicago,Consumer,33
1289,New York,Consumer,24
1290,Seattle,Consumer,49
1291,Chicago,Consumer,36
1292,Boston,Consumer,38
1293,Austin,Corporate,27
1294,New York,Consumer,35
1295,Boston,Corporate,61
1296,Seattle,Home Office,64
1297,Chicago,Corporate,36
1298,San Diego,Consumer,25
1299,Seattle,Home Office,19
1300,New York,Corporate,27
1301,San Diego,Consumer,18
1302,Austin,Corporate,52
1303,San Diego,Home Office,51
1304,Boston,Consumer,58
1305,Seattle,Consumer,35
1306,San Diego,Consumer,61
1307,Chicago,Consumer,26
1308,Chicago,Corporate,30
1309,Austin,Consumer,65
1310,Boston,Consumer,63
1311,Seattle,Consumer,49
1312,Austin,Consumer,49
1313,San Diego,Consumer,54
1314,Boston,Corporate,60
1315,Boston,Consumer,30
1316,Chicago,Consumer,21
1317,San Diego,Home Office,27
1318,Seattle,Home Office,36
1319,Austin,Consumer,30
1320,Austin,Consumer,45
1321,New York,Consumer,25
1322,Chicago,Consumer,48
1323,Seattle,Consumer,54
1324,Boston,Home Office,23
1325,Boston,Corporate,32
1326,Chicago,Consumer,46
1327,San Diego,Home Office,21
1328,New York,Consumer,52
1329,San Diego,Consumer,57
1330,Austin,Consumer,36
1331,Austin,Consumer,18
1332,San Diego,Home Office,44
1333,Austin,Consumer,63
1334,San Diego,Corporate,33
1335,Seattle,Consumer,62
1336,Boston,Home Office,63
1337,Seattle,Corporate,32
1338,Chicago,Consumer,49
1339,San Diego,Consumer,20
1340,Austin,Home Office,46
1341,Seattle,Consumer,63
1342,New York,Consumer,67
1343,New York,Home Office,28
1344,Seattle,Consumer,52
1345,Chicago,Consumer,21
1346,Boston,Consumer,32
1347,Boston,Consumer,61
1348,San Diego,Consumer,51
1349,San Diego,Consumer,38
1350,Seattle,Consumer,68
1351,New York,Consumer,57
1352,Austin,Consumer,19
1353,Austin,Home Office,22
1354,Boston,Consumer,50
1355,Chicago,Consumer,63
1356,Austin,Consumer,26
1357,Austin,Corporate,45
1358,New York,Consumer,60
1359,New York,Consumer,62
1360,Austin,Corporate,51
1361,New York,Consumer,69
1362,New York,Corporate,66
1363,Austin,Home Office,61
1364,Chicago,Corporate,52
1365,Seattle,Consumer,69
1366,New York,Consumer,18
1367,Chicago,Consumer,22
1368,Austin,Corporate,44
1369,Boston,Home Office,52
1370,Seattle,Home Office,64
1371,Boston,Consumer,53
1372,Austin,Corporate,30
1373,Austin,Consumer,65
1374,Austin,Corporate,22
1375,Boston,Consumer,22
1376,Boston,Consumer,55
1377,Boston,Consumer,68
1378,San Diego,Home Office,44
1379,Seattle,Consumer,25
1380,Seattle,Consumer,20
1381,Boston,Consumer,68
1382,Chicago,Consumer,32
1383,Austin,Home Office,51
1384,Boston,Consumer,34
1385,Austin,Consumer,29
1386,Chicago,Corporate,52
1387,Seattle,Consumer,56
1388,Chicago,Consumer,42
1389,Boston,Consumer,44
1390,Boston,Consumer,43
1391,Chicago,Consumer,48
1392,Seattle,Consumer,59
1393,Boston,Consumer,54
1394,San Diego,Corporate,32
1395,Chicago,Home Office,30
1396,Seattle,Home Office,52
1397,Seattle,Consumer,51
1398,Seattle,Consumer,37
1399,New York,Home Office,61
1400,Chicago,Corporate,39
1401,Boston,Consumer,35
1402,Chicago,Consumer,46
1403,Chicago,Consumer,28
1404,Chicago,Consumer,54
1405,Chicago,Consumer,64
1406,New York,Consumer,67
1407,Austin,Home Office,41
1408,Boston,Consumer,31
1409,New York,Consumer,42
1410,Chicago,Consumer,23
1411,New York,Corporate,52
1412,Seattle,Corporate,40
1413,Chicago,Consumer,24
1414,San Diego,Consumer,46
1415,Seattle,Corporate,55
1416,San Diego,Corporate,29
1417,Seattle,Consumer,39
1418,Austin,Home Office,64
1419,Boston,Consumer,54
1420,Austin,Consumer,59
1421,Boston,Consumer,41
1422,Boston,Consumer,43
1423,Seattle,Consumer,43
1424,San Diego,Consumer,41
1425,Chicago,Corporate,25
1426,San Diego,Consumer,20
1427,San Diego,Home Office,61
1428,Boston,Consumer,45
1429,Chicago,Consumer,45
1430,San Diego,Home Office,48
1431,Austin,Corporate,39
1432,Chicago,Corporate,64
1433,Chicago,Corporate,42
1434,Seattle,Consumer,44
1435,Chicago,Consumer,45
1436,New York,Consumer,26
1437,Austin,Consumer,27
1438,Seattle,Consumer,27
1439,Chicago,Consumer,31
1440,Boston,Home Office,26
1441,San Diego,Home Office,29
1442,Seattle,Corporate,66
1443,Boston,Corporate,36
1444,Austin,Consumer,59
1445,New York,Consumer,38
1446,New York,Corporate,60
1447,Boston,Corporate,57
1448,Boston,Consumer,61
1449,San Diego,Consumer,32
1450,New York,Consumer,22
1451,Chicago,Consumer,34
1452,New York,Consumer,54
1453,New York,Consumer,52
1454,Chicago,Corporate,54
1455,Seattle,Home Office,69
1456,New York,Consumer,29
1457,Boston,Corporate,41
1458,Austin,Corporate,43
1459,Chicago,Consumer,25
1460,Seattle,Corporate,52
1461,San Diego,Consumer,20
1462,Chicago,Consumer,64
1463,New York,Consumer,22
1464,New York,Home Office,23
1465,Boston,Home Office,27
1466,New York,Consumer,64
1467,Seattle,Consumer,62
1468,Austin,Consumer,65
1469,San Diego,Corporate,61
1470,New York,Consumer,66
1471,Boston,Consumer,42
1472,San Diego,Corporate,18
1473,Austin,Consumer,40
1474,Chicago,Consumer,29
1475,Boston,Consumer,30
1476,Chicago,Consumer,53
1477,Austin,Consumer,26
1478,Austin,Consumer,34
1479,Chicago,Consumer,38
1480,Austin,Home Office,21
1481,New York,Consumer,54
1482,New York,Home Office,57
1483,Chicago,Consumer,47
1484,New York,Corporate,19
1485,Austin,Consumer,58
1486,Boston,Corporate,41
1487,New York,Consumer,31
1488,New York,Consumer,67
1489,New York,Consumer,62
1490,Seattle,Consumer,40
1491,Chicago,Home Office,41
1492,Austin,Home Office,65
1493,New York,Corporate,27
1494,Chicago,Consumer,39
1495,Austin,Home Office,47
1496,Austin,Corporate,36
1497,Seattle,Consumer,34
1498,San Diego,Consumer,23
1499,Austin,Corporate,31
1500,Boston,Consumer,36
1501,Seattle,Consumer,61
1502,Chicago,Corporate,35
1503,Chicago,Consumer,26
1504,Chicago,Consumer,62
1505,Seattle,Consumer,36
1506,Chicago,Corporate,65
1507,Boston,Home Office,23
1508,Austin,Corporate,19
1509,Boston,Corporate,65
1510,San Diego,Consumer,23
1511,Austin,Corporate,18
1512,Chicago,Consumer,51
1513,San Diego,Consumer,34
1514,Chicago,Corporate,43
1515,Chicago,Corporate,39
1516,Boston,Consumer,33
1517,Austin,Home Office,43
1518,New York,Corporate,31
1519,Austin,Consumer,29
1520,Austin,Consumer,29
1521,Boston,Consumer,24
1522,San Diego,Consumer,45
1523,Chicago,Consumer,46
1524,New York,Consumer,18
1525,Seattle,Consumer,41
1526,New York,Consumer,56
1527,Chicago,Corporate,18
1528,New York,Corporate,33
1529,New York,Consumer,67
1530,Boston,Consumer,40
1531,New York,Consumer,18
1532,New York,Consumer,45
1533,Boston,Consumer,39
1534,Chicago,Consumer,28
1535,San Diego,Consumer,21
1536,New York,Home Office,63
1537,New York,Consumer,60
1538,New York,Corporate,53
1539,San Diego,Consumer,18
1540,Seattle,Consumer,63
1541,Austin,Home Office,42
1542,Chicago,Consumer,42
1543,New York,Corporate,63
1544,Seattle,Home Office,40
1545,Chicago,Consumer,30
1546,Seattle,Consumer,30
1547,San Diego,Consumer,66
1548,Boston,Consumer,46
1549,Austin,Consumer,48
1550,New York,Consumer,48
1551,Chicago,Home Office,29
1552,Boston,Corporate,39
1553,Seattle,Consumer,67
1554,Seattle,Consumer,25
1555,Austin,Corporate,67
1556,New York,Home Office,32
1557,Boston,Consumer,33
1558,San Diego,Consumer,18
1559,Boston,Home Office,52
1560,Boston,Home Office,34
1561,Chicago,Home Office,41
1562,Chicago,Consumer,48
1563,Chicago,Consumer,50
1564,Boston,Consumer,67
1565,Seattle,Consumer,46
1566,Austin,Home Office,27
1567,Boston,Consumer,54
1568,Seattle,Corporate,20
1569,Boston,Home Office,61
1570,Boston,Home Office,33
1571,New York,Corporate,55
1572,Austin,Home Office,26
1573,San Diego,Consumer,39
1574,San Diego,Consumer,54
1575,New York,Consumer,50
1576,Chicago,Home Office,18
1577,Seattle,Home Office,19
1578,San Diego,Consumer,69
1579,New York,Consumer,45
1580,Seattle,Consumer,62
1581,Chicago,Consumer,21
1582,Chicago,Corporate,43
1583,Seattle,Consumer,47
1584,Austin,Corporate,65
1585,Seattle,Consumer,54
1586,Chicago,Consumer,50
1587,San Diego,Consumer,33
1588,New York,Home Office,69
1589,Boston,Corporate,35
1590,New York,Consumer,32
1591,San Diego,Consumer,55
1592,Austin,Home Office,69
1593,Austin,Corporate,62
1594,New York,Corporate,27
1595,San Diego,Corporate,60
1596,New York,Home Office,36
1597,Seattle,Consumer,29
1598,San Diego,Corporate,66
1599,Boston,Consumer,67
1600,San Diego,Consumer,37
1601,Chicago,Home Office,19
1602,San Diego,Home Office,28
1603,San Diego,Consumer,46
1604,Chicago,Consumer,21
1605,New York,Home Office,29
1606,Boston,Home Office,25
1607,New York,Corporate,67
1608,Seattle,Consumer,36
1609,Chicago,Consumer,37
1610,New York,Home Office,39
1611,San Diego,Corporate,18
1612,New York,Corporate,46
1613,San Diego,Corporate,65
1614,San Diego,Consumer,60
1615,New York,Consumer,31
1616,Chicago,Corporate,18
1617,San Diego,Consumer,58
1618,Seattle,Corporate,61
1619,New York,Corporate,65
1620,Boston,Corporate,48
1621,Chicago,Consumer,42
1622,New York,Corporate,57
1623,Boston,Consumer,53
1624,New York,Consumer,57
1625,Seattle,Consumer,32
1626,Boston,Consumer,64
1627,Seattle,Home Office,19
1628,Seattle,Home Office,22
1629,Austin,Consumer,52
1630,New York,Corporate,47
1631,Seattle,Consumer,46
1632,Boston,Corporate,65
1633,New York,Home Office,63
1634,Boston,Consumer,55
1635,Austin,Consumer,26
1636,Seattle,Consumer,23
1637,New York,Consumer,25
1638,Seattle,Home Office,49
1639,Chicago,Consumer,55
1640,Chicago,Consumer,59
1641,San Diego,Consumer,23
1642,New York,Home Office,32
1643,Austin,Consumer,35
1644,Seattle,Corporate,50
1645,New York,Corporate,20
1646,Chicago,Consumer,61
1647,Austin,Consumer,22
1648,Seattle,Consumer,45
1649,Boston,Consumer,66
1650,Boston,Corporate,28
1651,Chicago,Corporate,53
1652,New York,Consumer,46
1653,New York,Consumer,60
1654,Seattle,Consumer,48
1655,New York,Consumer,62
1656,Chicago,Corporate,38
1657,Boston,Corporate,26
1658,Boston,Corporate,53
1659,Boston,Consumer,68
1660,Chicago,Consumer,40
1661,Seattle,Consumer,60
1662,Seattle,Home Office,63
1663,Chicago,Corporate,51
1664,Seattle,Home Office,59
1665,Seattle,Consumer,47
1666,Austin,Consumer,59
1667,San Diego,Corporate,35
1668,San Diego,Consumer,45
1669,Seattle,Corporate,22
1670,San Diego,Consumer,28
1671,San Diego,Home Office,48
1672,Seattle,Consumer,55
1673,Chicago,Home Office,19
1674,San Diego,Consumer,21
1675,San Diego,Consumer,18
1676,Boston,Consumer,44
1677,New York,Consumer,35
1678,Austin,Home Office,20
1679,Boston,Home Office,59
1680,Seattle,Home Office,45
1681,Boston,Home Office,18
1682,New York,Corporate,53
1683,New York,Consumer,65
1684,San Diego,Home Office,39
1685,Austin,Consumer,67
1686,Seattle,Corporate,39
1687,Austin,Consumer,22
1688,Austin,Corporate,24
1689,Boston,Consumer,21
1690,New York,Consumer,33
1691,San Diego,Consumer,38
1692,Boston,Consumer,41
1693,Seattle,Consumer,42
1694,Austin,Consumer,62
1695,New York,Consumer,18
1696,San Diego,Consumer,64
1697,Austin,Consumer,30
1698,New York,Corporate,67
1699,Austin,Consumer,25
1700,Boston,Consumer,23
1701,Chicago,Consumer,24
1702,Chicago,Consumer,33
1703,San Diego,Consumer,66
1704,Chicago,Corporate,42
1705,Boston,Consumer,26
1706,Boston,Consumer,51
1707,Boston,Consumer,44
1708,Boston,Consumer,54
1709,Chicago,Consumer,56
1710,Chicago,Corporate,58
1711,Austin,Consumer,25
1712,Austin,Corporate,43
1713,Boston,Consumer,50
1714,San Diego,Consumer,46
1715,Seattle,Consumer,68
1716,Boston,Consumer,67
1717,Seattle,Consumer,60
1718,Austin,Corporate,30
1719,Austin,Corporate,45
1720,Seattle,Consumer,59
1721,New York,Consumer,31
1722,San Diego,Home Office,55
1723,Seattle,Consumer,30
1724,San Diego,Consumer,25
1725,Seattle,Home Office,30
1726,San Diego,Consumer,66
1727,Boston,Consumer,69
1728,Seattle,Consumer,62
1729,Austin,Corporate,32
1730,New York,Consumer,58
1731,San Diego,Corporate,29
1732,Boston,Consumer,24
1733,San Diego,Consumer,31
1734,Boston,Consumer,25
1735,Boston,Corporate,51
1736,San Diego,Consumer,53
1737,Seattle,Corporate,19
1738,New York,Consumer,23
1739,New York,Consumer,42
1740,Chicago,Consumer,23
1741,Austin,Consumer,61
1742,San Diego,Consumer,38
1743,Austin,Corporate,39
1744,New York,Home Office,18
1745,Chicago,Corporate,54
1746,Boston,Consumer,55
1747,Boston,Consumer,57
1748,Austin,Corporate,46
1749,San Diego,Consumer,32
1750,San Diego,Corporate,22
1751,Boston,Home Office,34
1752,Boston,Consumer,46
1753,Seattle,Home Office,24
1754,Austin,Corporate,20
1755,Seattle,Consumer,29
1756,Chicago,Home Office,21
1757,Austin,Consumer,18
1758,Seattle,Consumer,43
1759,Seattle,Consumer,56
1760,Seattle,Consumer,43
1761,Austin,Consumer,22
1762,Austin,Home Office,35
1763,New York,Consumer,19
1764,Seattle,Consumer,50
1765,Seattle,Corporate,30
1766,Boston,Consumer,38
1767,Seattle,Corporate,64
1768,Austin,Consumer,48
1769,New York,Home Office,57
1770,Chicago,Corporate,36
1771,Austin,Consumer,66
1772,Austin,Consumer,55
1773,Austin,Consumer,44
1774,Austin,Home Office,48
1775,San Diego,Corporate,50
1776,New York,Consumer,26
1777,Chicago,Consumer,31
1778,New York,Home Office,53
1779,Chicago,Consumer,40
1780,San Diego,Corporate,58
1781,New York,Corporate,45
1782,Austin,Consumer,21
1783,New York,Consumer,52
1784,Boston,Consumer,49
1785,San Diego,Consumer,36
1786,Chicago,Home Office,59
1787,Chicago,Corporate,36
1788,New York,Corporate,23
1789,Austin,Consumer,24
1790,San Diego,Consumer,64
1791,Seattle,Corporate,37
1792,Boston,Consumer,39
1793,Austin,Consumer,33
1794,Chicago,Consumer,56
1795,Austin,Corporate,49
1796,Chicago,Corporate,64
1797,Boston,Consumer,64
1798,Chicago,Home Office,69
1799,Austin,Consumer,35
1800,Seattle,Consumer,48
1801,New York,Consumer,36
1802,Austin,Corporate,54
1803,Austin,Consumer,56
1804,Chicago,Consumer,31
1805,New York,Consumer,62
1806,New York,Corporate,33
1807,New York,Corporate,69
1808,Austin,Consumer,62
1809,New York,Home Office,18
1810,Boston,Consumer,38
1811,Chicago,Consumer,38
1812,Seattle,Consumer,60
1813,San Diego,Corporate,55
1814,Austin,Consumer,20
1815,Boston,Consumer,61
1816,New York,Consumer,29
1817,Chicago,Consumer,37
1818,Chicago,Corporate,26
1819,New York,Home Office,26
1820,Chicago,Consumer,45
1821,Chicago,Corporate,22
1822,San Diego,Consumer,22
1823,Chicago,Consumer,58
1824,Boston,Consumer,35
1825,San Diego,Home Office,51
1826,Boston,Consumer,69
1827,New York,Corporate,20
1828,Boston,Consumer,59
1829,Seattle,Corporate,23
1830,Boston,Consumer,57
1831,Austin,Home Office,33
1832,Boston,Corporate,25
1833,Seattle,Consumer,29
1834,New York,Corporate,36
1835,Austin,Corporate,55
1836,New York,Consumer,53
1837,Boston,Consumer,55
1838,Chicago,Corporate,19
1839,Chicago,Corporate,68
1840,Seattle,Consumer,40
1841,Austin,Home Office,23
1842,New York,Consumer,66
1843,San Diego,Consumer,59
1844,Boston,Consumer,22
1845,San Diego,Consumer,40
1846,Seattle,Consumer,65
1847,Austin,Consumer,53
1848,Seattle,Consumer,28
1849,Seattle,Consumer,54
1850,New York,Corporate,27
1851,New York,Consumer,36
1852,Chicago,Corporate,28
1853,Austin,Consumer,54
1854,New York,Consumer,66
1855,New York,Consumer,20
1856,Boston,Corporate,49
1857,Austin,Consumer,30
1858,Seattle,Consumer,57
1859,Seattle,Corporate,25
1860,San Diego,Corporate,37
1861,San Diego,Corporate,28
1862,Chicago,Consumer,63
1863,Boston,Consumer,22
1864,Austin,Consumer,48
1865,Boston,Corporate,24
1866,Austin,Consumer,49
1867,New York,Consumer,57
1868,San Diego,Consumer,57
1869,New York,Consumer,19
1870,San Diego,Corporate,58
1871,New York,Consumer,33
1872,Chicago,Consumer,53
1873,Seattle,Consumer,68
1874,Boston,Consumer,24
1875,Austin,Consumer,36
1876,New York,Consumer,63
1877,Chicago,Corporate,25
1878,Boston,Corporate,31
1879,San Diego,Home Office,46
1880,New York,Home Office,69
1881,Austin,Consumer,33
1882,Chicago,Consumer,38
1883,Chicago,Consumer,59
1884,Boston,Corporate,24
1885,Seattle,Consumer,35
1886,Chicago,Consumer,34
1887,Seattle,Consumer,38
1888,Austin,Consumer,47
1889,New York,Corporate,29
1890,Austin,Corporate,38
1891,Chicago,Consumer,65
1892,Chicago,Home Office,61
1893,Boston,Consumer,67
1894,San Diego,Consumer,53
1895,New York,Consumer,48
1896,Boston,Corporate,29
1897,Seattle,Consumer,26
1898,Boston,Consumer,46
1899,San Diego,Home Office,39
1900,Austin,Consumer,58
1901,Seattle,Consumer,18
1902,Seattle,Corporate,64
1903,San Diego,Home Office,26
1904,Chicago,Corporate,38
1905,Chicago,Home Office,36
1906,Chicago,Consumer,66
1907,Chicago,Corporate,55
1908,New York,Corporate,19
1909,New York,Consumer,62
1910,Boston,Consumer,53
1911,New York,Home Office,21
1912,Boston,Consumer,58
1913,New York,Consumer,19
1914,San Diego,Home Office,40
1915,Chicago,Home Office,26
1916,Seattle,Home Office,18
1917,Chicago,Home Office,47
1918,Austin,Consumer,53
1919,Austin,Home Office,42
1920,Seattle,Consumer,35
1921,Austin,Corporate,44
1922,Seattle,Consumer,25
1923,San Diego,Corporate,20
1924,Austin,Consumer,26
1925,Austin,Corporate,20
1926,New York,Consumer,57
1927,Austin,Consumer,49
1928,New York,Consumer,27
1929,Chicago,Consumer,47
1930,Boston,Corporate,43
1931,New York,Consumer,23
1932,Austin,Consumer,68
1933,Boston,Consumer,66
1934,Boston,Consumer,57
1935,New York,Corporate,60
1936,New York,Consumer,46
1937,Austin,Consumer,59
1938,Seattle,Consumer,45
1939,Boston,Consumer,26
1940,Chicago,Corporate,26
1941,New York,Consumer,62
1942,Chicago,Consumer,41
1943,Boston,Corporate,55
1944,New York,Consumer,25
1945,Austin,Consumer,41
1946,New York,Consumer,22
1947,New York,Home Office,29
1948,Boston,Consumer,23
1949,New York,Consumer,28
1950,Chicago,Home Office,49
1951,Boston,Corporate,18
1952,Seattle,Corporate,28
1953,New York,Home Office,53
1954,Austin,Consumer,25
1955,Boston,Corporate,46
1956,Austin,Corporate,63
1957,Seattle,Consumer,58
1958,Seattle,Consumer,24
1959,Seattle,Consumer,25
1960,Chicago,Home Office,54
1961,Boston,Consumer,36
1962,Boston,Consumer,39
1963,New York,Corporate,42
1964,San Diego,Corporate,48
1965,San Diego,Consumer,41
1966,San Diego,Corporate,19
1967,Austin,Consumer,22
1968,Austin,Corporate,18
1969,Boston,Consumer,31
1970,New York,Consumer,60
1971,San Diego,Corporate,68
1972,Boston,Consumer,42
1973,San Diego,Consumer,19
1974,Austin,Consumer,21
1975,Seattle,Corporate,60
1976,New York,Home Office,35
1977,Boston,Corporate,63
1978,Austin,Home Office,44
1979,New York,Home Office,63
1980,San Diego,Consumer,25
1981,Seattle,Consumer,62
1982,Seattle,Home Office,46
1983,New York,Home Office,40
1984,San Diego,Home Office,45
1985,Seattle,Corporate,35
1986,San Diego,Consumer,49
1987,San Diego,Home Office,58
1988,Chicago,Home Office,60
1989,Chicago,Corporate,68
1990,Boston,Home Office,39
1991,Seattle,Consumer,57
1992,Austin,Home Office,64
1993,Chicago,Consumer,18
1994,Seattle,Home Office,42
1995,San Diego,Consumer,54
1996,New York,Consumer,41
1997,Seattle,Consumer,23
1998,Boston,Consumer,52
1999,Chicago,Consumer,39
2000,Chicago,Home Office,50
2001,Boston,Consumer,18
2002,New York,Home Office,18
2003,Austin,Consumer,49
2004,Austin,Consumer,69
2005,San Diego,Corporate,51
2006,New York,Corporate,67
2007,Austin,Consumer,62
2008,New York,Corporate,32
2009,San Diego,Corporate,23
2010,Seattle,Consumer,47
2011,Austin,Home Office,50
2012,Austin,Corporate,58
2013,New York,Corporate,45
2014,Boston,Consumer,65
2015,Seattle,Consumer,61
2016,Chicago,Consumer,48
2017,Austin,Corporate,46
2018,San Diego,Corporate,18
2019,San Diego,Consumer,58
2020,Austin,Corporate,53
2021,Chicago,Consumer,64
2022,Seattle,Consumer,22
2023,Seattle,Home Office,25
2024,Seattle,Consumer,52
2025,New York,Consumer,43
2026,Austin,Consumer,48
2027,Seattle,Consumer,40
2028,Boston,Corporate,51
2029,Seattle,Home Office,52
2030,Austin,Consumer,27
2031,Seattle,Consumer,57
2032,Chicago,Consumer,43
2033,New York,Consumer,47
2034,San Diego,Consumer,50
2035,Boston,Consumer,56
2036,Boston,Home Office,33
2037,Seattle,Consumer,18
2038,New York,Consumer,27
2039,Boston,Consumer,68
2040,Austin,Corporate,29
2041,Chicago,Consumer,30
2042,Boston,Consumer,62
2043,San Diego,Corporate,30
2044,San Diego,Consumer,42
2045,Chicago,Home Office,37
2046,Boston,Consumer,52
2047,Austin,Corporate,48
2048,Seattle,Home Office,44
2049,San Diego,Consumer,44
2050,Seattle,Corporate,61
2051,Chicago,Consumer,48
2052,Chicago,Corporate,44
2053,Austin,Home Office,64
2054,Boston,Corporate,22
2055,San Diego,Home Office,61
2056,Austin,Consumer,28
2057,San Diego,Consumer,35
2058,San Diego,Consumer,18
2059,Austin,Corporate,47
2060,Austin,Home Office,61
2061,Boston,Corporate,37
2062,Seattle,Consumer,52
2063,New York,Consumer,38
2064,San Diego,Corporate,57
2065,Seattle,Home Office,69
2066,Seattle,Consumer,55
2067,San Diego,Consumer,35
2068,Boston,Consumer,60
2069,Chicago,Consumer,19
2070,Austin,Home Office,69
2071,Chicago,Consumer,61
2072,Seattle,Consumer,51
2073,Austin,Consumer,50
2074,Austin,Consumer,31
2075,San Diego,Home Office,40
2076,Austin,Consumer,23
2077,Austin,Consumer,35
2078,Austin,Consumer,48
2079,Chicago,Home Office,36
2080,New York,Home Office,58
2081,San Diego,Consumer,62
2082,New York,Corporate,47
2083,Chicago,Consumer,35
2084,San Diego,Consumer,33
2085,New York,Consumer,46
2086,Seattle,Corporate,55
2087,San Diego,Home Office,24
2088,Seattle,Consumer,41
2089,Chicago,Consumer,40
2090,New York,Consumer,32
2091,Boston,Consumer,30
2092,Chicago,Consumer,61
2093,San Diego,Consumer,40
2094,Chicago,Home Office,47
2095,New York,Consumer,19
2096,San Diego,Home Office,32
2097,Boston,Consumer,29
2098,Boston,Consumer,35
2099,San Diego,Consumer,61
2100,Chicago,Home Office,47
2101,Boston,Consumer,64
2102,San Diego,Consumer,39
2103,Chicago,Corporate,58
2104,New York,Corporate,26
2105,Boston,Corporate,60
2106,Chicago,Consumer,49
2107,San Diego,Consumer,20
2108,New York,Corporate,53
2109,Chicago,Corporate,42
2110,Chicago,Corporate,18
2111,Chicago,Consumer,62
2112,San Diego,Consumer,45
2113,Boston,Home Office,49
2114,Boston,Corporate,48
2115,San Diego,Consumer,22
2116,Chicago,Home Office,35
2117,Boston,Consumer,54
2118,Seattle,Consumer,35
2119,Seattle,Consumer,64
2120,San Diego,Corporate,34
2121,San Diego,Consumer,41
2122,Boston,Consumer,41
2123,Seattle,Corporate,18
2124,Seattle,Consumer,60
2125,San Diego,Home Office,25
2126,Chicago,Consumer,42
2127,Chicago,Consumer,65
2128,Seattle,Corporate,69
2129,New York,Corporate,29
2130,Chicago,Consumer,37
2131,San Diego,Corporate,47
2132,Boston,Home Office,54
2133,Seattle,Corporate,31
2134,Austin,Corporate,46
2135,Austin,Consumer,61
2136,San Diego,Consumer,57
2137,Seattle,Consumer,60
2138,New York,Consumer,64
2139,Seattle,Corporate,62
2140,Austin,Consumer,44
2141,San Diego,Consumer,68
2142,Boston,Consumer,43
2143,Boston,Consumer,54
2144,Seattle,Consumer,67
2145,Austin,Corporate,20
2146,Austin,Consumer,66
2147,Chicago,Consumer,60
2148,Boston,Consumer,69
2149,Boston,Corporate,58
2150,Boston,Consumer,26
2151,Chicago,Consumer,33
2152,Chicago,Consumer,18
2153,Boston,Consumer,49
2154,Seattle,Home Office,40
2155,San Diego,Corporate,42
2156,Austin,Home Office,56
2157,Austin,Home Office,60
2158,Seattle,Consumer,21
2159,San Diego,Consumer,65
2160,Austin,Consumer,37
2161,San Diego,Consumer,57
2162,Chicago,Consumer,48
2163,Austin,Consumer,41
2164,Boston,Consumer,29
2165,Boston,Consumer,27
2166,Boston,Corporate,56
2167,Chicago,Corporate,34
2168,Boston,Home Office,29
2169,Boston,Consumer,18
2170,Boston,Consumer,61
2171,New York,Home Office,38
2172,San Diego,Corporate,36
2173,Boston,Consumer,37
2174,San Diego,Consumer,49
2175,Chicago,Consumer,43
2176,San Diego,Home Office,46
2177,New York,Corporate,32
2178,Austin,Consumer,33
2179,Seattle,Consumer,62
2180,Austin,Consumer,40
2181,San Diego,Consumer,68
2182,Chicago,Corporate,61
2183,Seattle,Consumer,55
2184,Seattle,Consumer,46
2185,Seattle,Consumer,61
2186,Chicago,Home Office,20
2187,Chicago,Consumer,43
2188,Chicago,Consumer,55
2189,Austin,Corporate,23
2190,Seattle,Corporate,27
2191,Austin,Corporate,21
2192,Austin,Home Office,43
2193,Chicago,Consumer,46
2194,Chicago,Home Office,42
2195,Seattle,Home Office,20
2196,San Diego,Consumer,43
2197,Chicago,Corporate,64
2198,Boston,Consumer,19
2199,Seattle,Consumer,58
2200,Chicago,Consumer,32
2201,Austin,Consumer,21
2202,New York,Home Office,20
2203,New York,Consumer,18
2204,Austin,Consumer,39
2205,Austin,Consumer,43
2206,San Diego,Consumer,50
2207,New York,Consumer,22
2208,Boston,Consumer,52
2209,Chicago,Corporate,56
2210,New York,Home Office,21
2211,San Diego,Consumer,53
2212,San Diego,Home Office,24
2213,Seattle,Corporate,40
2214,New York,Corporate,52
2215,New York,Consumer,63
2216,Austin,Consumer,45
2217,Austin,Home Office,40
2218,Boston,Consumer,61
2219,Chicago,Consumer,29
2220,Chicago,Corporate,28
2221,Boston,Consumer,42
2222,New York,Corporate,24
2223,New York,Consumer,19
2224,Austin,Home Office,36
2225,Austin,Consumer,25
2226,Seattle,Consumer,51
2227,Boston,Corporate,46
2228,Boston,Consumer,43
2229,Chicago,Home Office,43
2230,Boston,Corporate,23
2231,Seattle,Consumer,38
2232,New York,Consumer,21
2233,Boston,Home Office,36
2234,New York,Corporate,53
2235,Seattle,Home Office,69
2236,San Diego,Consumer,33
2237,Chicago,Home Office,31
2238,Chicago,Consumer,52
2239,Austin,Corporate,65
2240,Boston,Consumer,33
2241,Chicago,Consumer,61
2242,Seattle,Home Office,34
2243,Austin,Home Office,51
2244,New York,Consumer,28
2245,San Diego,Home Office,31
2246,San Diego,Consumer,69
2247,Seattle,Consumer,38
2248,Chicago,Consumer,18
2249,New York,Consumer,58
2250,Austin,Consumer,24
2251,Seattle,Consumer,23
2252,Seattle,Consumer,61
2253,Chicago,Corporate,36
2254,Seattle,Corporate,25
2255,Chicago,Corporate,68
2256,San Diego,Consumer,32
2257,San Diego,Corporate,50
2258,Seattle,Consumer,31
2259,New York,Corporate,48
2260,Boston,Consumer,54
2261,New York,Consumer,57
2262,Boston,Consumer,39
2263,New York,Corporate,50
2264,Seattle,Home Office,61
2265,New York,Corporate,61
2266,New York,Home Office,56
2267,San Diego,Home Office,38
2268,San Diego,Consumer,45
2269,New York,Corporate,68
2270,Boston,Consumer,30
2271,Chicago,Consumer,54
2272,Chicago,Consumer,59
2273,Chicago,Home Office,43
2274,Austin,Corporate,63
2275,Chicago,Consumer,40
2276,Austin,Consumer,61
2277,Chicago,Consumer,51
2278,New York,Corporate,20
2279,Austin,Home Office,60
2280,San Diego,Consumer,54
2281,San Diego,Consumer,29
2282,Austin,Consumer,54
2283,Chicago,Consumer,44
2284,San Diego,Consumer,67
2285,San Diego,Consumer,33
2286,San Diego,Consumer,31
2287,Boston,Consumer,21
2288,San Diego,Home Office,58
2289,Boston,Consumer,69
2290,Austin,Consumer,53
2291,Austin,Corporate,37
2292,Chicago,Home Office,63
2293,Chicago,Consumer,31
2294,San Diego,Consumer,54
2295,San Diego,Corporate,49
2296,San Diego,Consumer,62
2297,Chicago,Corporate,68
2298,Austin,Consumer,36
2299,Chicago,Consumer,22
2300,Boston,Consumer,26
2301,Chicago,Corporate,56
2302,New York,Consumer,36
2303,Seattle,Consumer,25
2304,Boston,Consumer,60
2305,Boston,Corporate,51
2306,New York,Consumer,24
2307,Chicago,Corporate,55
2308,New York,Corporate,51
2309,Chicago,Consumer,69
2310,Seattle,Home Office,69
2311,Chicago,Home Office,68
2312,New York,Consumer,64
2313,Seattle,Consumer,59
2314,New York,Consumer,52
2315,Chicago,Consumer,46
2316,New York,Consumer,59
2317,New York,Home Office,68
2318,Austin,Home Office,24
2319,Boston,Consumer,25
2320,San Diego,Consumer,43
2321,New York,Consumer,33
2322,New York,Consumer,45
2323,Austin,Consumer,34
2324,Seattle,Home Office,58
2325,San Diego,Home Office,64
2326,San Diego,Consumer,32
2327,Austin,Corporate,58
2328,Chicago,Consumer,23
2329,New York,Corporate,59
2330,New York,Consumer,54
2331,New York,Consumer,54
2332,Boston,Corporate,43
2333,Chicago,Consumer,23
2334,San Diego,Consumer,61
2335,Seattle,Consumer,23
2336,Seattle,Corporate,43
2337,Austin,Corporate,27
2338,San Diego,Consumer,62
2339,New York,Consumer,47
2340,New York,Corporate,44
2341,Austin,Consumer,34
2342,Austin,Consumer,58
2343,Seattle,Corporate,28
2344,San Diego,Consumer,55
2345,Seattle,Corporate,68
2346,Chicago,Consumer,31
2347,Chicago,Corporate,53
2348,San Diego,Consumer,34
2349,Chicago,Consumer,66
2350,Seattle,Consumer,64
2351,Seattle,Home Office,34
2352,San Diego,Home Office,30
2353,San Diego,Corporate,22
2354,Austin,Consumer,54
2355,Chicago,Consumer,65
2356,Austin,Corporate,25
2357,Austin,Corporate,60
2358,Chicago,Consumer,57
2359,Seattle,Home Office,42
2360,Chicago,Consumer,29
2361,Seattle,Consumer,51
2362,San Diego,Home Office,48
2363,Boston,Consumer,60
2364,New York,Consumer,47
2365,San Diego,Consumer,20
2366,New York,Home Office,28
2367,Austin,Consumer,37
2368,Chicago,Corporate,43
2369,New York,Consumer,36
2370,Chicago,Consumer,63
2371,New York,Consumer,32
2372,San Diego,Consumer,53
2373,New York,Consumer,36
2374,Austin,Consumer,69
2375,San Diego,Corporate,65
2376,Boston,Consumer,58
2377,Boston,Corporate,57
2378,New York,Corporate,51
2379,Boston,Consumer,48
2380,Seattle,Consumer,47
2381,Chicago,Consumer,19
2382,Austin,Consumer,66
2383,Boston,Consumer,69
2384,Austin,Consumer,45
2385,Chicago,Consumer,63
2386,Boston,Consumer,38
2387,Boston,Home Office,23
2388,Boston,Consumer,61
2389,Boston,Consumer,44
2390,Boston,Consumer,66
2391,Austin,Corporate,29
2392,Chicago,Consumer,42
2393,Seattle,Consumer,52
2394,Chicago,Corporate,25
2395,Austin,Consumer,69
2396,Seattle,Consumer,49
2397,Boston,Consumer,26
2398,Chicago,Corporate,56
2399,Chicago,Home Office,63
2400,San Diego,Corporate,37
2401,New York,Consumer,49
2402,Seattle,Consumer,56
2403,San Diego,Consumer,25
2404,Seattle,Corporate,45
2405,Austin,Home Office,47
2406,San Diego,Corporate,33
2407,Austin,Consumer,33
2408,San Diego,Corporate,50
2409,Austin,Home Office,57
2410,New York,Corporate,38
2411,Seattle,Corporate,25
2412,New York,Consumer,58
2413,Boston,Corporate,27
2414,Seattle,Consumer,18
2415,Austin,Consumer,34
2416,Austin,Corporate,60
2417,Seattle,Home Office,57
2418,Chicago,Home Office,33
2419,Chicago,Consumer,45
2420,Austin,Consumer,67
2421,Chicago,Consumer,55
2422,San Diego,Corporate,57
2423,New York,Corporate,22
2424,San Diego,Home Office,30
2425,Austin,Consumer,23
2426,Seattle,Consumer,68
2427,New York,Corporate,35
2428,Austin,Consumer,43
2429,San Diego,Home Office,46
2430,Chicago,Consumer,45
2431,New York,Consumer,20
2432,Seattle,Consumer,65
2433,New York,Home Office,37
2434,Chicago,Corporate,65
2435,Austin,Corporate,57
2436,Seattle,Corporate,54
2437,Seattle,Consumer,54
2438,San Diego,Corporate,68
2439,Boston,Home Office,33
2440,New York,Consumer,35
2441,Austin,Corporate,52
2442,New York,Consumer,30
2443,New York,Consumer,59
2444,Chicago,Consumer,19
2445,Seattle,Home Office,64
2446,Boston,Consumer,36
2447,San Diego,Consumer,18
2448,Seattle,Corporate,49
2449,San Diego,Consumer,32
2450,Chicago,Corporate,33
2451,Boston,Home Office,43
2452,Boston,Consumer,48
2453,New York,Consumer,25
2454,Austin,Home Office,20
2455,San Diego,Consumer,41
2456,Austin,Consumer,36
2457,Boston,Home Office,48
2458,Boston,Home Office,56
2459,Austin,Corporate,49
2460,New York,Consumer,23
2461,Austin,Home Office,69
2462,Chicago,Corporate,55
2463,Austin,Corporate,20
2464,Seattle,Corporate,57
2465,Austin,Corporate,63
2466,Chicago,Consumer,47
2467,Chicago,Consumer,61
2468,San Diego,Consumer,64
2469,New York,Consumer,68
2470,Chicago,Consumer,67
2471,Boston,Consumer,28
2472,New York,Corporate,19
2473,Austin,Consumer,51
2474,Chicago,Consumer,53
2475,New York,Consumer,47
2476,Austin,Consumer,30
2477,Seattle,Corporate,67
2478,Chicago,Consumer,39
2479,New York,Consumer,56
2480,New York,Corporate,50
2481,Seattle,Consumer,64
2482,Boston,Consumer,55
2483,Chicago,Corporate,51
2484,Chicago,Consumer,61
2485,Austin,Corporate,20
2486,Austin,Corporate,54
2487,Chicago,Home Office,48
2488,New York,Consumer,58
2489,Seattle,Corporate,29
2490,Austin,Corporate,49
2491,Austin,Consumer,32
2492,Chicago,Home Office,24
2493,Boston,Consumer,47
2494,Seattle,Home Office,19
2495,Austin,Corporate,22
2496,Chicago,Consumer,45
2497,San Diego,Consumer,64
2498,Boston,Home Office,55
2499,New York,Consumer,18
2500,Boston,Consumer,23
2501,San Diego,Consumer,40
2502,New York,Corporate,40
2503,San Diego,Consumer,20
2504,New York,Consumer,31
2505,New York,Corporate,24
2506,New York,Consumer,47
2507,Austin,Consumer,52
2508,Seattle,Consumer,38
2509,Austin,Home Office,47
2510,New York,Home Office,28
2511,Chicago,Consumer,62
2512,Boston,Consumer,18
2513,Boston,Consumer,44
2514,San Diego,Home Office,34
2515,New York,Consumer,41
2516,San Diego,Consumer,44
2517,San Diego,Home Office,51
2518,Seattle,Consumer,66
2519,New York,Consumer,47
2520,Boston,Consumer,29
2521,Austin,Corporate,45
2522,New York,Consumer,44
2523,Chicago,Home Office,62
2524,Austin,Consumer,47
2525,New York,Consumer,63
2526,Chicago,Corporate,51
2527,Austin,Corporate,47
2528,Boston,Corporate,35
2529,New York,Corporate,31
2530,Seattle,Consumer,23
2531,Boston,Corporate,46
2532,San Diego,Consumer,65
2533,Boston,Consumer,18
2534,Chicago,Home Office,67
2535,San Diego,Corporate,62
2536,Boston,Consumer,40
2537,Chicago,Consumer,34
2538,Austin,Home Office,48
2539,Seattle,Consumer,62
2540,Austin,Consumer,19
2541,Chicago,Consumer,41
2542,Boston,Consumer,20
2543,Boston,Consumer,51
2544,Austin,Home Office,21
2545,San Diego,Consumer,34
2546,Austin,Consumer,56
2547,San Diego,Corporate,57
2548,Seattle,Consumer,29
2549,Austin,Corporate,44
2550,New York,Corporate,27
2551,Seattle,Corporate,48
2552,Chicago,Corporate,18
2553,Chicago,Corporate,60
2554,Chicago,Corporate,19
2555,Boston,Corporate,49
2556,New York,Consumer,39
2557,San Diego,Corporate,29
2558,Boston,Corporate,46
2559,New York,Consumer,25
2560,Seattle,Home Office,48
2561,Seattle,Consumer,51
2562,Austin,Consumer,41
2563,San Diego,Home Office,36
2564,Austin,Consumer,41
2565,Austin,Consumer,67
2566,Austin,Consumer,57
2567,San Diego,Home Office,18
2568,Seattle,Consumer,33
2569,Austin,Corporate,19
2570,Boston,Corporate,30
2571,San Diego,Corporate,58
2572,Boston,Home Office,62
2573,San Diego,Corporate,41
2574,Austin,Consumer,53
2575,San Diego,Home Office,37
2576,Chicago,Consumer,42
2577,Chicago,Consumer,61
2578,Austin,Consumer,32
2579,Boston,Corporate,34
2580,Seattle,Consumer,25
2581,Austin,Consumer,29
2582,Austin,Consumer,19
2583,Chicago,Consumer,60
2584,Seattle,Consumer,62
2585,Austin,Corporate,39
2586,Seattle,Consumer,48
2587,Austin,Consumer,30
2588,Chicago,Consumer,20
2589,Boston,Consumer,44
2590,Austin,Corporate,26
2591,New York,Consumer,62
2592,Austin,Consumer,32
2593,Seattle,Home Office,56
2594,New York,Consumer,31
2595,Chicago,Consumer,24
2596,New York,Corporate,46
2597,Seattle,Corporate,27
2598,San Diego,Corporate,38
2599,Boston,Consumer,33
2600,Austin,Consumer,63
2601,Boston,Consumer,44
2602,Chicago,Consumer,55
2603,San Diego,Consumer,48
2604,Seattle,Home Office,65
2605,San Diego,Corporate,40
2606,San Diego,Consumer,62
2607,Seattle,Consumer,64
2608,Chicago,Corporate,65
2609,Seattle,Consumer,54
2610,San Diego,Consumer,68
2611,Boston,Consumer,56
2612,Boston,Corporate,34
2613,Chicago,Corporate,26
2614,Seattle,Consumer,28
2615,New York,Consumer,47
2616,San Diego,Corporate,26
2617,Boston,Consumer,30
2618,New York,Corporate,50
2619,Seattle,Consumer,35
2620,Boston,Corporate,53
2621,Boston,Home Office,69
2622,Austin,Corporate,22
2623,New York,Consumer,51
2624,Boston,Corporate,60
2625,Boston,Consumer,25
2626,Seattle,Consumer,58
2627,Boston,Consumer,44
2628,New York,Home Office,50
2629,Seattle,Consumer,20
2630,New York,Home Office,40
2631,Boston,Consumer,37
2632,San Diego,Consumer,25
2633,Boston,Consumer,57
2634,Seattle,Corporate,44
2635,New York,Consumer,63
2636,New York,Consumer,26
2637,Austin,Consumer,56
2638,San Diego,Consumer,49
2639,New York,Consumer,51
2640,Boston,Consumer,34
2641,Chicago,Consumer,53
2642,Austin,Home Office,30
2643,Chicago,Consumer,57
2644,Austin,Consumer,40
2645,Austin,Consumer,42
2646,New York,Consumer,48
2647,Seattle,Corporate,22
2648,San Diego,Consumer,37
2649,Boston,Consumer,28
2650,Chicago,Corporate,68
2651,Boston,Consumer,39
2652,Boston,Home Office,18
2653,Boston,Home Office,19
2654,Austin,Consumer,65
2655,Boston,Consumer,26
2656,Seattle,Consumer,18
2657,New York,Consumer,29
2658,Chicago,Consumer,29
2659,San Diego,Consumer,22
2660,New York,Consumer,69
2661,Austin,Consumer,21
2662,San Diego,Consumer,55
2663,New York,Home Office,61
2664,Austin,Home Office,51
2665,Chicago,Consumer,24
2666,Seattle,Corporate,55
2667,Chicago,Consumer,35
2668,Boston,Corporate,39
2669,New York,Consumer,31
2670,Boston,Home Office,58
2671,San Diego,Consumer,48
2672,Boston,Consumer,26
2673,Boston,Home Office,39
2674,Chicago,Consumer,59
2675,Boston,Consumer,66
2676,Seattle,Corporate,66
2677,Boston,Corporate,25
2678,Boston,Corporate,62
2679,Seattle,Corporate,47
2680,Austin,Corporate,56
2681,New York,Consumer,38
2682,New York,Corporate,51
2683,Austin,Corporate,31
2684,San Diego,Home Office,45
2685,Seattle,Consumer,29
2686,Austin,Consumer,38
2687,Chicago,Corporate,39
2688,Seattle,Consumer,63
2689,Seattle,Consumer,50
2690,Boston,Corporate,51
2691,San Diego,Consumer,32
2692,Seattle,Consumer,40
2693,Boston,Consumer,42
2694,Austin,Consumer,58
2695,Boston,Corporate,27
2696,Austin,Consumer,20
2697,New York,Consumer,44
2698,Austin,Consumer,60
2699,New York,Consumer,56
2700,New York,Consumer,60
2701,Boston,Consumer,38
2702,San Diego,Consumer,29
2703,Chicago,Consumer,52
2704,Boston,Consumer,19
2705,New York,Consumer,64
2706,Chicago,Consumer,55
2707,San Diego,Consumer,44
2708,Chicago,Consumer,28
2709,San Diego,Consumer,31
2710,Boston,Consumer,69
2711,New York,Corporate,18
2712,New York,Consumer,18
2713,Boston,Corporate,36
2714,Seattle,Corporate,29
2715,Seattle,Consumer,53
2716,Austin,Consumer,20
2717,Austin,Consumer,58
2718,San Diego,Consumer,58
2719,Seattle,Consumer,29
2720,New York,Consumer,48
2721,Seattle,Corporate,52
2722,San Diego,Consumer,62
2723,New York,Corporate,56
2724,Austin,Corporate,68
2725,San Diego,Consumer,24
2726,Seattle,Home Office,49
2727,New York,Home Office,58
2728,New York,Consumer,30
2729,Seattle,Consumer,29
2730,Austin,Consumer,22
2731,Boston,Consumer,69
2732,Seattle,Consumer,63
2733,Boston,Consumer,24
2734,Chicago,Consumer,30
2735,Austin,Corporate,41
2736,New York,Consumer,64
2737,Seattle,Consumer,60
2738,Chicago,Consumer,63
2739,Austin,Corporate,61
2740,Austin,Corporate,50
2741,Chicago,Consumer,33
2742,New York,Corporate,49
2743,Seattle,Consumer,43
2744,Boston,Corporate,67
2745,Chicago,Consumer,41
2746,Austin,Consumer,57
2747,Chicago,Corporate,27
2748,San Diego,Home Office,53
2749,Austin,Corporate,41
2750,Boston,Consumer,40
2751,Chicago,Corporate,57
2752,New York,Consumer,43
2753,Seattle,Corporate,21
2754,Seattle,Corporate,38
2755,Boston,Consumer,68
2756,Boston,Consumer,67
2757,Boston,Consumer,49
2758,Seattle,Consumer,51
2759,Austin,Consumer,31
2760,Austin,Consumer,58
2761,New York,Consumer,49
2762,Austin,Consumer,19
2763,Austin,Consumer,67
2764,New York,Corporate,62
2765,Chicago,Consumer,22
2766,Seattle,Consumer,39
2767,Austin,Corporate,56
2768,Boston,Home Office,56
2769,Austin,Consumer,26
2770,Boston,Consumer,20
2771,Seattle,Consumer,69
2772,New York,Home Office,64
2773,Chicago,Corporate,56
2774,San Diego,Corporate,52
2775,Seattle,Corporate,53
2776,Chicago,Consumer,41
2777,Seattle,Consumer,53
2778,Boston,Corporate,33
2779,Austin,Home Office,22
2780,New York,Consumer,34
2781,Chicago,Consumer,33
2782,Boston,Consumer,33
2783,San Diego,Home Office,42
2784,Boston,Consumer,24
2785,Boston,Corporate,39
2786,New York,Consumer,42
2787,Chicago,Corporate,27
2788,New York,Corporate,41
2789,New York,Consumer,53
2790,Boston,Corporate,39
2791,Boston,Home Office,18
2792,New York,Home Office,54
2793,San Diego,Consumer,48
2794,Seattle,Corporate,39
2795,New York,Consumer,19
2796,Boston,Consumer,22
2797,Boston,Consumer,22
2798,Seattle,Corporate,62
2799,San Diego,Consumer,34
2800,Austin,Consumer,40
2801,San Diego,Consumer,54
2802,Austin,Consumer,52
2803,Boston,Consumer,21
2804,New York,Consumer,66
2805,Chicago,Corporate,31
2806,Boston,Consumer,57
2807,Chicago,Consumer,61
2808,Chicago,Corporate,46
2809,San Diego,Home Office,26
2810,Chicago,Home Office,46
2811,Seattle,Corporate,30
2812,Chicago,Home Office,62
2813,Chicago,Consumer,57
2814,Boston,Home Office,60
2815,Chicago,Home Office,61
2816,New York,Consumer,27
2817,San Diego,Home Office,19
2818,Boston,Corporate,50
2819,New York,Corporate,49
2820,San Diego,Home Office,63
2821,Seattle,Consumer,51
2822,San Diego,Consumer,59
2823,New York,Corporate,36
2824,Boston,Corporate,24
2825,Seattle,Home Office,19
2826,Boston,Home Office,40
2827,Austin,Corporate,18
2828,Boston,Home Office,44
2829,Seattle,Consumer,38
2830,New York,Home Office,31
2831,Boston,Consumer,48
2832,San Diego,Consumer,53
2833,Chicago,Consumer,20
2834,Seattle,Consumer,42
2835,Austin,Consumer,66
2836,Seattle,Consumer,33
2837,Boston,Corporate,58
2838,Boston,Corporate,35
2839,Chicago,Consumer,32
2840,Boston,Corporate,62
2841,Austin,Consumer,36
2842,San Diego,Consumer,63
2843,San Diego,Consumer,52
2844,Austin,Consumer,60
2845,Austin,Corporate,60
2846,Austin,Consumer,65
2847,Boston,Corporate,46
2848,Austin,Consumer,67
2849,Chicago,Corporate,21
2850,Austin,Home Office,43
2851,Chicago,Consumer,38
2852,Austin,Consumer,23
2853,New York,Consumer,63
2854,New York,Consumer,59
2855,San Diego,Consumer,56
2856,New York,Consumer,50
2857,Seattle,Home Office,49
2858,San Diego,Home Office,37
2859,San Diego,Consumer,53
2860,Austin,Consumer,68
2861,Chicago,Consumer,31
2862,Boston,Consumer,35
2863,Boston,Home Office,23
2864,Seattle,Consumer,65
2865,New York,Consumer,45
2866,New York,Consumer,48
2867,Chicago,Consumer,31
2868,New York,Consumer,19
2869,Boston,Consumer,59
2870,Chicago,Corporate,62
2871,Chicago,Consumer,35
2872,Boston,Home Office,57
2873,San Diego,Consumer,47
2874,Chicago,Corporate,51
2875,Austin,Consumer,26
2876,Seattle,Consumer,49
2877,Seattle,Home Office,26
2878,Boston,Corporate,29
2879,Boston,Consumer,36
2880,Boston,Consumer,29
2881,New York,Corporate,65
2882,Chicago,Home Office,19
2883,Seattle,Corporate,65
2884,New York,Consumer,26
2885,Austin,Consumer,63
2886,New York,Consumer,35
2887,Boston,Consumer,65
2888,New York,Consumer,46
2889,New York,Corporate,43
2890,Chicago,Consumer,24
2891,New York,Corporate,40
2892,Seattle,Corporate,46
2893,Austin,Corporate,69
2894,Boston,Consumer,31
2895,Chicago,Consumer,22
2896,Seattle,Consumer,31
2897,Seattle,Consumer,30
2898,Seattle,Consumer,67
2899,San Diego,Consumer,25
2900,Chicago,Consumer,69
2901,Seattle,Consumer,23
2902,San Diego,Home Office,60
2903,Boston,Corporate,39
2904,Seattle,Consumer,20
2905,Seattle,Home Office,49
2906,Boston,Consumer,55
2907,Seattle,Consumer,61
2908,Boston,Corporate,27
2909,New York,Consumer,50
2910,Austin,Consumer,47
2911,New York,Consumer,41
2912,New York,Consumer,64
2913,Austin,Corporate,40
2914,Chicago,Consumer,37
2915,Austin,Consumer,45
2916,Austin,Consumer,66
2917,Seattle,Consumer,63
2918,Boston,Consumer,54
2919,Boston,Home Office,22
2920,Austin,Corporate,33
2921,Chicago,Consumer,18
2922,San Diego,Corporate,22
2923,New York,Consumer,61
2924,Seattle,Consumer,60
2925,Austin,Consumer,23
2926,Chicago,Consumer,41
2927,Seattle,Corporate,32
2928,Chicago,Home Office,21
2929,Chicago,Consumer,37
2930,Seattle,Consumer,23
2931,Chicago,Corporate,56
2932,San Diego,Consumer,68
2933,New York,Consumer,39
2934,Austin,Home Office,30
2935,San Diego,Corporate,43
2936,Chicago,Home Office,68
2937,San Diego,Consumer,26
2938,San Diego,Consumer,53
2939,Boston,Consumer,22
2940,Chicago,Home Office,33
2941,San Diego,Consumer,40
2942,Boston,Consumer,37
2943,San Diego,Consumer,27
2944,Chicago,Corporate,58
2945,San Diego,Corporate,53
2946,New York,Corporate,40
2947,Seattle,Consumer,39
2948,Austin,Corporate,21
2949,Seattle,Consumer,52
2950,Seattle,Consumer,29
2951,New York,Consumer,33
2952,Seattle,Consumer,62
2953,Boston,Consumer,51
2954,Austin,Home Office,54
2955,Chicago,Consumer,31
2956,Boston,Consumer,44
2957,New York,Corporate,18
2958,Austin,Corporate,30
2959,Seattle,Consumer,59
2960,Austin,Corporate,42
2961,Boston,Consumer,51
2962,Austin,Consumer,59
2963,Boston,Corporate,66
2964,New York,Consumer,22
2965,San Diego,Consumer,48
2966,Seattle,Consumer,69
2967,Chicago,Consumer,28
2968,Chicago,Consumer,62
2969,San Diego,Home Office,48
2970,Seattle,Consumer,34
2971,Seattle,Home Office,58
2972,New York,Consumer,63
2973,Seattle,Corporate,25
2974,Boston,Consumer,53
2975,New York,Consumer,66
2976,Austin,Consumer,52
2977,Austin,Consumer,46
2978,Boston,Home Office,25
2979,Chicago,Corporate,41
2980,Austin,Corporate,65
2981,San Diego,Consumer,59
2982,New York,Consumer,41
2983,San Diego,Corporate,34
2984,San Diego,Corporate,59
2985,San Diego,Consumer,68
2986,Seattle,Corporate,33
2987,San Diego,Consumer,60
2988,San Diego,Home Office,34
2989,Boston,Consumer,61
2990,Austin,Consumer,68
2991,Austin,Home Office,52
2992,Seattle,Consumer,43
2993,Chicago,Consumer,34
2994,Boston,Consumer,21
2995,San Diego,Consumer,20
2996,Seattle,Home Office,61
2997,Chicago,Corporate,52
2998,Austin,Consumer,29
2999,Austin,Home Office,46
3000,Seattle,Corporate,63
3001,San Diego,Home Office,51
3002,San Diego,Consumer,65
3003,Boston,Consumer,24
3004,Boston,Consumer,21
3005,San Diego,Consumer,52
3006,Austin,Corporate,48
3007,Seattle,Consumer,53
3008,Austin,Consumer,69
3009,Seattle,Corporate,23
3010,San Diego,Consumer,66
3011,Austin,Consumer,21
3012,Seattle,Corporate,45
3013,New York,Home Office,61
3014,San Diego,Consumer,53
3015,Austin,Home Office,29
3016,Austin,Corporate,49
3017,Seattle,Corporate,64
3018,Chicago,Consumer,28
3019,Seattle,Corporate,66
3020,San Diego,Corporate,51
3021,Austin,Consumer,22
3022,New York,Home Office,35
3023,Austin,Home Office,62
3024,Chicago,Consumer,35
3025,Austin,Corporate,67
3026,Seattle,Consumer,39
3027,New York,Corporate,35
3028,San Diego,Corporate,62
3029,Chicago,Consumer,58
3030,Boston,Consumer,30
3031,San Diego,Consumer,58
3032,Chicago,Home Office,31
3033,Seattle,Consumer,64
3034,New York,Home Office,18
3035,New York,Consumer,52
3036,Boston,Consumer,26
3037,San Diego,Home Office,53
3038,New York,Consumer,68
3039,Chicago,Consumer,52
3040,Chicago,Consumer,40
3041,Austin,Consumer,60
3042,Chicago,Consumer,28
3043,Chicago,Consumer,46
3044,Seattle,Corporate,68
3045,Chicago,Consumer,36
3046,Boston,Consumer,19
3047,San Diego,Consumer,40
3048,San Diego,Consumer,43
3049,Chicago,Home Office,60
3050,San Diego,Consumer,59
3051,Boston,Consumer,35
3052,Chicago,Consumer,58
3053,San Diego,Home Office,25
3054,Austin,Corporate,27
3055,San Diego,Corporate,49
3056,Austin,Home Office,54
3057,San Diego,Corporate,59
3058,New York,Home Office,50
3059,Austin,Consumer,24
3060,Chicago,Corporate,53
3061,Chicago,Home Office,40
3062,Chicago,Home Office,31
3063,Austin,Consumer,35
3064,New York,Corporate,60
3065,San Diego,Consumer,27
3066,Seattle,Corporate,47
3067,San Diego,Consumer,22
3068,San Diego,Consumer,55
3069,New York,Corporate,25
3070,New York,Consumer,66
3071,Austin,Consumer,63
3072,Austin,Consumer,62
3073,Chicago,Corporate,36
3074,San Diego,Corporate,58
3075,Seattle,Corporate,24
3076,San Diego,Consumer,33
3077,New York,Corporate,24
3078,San Diego,Corporate,20
3079,Chicago,Consumer,37
3080,Austin,Consumer,47
3081,Austin,Consumer,62
3082,San Diego,Consumer,19
3083,Chicago,Consumer,39
3084,Chicago,Consumer,55
3085,Austin,Consumer,28
3086,Austin,Consumer,56
3087,Chicago,Consumer,47
3088,Chicago,Corporate,47
3089,Chicago,Consumer,24
3090,Austin,Consumer,26
3091,Austin,Corporate,63
3092,Austin,Consumer,63
3093,San Diego,Consumer,41
3094,Chicago,Consumer,48
3095,Boston,Consumer,46
3096,San Diego,Consumer,44
3097,Chicago,Consumer,55
3098,Chicago,Consumer,47
3099,Chicago,Consumer,24
3100,Chicago,Home Office,22
3101,Austin,Consumer,62
3102,New York,Consumer,56
3103,New York,Consumer,28
3104,Austin,Corporate,21
3105,San Diego,Corporate,29
3106,Chicago,Corporate,48
3107,Boston,Consumer,48
3108,Austin,Consumer,26
3109,Boston,Corporate,27
3110,Chicago,Consumer,28
3111,Seattle,Home Office,41
3112,San Diego,Consumer,30
3113,New York,Consumer,41
3114,Boston,Consumer,18
3115,Austin,Consumer,66
3116,Austin,Corporate,64
3117,Seattle,Consumer,35
3118,Seattle,Consumer,59
3119,New York,Corporate,45
3120,Boston,Home Office,19
3121,Seattle,Corporate,32
3122,Boston,Home Office,20
3123,Austin,Home Office,54
3124,Seattle,Consumer,58
3125,Austin,Home Office,50
3126,Boston,Home Office,18
3127,San Diego,Consumer,30
3128,Boston,Corporate,42
3129,Seattle,Consumer,25
3130,San Diego,Corporate,23
3131,Austin,Consumer,33
3132,Austin,Corporate,48
3133,San Diego,Consumer,22
3134,New York,Consumer,69
3135,San Diego,Consumer,41
3136,New York,Corporate,26
3137,Seattle,Consumer,19
3138,Austin,Corporate,67
3139,Austin,Consumer,48
3140,Austin,Consumer,63
3141,Austin,Consumer,58
3142,Austin,Home Office,69
3143,Austin,Consumer,64
3144,Seattle,Corporate,57
3145,San Diego,Consumer,62
3146,Seattle,Corporate,62
3147,Seattle,Consumer,31
3148,Boston,Consumer,48
3149,Boston,Consumer,69
3150,New York,Consumer,63
3151,San Diego,Consumer,23
3152,Chicago,Consumer,23
3153,Chicago,Consumer,28
3154,San Diego,Home Office,56
3155,New York,Consumer,38
3156,Boston,Home Office,50
3157,San Diego,Consumer,25
3158,Boston,Consumer,21
3159,San Diego,Consumer,58
3160,Boston,Consumer,33
3161,New York,Consumer,20
3162,Boston,Home Office,29
3163,New York,Corporate,34
3164,Chicago,Consumer,39
3165,New York,Consumer,64
3166,Austin,Consumer,28
3167,San Diego,Corporate,49
3168,Chicago,Consumer,32
3169,San Diego,Consumer,43
3170,Seattle,Consumer,33
3171,Seattle,Consumer,35
3172,Boston,Corporate,49
3173,Austin,Consumer,48
3174,Austin,Consumer,25
3175,Boston,Home Office,26
3176,Seattle,Home Office,30
3177,Seattle,Consumer,64
3178,Chicago,Consumer,34
3179,Chicago,Corporate,48
3180,Chicago,Consumer,41
3181,Chicago,Consumer,36
3182,Chicago,Consumer,19
3183,San Diego,Consumer,40
3184,New York,Home Office,69
3185,Seattle,Corporate,66
3186,Boston,Home Office,33
3187,San Diego,Corporate,45
3188,Austin,Corporate,32
3189,New York,Corporate,65
3190,Boston,Corporate,46
3191,New York,Consumer,65
3192,San Diego,Consumer,62
3193,San Diego,Consumer,35
3194,Chicago,Consumer,41
3195,San Diego,Consumer,47
3196,Chicago,Consumer,30
3197,Chicago,Consumer,61
3198,San Diego,Consumer,47
3199,Boston,Consumer,28
3200,Chicago,Consumer,43
3201,Boston,Consumer,60
3202,Boston,Home Office,39
3203,San Diego,Consumer,54
3204,New York,Consumer,69
3205,Chicago,Consumer,35
3206,San Diego,Corporate,69
3207,Boston,Corporate,39
3208,San Diego,Consumer,47
3209,Austin,Consumer,58
3210,Chicago,Corporate,21
3211,Boston,Home Office,54
3212,Chicago,Consumer,47
3213,Austin,Consumer,52
3214,Boston,Consumer,67
3215,Seattle,Consumer,43
3216,Chicago,Corporate,66
3217,New York,Home Office,47
3218,Austin,Home Office,29
3219,Boston,Corporate,51
3220,Austin,Consumer,27
3221,San Diego,Home Office,64
3222,Chicago,Consumer,25
3223,San Diego,Consumer,43
3224,San Diego,Corporate,60
3225,Seattle,Consumer,18
3226,San Diego,Corporate,43
3227,Seattle,Home Office,44
3228,Austin,Corporate,35
3229,San Diego,Corporate,52
3230,Boston,Consumer,34
3231,Boston,Consumer,37
3232,Chicago,Corporate,32
3233,San Diego,Consumer,50
3234,New York,Home Office,63
3235,Seattle,Consumer,27
3236,Seattle,Consumer,39
3237,Austin,Consumer,29
3238,Boston,Corporate,30
3239,Boston,Corporate,68
3240,New York,Home Office,54
3241,Chicago,Consumer,67
3242,Chicago,Consumer,51
3243,Boston,Consumer,52
3244,Seattle,Consumer,55
3245,San Diego,Consumer,51
3246,San Diego,Consumer,60
3247,San Diego,Consumer,34
3248,New York,Consumer,23
3249,New York,Corporate,43
3250,Austin,Corporate,18
3251,Austin,Consumer,20
3252,San Diego,Consumer,20
3253,New York,Corporate,22
3254,Austin,Corporate,54
3255,Chicago,Corporate,49
3256,Chicago,Consumer,66
3257,Chicago,Consumer,33
3258,Chicago,Home Office,35
3259,Seattle,Consumer,43
3260,Austin,Consumer,58
3261,Austin,Home Office,66
3262,Austin,Consumer,55
3263,San Diego,Corporate,44
3264,Boston,Home Office,68
3265,Seattle,Consumer,27
3266,Seattle,Corporate,42
3267,San Diego,Consumer,30
3268,San Diego,Home Office,26
3269,New York,Home Office,38
3270,Boston,Home Office,57
3271,New York,Consumer,34
3272,Austin,Corporate,60
3273,Seattle,Home Office,49
3274,Austin,Corporate,54
3275,Chicago,Corporate,30
3276,Boston,Consumer,62
3277,New York,Home Office,28
3278,Chicago,Consumer,37
3279,Boston,Consumer,58
3280,San Diego,Home Office,53
3281,New York,Home Office,33
3282,San Diego,Home Office,31
3283,Boston,Consumer,40
3284,New York,Consumer,41
3285,Austin,Consumer,21
3286,Austin,Consumer,30
3287,New York,Home Office,26
3288,Chicago,Consumer,26
3289,Chicago,Consumer,36
3290,Chicago,Consumer,19
3291,Austin,Consumer,53
3292,Austin,Home Office,52
3293,Chicago,Corporate,29
3294,Chicago,Consumer,63
3295,Chicago,Consumer,48
3296,San Diego,Consumer,34
3297,Chicago,Consumer,28
3298,Boston,Home Office,40
3299,Seattle,Corporate,67
3300,San Diego,Consumer,18
3301,Seattle,Corporate,19
3302,Chicago,Consumer,39
3303,Seattle,Consumer,65
3304,Chicago,Consumer,32
3305,New York,Consumer,56
3306,Chicago,Consumer,47
3307,Chicago,Corporate,28
3308,New York,Home Office,65
3309,New York,Consumer,26
3310,Boston,Corporate,44
3311,Seattle,Consumer,52
3312,Austin,Consumer,53
3313,Boston,Consumer,62
3314,Chicago,Consumer,54
3315,Austin,Consumer,52
3316,Boston,Home Office,25
3317,Seattle,Home Office,33
3318,Austin,Consumer,36
3319,Chicago,Corporate,37
3320,New York,Consumer,23
3321,New York,Corporate,22
3322,New York,Consumer,40
3323,San Diego,Consumer,55
3324,Seattle,Corporate,64
3325,Austin,Consumer,66
3326,San Diego,Consumer,43
3327,New York,Consumer,64
3328,Chicago,Consumer,41
3329,Austin,Consumer,42
3330,Boston,Corporate,28
3331,Seattle,Corporate,50
3332,Boston,Consumer,34
3333,Chicago,Consumer,43
3334,Boston,Corporate,66
3335,New York,Corporate,46
3336,Chicago,Corporate,33
3337,Seattle,Consumer,52
3338,New York,Consumer,56
3339,Boston,Consumer,49
3340,Boston,Consumer,20
3341,Seattle,Consumer,29
3342,Chicago,Consumer,24
3343,New York,Corporate,67
3344,Seattle,Consumer,34
3345,Seattle,Corporate,42
3346,San Diego,Consumer,64
3347,Seattle,Consumer,69
3348,New York,Corporate,29
3349,New York,Corporate,62
3350,San Diego,Consumer,55
3351,New York,Corporate,49
3352,Boston,Consumer,26
3353,New York,Consumer,53
3354,San Diego,Corporate,49
3355,Boston,Corporate,41
3356,Austin,Consumer,48
3357,New York,Home Office,28
3358,Boston,Corporate,50
3359,Chicago,Corporate,25
3360,Seattle,Consumer,32
3361,Boston,Consumer,43
3362,San Diego,Consumer,26
3363,New York,Corporate,65
3364,San Diego,Consumer,64
3365,New York,Corporate,42
3366,San Diego,Consumer,47
3367,Seattle,Corporate,33
3368,Chicago,Corporate,29
3369,Austin,Corporate,67
3370,New York,Corporate,39
3371,Boston,Home Office,67
3372,Chicago,Consumer,21
3373,Chicago,Corporate,23
3374,Seattle,Home Office,42
3375,San Diego,Consumer,58
3376,Seattle,Consumer,40
3377,Seattle,Home Office,61
3378,Seattle,Consumer,24
3379,Boston,Consumer,62
3380,Austin,Consumer,41
3381,San Diego,Consumer,32
3382,San Diego,Consumer,51
3383,Boston,Consumer,58
3384,Boston,Home Office,66
3385,San Diego,Consumer,22
3386,Chicago,Consumer,54
3387,San Diego,Home Office,34
3388,San Diego,Corporate,44
3389,Chicago,Consumer,42
3390,San Diego,Consumer,58
3391,Chicago,Corporate,38
3392,Seattle,Corporate,32
3393,San Diego,Consumer,43
3394,Chicago,Consumer,52
3395,Austin,Corporate,62
3396,San Diego,Corporate,18
3397,Austin,Consumer,47
3398,Boston,Home Office,21
3399,New York,Corporate,50
3400,San Diego,Corporate,50
3401,San Diego,Corporate,62
3402,Boston,Corporate,28
3403,New York,Consumer,59
3404,Boston,Consumer,53
3405,Austin,Corporate,52
3406,Austin,Corporate,51
3407,Austin,Consumer,46
3408,Seattle,Consumer,21
3409,Seattle,Corporate,60
3410,Austin,Corporate,38
3411,New York,Consumer,23
3412,Boston,Consumer,49
3413,Chicago,Consumer,67
3414,New York,Home Office,55
3415,Seattle,Home Office,30
3416,Austin,Consumer,60
3417,Seattle,Consumer,62
3418,Boston,Corporate,35
3419,New York,Consumer,45
3420,Chicago,Home Office,61
3421,Seattle,Consumer,26
3422,San Diego,Consumer,36
3423,Seattle,Consumer,41
3424,Austin,Consumer,18
3425,Seattle,Corporate,26
3426,Boston,Corporate,49
3427,Austin,Consumer,31
3428,Boston,Consumer,30
3429,San Diego,Corporate,33
3430,Chicago,Corporate,24
3431,Chicago,Consumer,51
3432,San Diego,Consumer,31
3433,Chicago,Consumer,51
3434,Austin,Consumer,61
3435,Chicago,Corporate,42
3436,Seattle,Consumer,65
3437,Chicago,Consumer,28
3438,Seattle,Corporate,68
3439,Boston,Consumer,34
3440,San Diego,Consumer,33
3441,Boston,Consumer,68
3442,New York,Home Office,41
3443,Austin,Corporate,56
3444,Chicago,Consumer,59
3445,Boston,Corporate,41
3446,San Diego,Consumer,34
3447,Chicago,Consumer,43
3448,Seattle,Consumer,38
3449,Seattle,Consumer,39
3450,Austin,Consumer,30
3451,Austin,Home Office,65
3452,New York,Consumer,47
3453,Austin,Corporate,59
3454,Austin,Corporate,52
3455,San Diego,Consumer,36
3456,Boston,Consumer,34
3457,San Diego,Consumer,69
3458,New York,Consumer,19
3459,Boston,Consumer,33
3460,Austin,Home Office,56
3461,Austin,Home Office,46
3462,Boston,Consumer,50
3463,Boston,Consumer,19
3464,New York,Consumer,29
3465,Austin,Home Office,49
3466,San Diego,Consumer,34
3467,Seattle,Consumer,42
3468,Chicago,Corporate,67
3469,Seattle,Consumer,51
3470,Boston,Consumer,50
3471,Chicago,Corporate,28
3472,San Diego,Consumer,48
3473,San Diego,Consumer,67
3474,Boston,Consumer,51
3475,Chicago,Consumer,58
3476,Chicago,Home Office,67
3477,Seattle,Consumer,64
3478,Seattle,Corporate,35
3479,Austin,Consumer,33
3480,San Diego,Corporate,32
3481,San Diego,Home Office,58
3482,Chicago,Consumer,37
3483,San Diego,Home Office,60
3484,Chicago,Corporate,59
3485,Austin,Corporate,52
3486,New York,Consumer,24
3487,Austin,Corporate,55
3488,Boston,Consumer,28
3489,Austin,Home Office,46
3490,San Diego,Home Office,29
3491,New York,Consumer,21
3492,Seattle,Home Office,51
3493,Austin,Home Office,41
3494,San Diego,Consumer,51
3495,Boston,Consumer,43
3496,Seattle,Consumer,37
3497,New York,Consumer,18
3498,Austin,Consumer,32
3499,New York,Home Office,63
3500,Austin,Consumer,57
3501,New York,Corporate,42
3502,Seattle,Corporate,19
3503,Chicago,Corporate,69
3504,Chicago,Consumer,56
3505,New York,Consumer,19
3506,Boston,Corporate,28
3507,Boston,Consumer,26
3508,San Diego,Consumer,64
3509,New York,Corporate,67
3510,Austin,Consumer,39
3511,Boston,Consumer,27
3512,Seattle,Consumer,51
3513,New York,Consumer,32
3514,New York,Corporate,24
3515,Chicago,Consumer,31
3516,Boston,Home Office,31
3517,Chicago,Home Office,20
3518,Boston,Consumer,54
3519,San Diego,Consumer,36
3520,Boston,Consumer,46
3521,San Diego,Home Office,46
3522,Chicago,Corporate,58
3523,San Diego,Consumer,57
3524,Chicago,Consumer,47
3525,Chicago,Consumer,61
3526,Chicago,Consumer,47
3527,New York,Consumer,19
3528,New York,Consumer,62
3529,Chicago,Corporate,58
3530,New York,Consumer,40
3531,Austin,Consumer,38
3532,New York,Corporate,64
3533,New York,Home Office,40
3534,Boston,Consumer,37
3535,New York,Home Office,56
3536,New York,Consumer,35
3537,New York,Home Office,39
3538,New York,Consumer,58
3539,Seattle,Corporate,29
3540,San Diego,Consumer,18
3541,San Diego,Home Office,35
3542,Seattle,Home Office,26
3543,New York,Consumer,36
3544,San Diego,Consumer,21
3545,New York,Consumer,48
3546,Seattle,Consumer,44
3547,Austin,Corporate,32
3548,Boston,Corporate,50
3549,Chicago,Consumer,25
3550,Seattle,Consumer,18
3551,Austin,Home Office,42
3552,Seattle,Consumer,26
3553,Boston,Corporate,62
3554,San Diego,Consumer,33
3555,Austin,Consumer,40
3556,Austin,Consumer,33
3557,San Diego,Consumer,40
3558,Austin,Corporate,23
3559,Chicago,Consumer,66
3560,Austin,Corporate,26
3561,New York,Corporate,38
3562,Chicago,Consumer,62
3563,Austin,Consumer,40
3564,San Diego,Corporate,54
3565,San Diego,Corporate,21
3566,Chicago,Consumer,33
3567,Austin,Consumer,57
3568,New York,Corporate,31
3569,San Diego,Consumer,39
3570,Chicago,Corporate,22
3571,San Diego,Consumer,44
3572,Boston,Corporate,36
3573,San Diego,Consumer,62
3574,Chicago,Corporate,38
3575,Boston,Consumer,61
3576,San Diego,Consumer,65
3577,Seattle,Consumer,61
3578,Boston,Corporate,56
3579,Boston,Consumer,48
3580,New York,Consumer,42
3581,Boston,Corporate,22
3582,San Diego,Consumer,25
3583,Chicago,Consumer,37
3584,Chicago,Corporate,52
3585,San Diego,Corporate,18
3586,Chicago,Home Office,66
3587,Austin,Consumer,69
3588,San Diego,Consumer,22
3589,Seattle,Corporate,23
3590,Boston,Consumer,62
3591,New York,Corporate,28
3592,Chicago,Consumer,27
3593,Boston,Home Office,27
3594,Seattle,Corporate,54
3595,Chicago,Consumer,24
3596,Chicago,Consumer,27
3597,Austin,Consumer,38
3598,Seattle,Consumer,49
3599,Chicago,Corporate,69
3600,Seattle,Consumer,30
3601,Austin,Consumer,31
3602,Seattle,Consumer,46
3603,New York,Corporate,39
3604,Seattle,Consumer,49
3605,Boston,Consumer,30
3606,New York,Home Office,50
3607,Chicago,Consumer,66
3608,San Diego,Consumer,53
3609,Seattle,Home Office,56
3610,San Diego,Consumer,21
3611,Seattle,Home Office,64
3612,San Diego,Corporate,54
3613,Seattle,Corporate,50
3614,New York,Consumer,26
3615,San Diego,Consumer,46
3616,Austin,Consumer,53
3617,New York,Consumer,50
3618,Austin,Consumer,24
3619,Austin,Consumer,20
3620,New York,Corporate,42
3621,Boston,Consumer,55
3622,Chicago,Corporate,38
3623,Chicago,Home Office,53
3624,Austin,Corporate,68
3625,San Diego,Corporate,64
3626,San Diego,Corporate,50
3627,San Diego,Consumer,55
3628,Chicago,Consumer,22
3629,Boston,Home Office,22
3630,San Diego,Corporate,54
3631,Austin,Corporate,59
3632,Seattle,Home Office,28
3633,New York,Consumer,48
3634,San Diego,Consumer,32
3635,Boston,Corporate,23
3636,Austin,Consumer,37
3637,Seattle,Consumer,41
3638,Austin,Corporate,58
3639,New York,Corporate,62
3640,Seattle,Consumer,67
3641,San Diego,Corporate,23
3642,Boston,Consumer,66
3643,Boston,Home Office,44
3644,Austin,Consumer,26
3645,Boston,Home Office,51
3646,Seattle,Consumer,21
3647,Seattle,Consumer,42
3648,Seattle,Consumer,61
3649,Boston,Consumer,68
3650,San Diego,Consumer,32
3651,New York,Corporate,27
3652,New York,Corporate,48
3653,Austin,Consumer,26
3654,Seattle,Corporate,68
3655,San Diego,Home Office,35
3656,Austin,Corporate,27
3657,Seattle,Consumer,30
3658,Boston,Consumer,37
3659,Austin,Home Office,56
3660,Austin,Consumer,63
3661,Seattle,Consumer,56
3662,Austin,Corporate,51
3663,Boston,Consumer,32
3664,Boston,Corporate,66
3665,Seattle,Consumer,69
3666,Austin,Corporate,50
3667,Seattle,Home Office,58
3668,Chicago,Home Office,33
3669,Austin,Home Office,41
3670,Chicago,Home Office,59
3671,New York,Consumer,40
3672,New York,Home Office,57
3673,Seattle,Home Office,62
3674,New York,Consumer,66
3675,Seattle,Consumer,33
3676,Austin,Consumer,42
3677,Austin,Consumer,38
3678,San Diego,Corporate,44
3679,Seattle,Consumer,56
3680,San Diego,Consumer,34
3681,San Diego,Consumer,30
3682,New York,Consumer,31
3683,Chicago,Home Office,57
3684,Seattle,Consumer,69
3685,Boston,Consumer,23
3686,New York,Consumer,68
3687,New York,Home Office,19
3688,Boston,Home Office,45
3689,Boston,Consumer,24
3690,Chicago,Consumer,67
3691,Austin,Consumer,57
3692,Seattle,Consumer,36
3693,Chicago,Corporate,53
3694,Chicago,Consumer,62
3695,Austin,Consumer,29
3696,Seattle,Consumer,51
3697,Chicago,Consumer,33
3698,Austin,Consumer,55
3699,Chicago,Consumer,47
3700,San Diego,Consumer,55
3701,New York,Consumer,51
3702,Chicago,Consumer,51
3703,Chicago,Home Office,22
3704,Boston,Consumer,62
3705,Boston,Consumer,26
3706,Seattle,Consumer,38
3707,New York,Corporate,44
3708,San Diego,Home Office,62
3709,Austin,Corporate,50
3710,Boston,Corporate,27
3711,Austin,Corporate,32
3712,Boston,Consumer,28
3713,San Diego,Home Office,48
3714,Chicago,Corporate,55
3715,San Diego,Consumer,54
3716,Chicago,Consumer,57
3717,Austin,Consumer,54
3718,Chicago,Consumer,64
3719,San Diego,Corporate,65
3720,Chicago,Consumer,32
3721,Seattle,Corporate,33
3722,Seattle,Home Office,20
3723,San Diego,Consumer,31
3724,Boston,Consumer,44
3725,New York,Corporate,52
3726,Boston,Corporate,63
3727,New York,Consumer,48
3728,Seattle,Consumer,68
3729,Austin,Corporate,46
3730,Seattle,Home Office,62
3731,San Diego,Consumer,60
3732,Boston,Consumer,43
3733,Austin,Home Office,63
3734,Boston,Consumer,62
3735,Chicago,Consumer,34
3736,Chicago,Consumer,29
3737,Austin,Consumer,24
3738,Seattle,Consumer,65
3739,San Diego,Corporate,40
3740,San Diego,Corporate,47
3741,Chicago,Consumer,32
3742,Chicago,Consumer,38
3743,Boston,Consumer,38
3744,Austin,Corporate,48
3745,Chicago,Corporate,27
3746,Boston,Corporate,58
3747,Austin,Corporate,38
3748,Boston,Home Office,30
3749,Boston,Corporate,18
3750,Boston,Consumer,23
3751,Seattle,Home Office,31
3752,San Diego,Home Office,56
3753,Boston,Consumer,62
3754,Chicago,Consumer,67
3755,New York,Corporate,33
3756,Chicago,Consumer,51
3757,Seattle,Corporate,31
3758,Seattle,Consumer,25
3759,New York,Consumer,46
3760,Seattle,Consumer,51
3761,Chicago,Home Office,57
3762,Seattle,Consumer,24
3763,Seattle,Corporate,56
3764,Seattle,Consumer,33
3765,Austin,Consumer,32
3766,Austin,Consumer,19
3767,San Diego,Consumer,28
3768,San Diego,Corporate,43
3769,San Diego,Corporate,27
3770,Austin,Consumer,34
3771,Austin,Consumer,45
3772,Chicago,Corporate,23
3773,Seattle,Corporate,63
3774,New York,Consumer,34
3775,Austin,Corporate,57
3776,Chicago,Consumer,51
3777,Seattle,Consumer,57
3778,Boston,Corporate,33
3779,Boston,Corporate,26
3780,Austin,Corporate,25
3781,New York,Consumer,29
3782,Chicago,Consumer,46
3783,New York,Corporate,50
3784,San Diego,Consumer,57
3785,Boston,Consumer,68
3786,Seattle,Corporate,61
3787,Chicago,Consumer,36
3788,New York,Consumer,42
3789,Boston,Consumer,67
3790,Chicago,Home Office,54
3791,New York,Consumer,39
3792,Chicago,Consumer,61
3793,Chicago,Consumer,25
3794,Seattle,Consumer,52
3795,Boston,Consumer,67
3796,Chicago,Corporate,45
3797,San Diego,Consumer,49
3798,New York,Consumer,21
3799,New York,Consumer,49
3800,New York,Consumer,33
3801,Boston,Consumer,69
3802,Seattle,Corporate,34
3803,San Diego,Corporate,34
3804,New York,Corporate,38
3805,New York,Consumer,54
3806,Boston,Home Office,67
3807,New York,Corporate,36
3808,New York,Consumer,28
3809,Seattle,Consumer,57
3810,Seattle,Corporate,46
3811,Chicago,Consumer,41
3812,Austin,Consumer,69
3813,San Diego,Corporate,43
3814,Austin,Consumer,50
3815,Austin,Home Office,69
3816,New York,Consumer,28
3817,Austin,Consumer,64
3818,San Diego,Consumer,67
3819,Seattle,Consumer,42
3820,Boston,Home Office,35
3821,New York,Corporate,26
3822,New York,Home Office,20
3823,Seattle,Consumer,69
3824,Chicago,Consumer,40
3825,Seattle,Consumer,52
3826,Boston,Consumer,30
3827,Austin,Home Office,34
3828,Seattle,Consumer,60
3829,San Diego,Consumer,52
3830,New York,Consumer,29
3831,Boston,Corporate,18
3832,Chicago,Consumer,60
3833,San Diego,Corporate,22
3834,Seattle,Corporate,19
3835,New York,Corporate,33
3836,San Diego,Consumer,66
3837,Chicago,Consumer,51
3838,Seattle,Consumer,20
3839,Boston,Home Office,65
3840,Boston,Home Office,66
3841,Boston,Consumer,54
3842,Austin,Consumer,21
3843,Seattle,Consumer,18
3844,Chicago,Corporate,63
3845,Boston,Consumer,60
3846,Austin,Consumer,61
3847,San Diego,Corporate,43
3848,Austin,Consumer,48
3849,San Diego,Consumer,27
3850,Chicago,Consumer,19
3851,San Diego,Consumer,29
3852,New York,Corporate,50
3853,New York,Consumer,38
3854,Austin,Consumer,50
3855,Austin,Consumer,40
3856,San Diego,Consumer,46
3857,Austin,Corporate,67
3858,New York,Corporate,50
3859,Chicago,Consumer,67
3860,Austin,Consumer,68
3861,Seattle,Consumer,50
3862,Seattle,Consumer,69
3863,Chicago,Consumer,30
3864,Seattle,Home Office,45
3865,Seattle,Consumer,21
3866,San Diego,Consumer,22
3867,Seattle,Consumer,24
3868,San Diego,Corporate,24
3869,Chicago,Consumer,39
3870,San Diego,Home Office,55
3871,New York,Consumer,69
3872,New York,Corporate,69
3873,Boston,Corporate,27
3874,Austin,Consumer,40
3875,Seattle,Consumer,40
3876,Seattle,Consumer,23
3877,San Diego,Corporate,20
3878,Chicago,Home Office,36
3879,Chicago,Consumer,62
3880,New York,Consumer,38
3881,Boston,Consumer,37
3882,Chicago,Consumer,69
3883,Seattle,Corporate,37
3884,Austin,Consumer,53
3885,New York,Consumer,69
3886,Austin,Home Office,24
3887,New York,Corporate,44
3888,Chicago,Corporate,35
3889,New York,Consumer,24
3890,San Diego,Home Office,20
3891,Seattle,Consumer,51
3892,Boston,Consumer,51
3893,Austin,Consumer,47
3894,Chicago,Home Office,52
3895,Seattle,Consumer,55
3896,Boston,Corporate,20
3897,Seattle,Corporate,19
3898,New York,Corporate,35
3899,Chicago,Corporate,47
3900,Boston,Home Office,64
3901,Seattle,Consumer,68
3902,Boston,Consumer,60
3903,Seattle,Corporate,33
3904,New York,Consumer,47
3905,Boston,Consumer,24
3906,San Diego,Corporate,43
3907,San Diego,Consumer,23
3908,Boston,Corporate,69
3909,Chicago,Consumer,41
3910,Boston,Home Office,55
3911,Chicago,Consumer,23
3912,Boston,Corporate,67
3913,Chicago,Home Office,45
3914,Seattle,Consumer,21
3915,San Diego,Consumer,37
3916,New York,Consumer,29
3917,New York,Consumer,21
3918,Boston,Consumer,19
3919,New York,Consumer,55
3920,Seattle,Home Office,63
3921,Boston,Consumer,52
3922,Seattle,Consumer,54
3923,Austin,Consumer,19
3924,Austin,Consumer,27
3925,Seattle,Consumer,19
3926,Seattle,Home Office,68
3927,Seattle,Corporate,56
3928,New York,Consumer,67
3929,Seattle,Corporate,65
3930,San Diego,Consumer,29
3931,San Diego,Consumer,44
3932,New York,Corporate,51
3933,San Diego,Consumer,56
3934,San Diego,Consumer,52
3935,Chicago,Home Office,41
3936,Boston,Consumer,18
3937,Seattle,Consumer,66
3938,Austin,Consumer,53
3939,San Diego,Corporate,61
3940,Seattle,Corporate,29
3941,Seattle,Home Office,23
3942,Chicago,Consumer,64
3943,Boston,Corporate,59
3944,Boston,Consumer,61
3945,New York,Consumer,40
3946,San Diego,Consumer,65
3947,New York,Corporate,29
3948,Austin,Consumer,57
3949,Boston,Corporate,43
3950,Chicago,Consumer,26
3951,Austin,Consumer,55
3952,Chicago,Home Office,36
3953,San Diego,Corporate,26
3954,Austin,Consumer,54
3955,Seattle,Corporate,58
3956,Boston,Consumer,34
3957,Seattle,Corporate,68
3958,San Diego,Consumer,54
3959,New York,Consumer,19
3960,Chicago,Consumer,35
3961,Boston,Consumer,68
3962,Boston,Consumer,27
3963,Seattle,Consumer,67
3964,Austin,Home Office,44
3965,Chicago,Consumer,53
3966,Boston,Consumer,53
3967,San Diego,Consumer,44
3968,Chicago,Corporate,44
3969,Seattle,Consumer,47
3970,Seattle,Consumer,51
3971,Austin,Corporate,56
3972,Boston,Consumer,40
3973,New York,Home Office,40
3974,Chicago,Consumer,58
3975,New York,Corporate,57
3976,San Diego,Consumer,51
3977,Seattle,Corporate,41
3978,Boston,Corporate,47
3979,Seattle,Consumer,47
3980,New York,Consumer,40
3981,Austin,Consumer,27
3982,New York,Consumer,45
3983,San Diego,Home Office,41
3984,San Diego,Consumer,20
3985,Boston,Corporate,67
3986,Austin,Home Office,52
3987,Chicago,Corporate,23
3988,New York,Corporate,28
3989,Austin,Consumer,47
3990,Austin,Consumer,62
3991,San Diego,Consumer,43
3992,San Diego,Consumer,60
3993,New York,Consumer,24
3994,Chicago,Consumer,45
3995,Seattle,Consumer,61
3996,Austin,Consumer,62
3997,New York,Consumer,30
3998,Boston,Consumer,52
3999,San Diego,Consumer,20
4000,Seattle,Consumer,25
4001,Chicago,Corporate,64
4002,Boston,Corporate,56
4003,New York,Consumer,28
4004,Austin,Consumer,69
4005,San Diego,Consumer,69
4006,Boston,Consumer,20
4007,Chicago,Consumer,19
4008,Seattle,Home Office,30
4009,Chicago,Consumer,59
4010,New York,Consumer,49
4011,Austin,Corporate,44
4012,Boston,Consumer,39
4013,San Diego,Consumer,42
4014,Austin,Consumer,51
4015,Chicago,Home Office,21
4016,New York,Consumer,48
4017,Chicago,Corporate,29
4018,New York,Corporate,58
4019,Chicago,Consumer,28
4020,San Diego,Corporate,21
4021,New York,Consumer,40
4022,New York,Consumer,40
4023,Seattle,Consumer,44
4024,Chicago,Home Office,62
4025,Austin,Consumer,54
4026,New York,Consumer,36
4027,Chicago,Home Office,55
4028,Austin,Consumer,44
4029,San Diego,Home Office,29
4030,Austin,Corporate,19
4031,Seattle,Consumer,18
4032,Seattle,Corporate,29
4033,Chicago,Corporate,60
4034,Chicago,Consumer,42
4035,Austin,Home Office,41
4036,New York,Home Office,38
4037,San Diego,Home Office,31
4038,Seattle,Corporate,55
4039,Chicago,Consumer,18
4040,Austin,Consumer,49
4041,Chicago,Consumer,66
4042,Seattle,Consumer,63
4043,San Diego,Corporate,37
4044,New York,Corporate,62
4045,Austin,Consumer,30
4046,New York,Consumer,30
4047,Austin,Corporate,35
4048,Chicago,Consumer,18
4049,Austin,Home Office,31
4050,Austin,Corporate,62
4051,Chicago,Consumer,57
4052,Austin,Consumer,35
4053,San Diego,Corporate,34
4054,San Diego,Consumer,36
4055,New York,Corporate,24
4056,Austin,Consumer,26
4057,Boston,Consumer,69
4058,Seattle,Consumer,54
4059,Chicago,Corporate,53
4060,Seattle,Home Office,32
4061,New York,Home Office,62
4062,New York,Consumer,27
4063,Seattle,Corporate,68
4064,Seattle,Consumer,44
4065,San Diego,Consumer,35
4066,Austin,Home Office,57
4067,Boston,Consumer,39
4068,Austin,Home Office,32
4069,San Diego,Consumer,53
4070,New York,Consumer,55
4071,New York,Consumer,49
4072,San Diego,Home Office,42
4073,Boston,Consumer,35
4074,Boston,Corporate,38
4075,Chicago,Consumer,63
4076,New York,Corporate,36
4077,Boston,Consumer,68
4078,Seattle,Consumer,25
4079,Chicago,Corporate,26
4080,San Diego,Corporate,35
4081,Boston,Consumer,18
4082,Chicago,Consumer,63
4083,San Diego,Consumer,35
4084,San Diego,Home Office,23
4085,Seattle,Corporate,50
4086,Seattle,Corporate,67
4087,Chicago,Corporate,69
4088,Boston,Corporate,23
4089,Boston,Consumer,59
4090,Boston,Consumer,36
4091,San Diego,Corporate,61
4092,New York,Consumer,49
4093,Austin,Consumer,56
4094,Austin,Corporate,61
4095,Boston,Home Office,64
4096,Seattle,Corporate,25
4097,Seattle,Consumer,55
4098,New York,Home Office,25
4099,San Diego,Consumer,67
4100,Austin,Consumer,50
4101,New York,Home Office,28
4102,Boston,Corporate,33
4103,Chicago,Home Office,64
4104,New York,Corporate,51
4105,New York,Corporate,29
4106,Austin,Consumer,60
4107,New York,Consumer,55
4108,Boston,Home Office,21
4109,Seattle,Home Office,32
4110,Chicago,Consumer,61
4111,New York,Consumer,36
4112,Austin,Consumer,19
4113,New York,Consumer,49
4114,Boston,Home Office,64
4115,Chicago,Consumer,46
4116,Austin,Consumer,68
4117,New York,Home Office,23
4118,New York,Consumer,52
4119,Chicago,Consumer,51
4120,New York,Consumer,69
4121,San Diego,Consumer,45
4122,Boston,Consumer,60
4123,Boston,Consumer,25
4124,Chicago,Consumer,20
4125,San Diego,Consumer,55
4126,Seattle,Consumer,18
4127,New York,Consumer,63
4128,New York,Home Office,19
4129,Seattle,Consumer,53
4130,Austin,Consumer,41
4131,New York,Home Office,51
4132,Boston,Consumer,50
4133,San Diego,Consumer,41
4134,Seattle,Corporate,43
4135,Boston,Consumer,44
4136,Boston,Consumer,53
4137,Boston,Corporate,54
4138,Chicago,Corporate,41
4139,Boston,Consumer,36
4140,Seattle,Consumer,20
4141,San Diego,Consumer,58
4142,Boston,Corporate,29
4143,New York,Consumer,40
4144,Austin,Consumer,69
4145,New York,Consumer,58
4146,Chicago,Home Office,35
4147,Austin,Consumer,42
4148,Boston,Consumer,34
4149,Boston,Consumer,50
4150,Austin,Corporate,25
4151,Chicago,Consumer,67
4152,Seattle,Home Office,69
4153,Boston,Consumer,33
4154,Boston,Consumer,29
4155,Chicago,Consumer,46
4156,Chicago,Consumer,51
4157,San Diego,Consumer,51
4158,Chicago,Corporate,20
4159,Chicago,Consumer,54
4160,New York,Corporate,21
4161,Austin,Consumer,35
4162,Austin,Consumer,55
4163,Seattle,Consumer,64
4164,Chicago,Consumer,51
4165,San Diego,Consumer,26
4166,San Diego,Home Office,53
4167,Austin,Home Office,19
4168,Chicago,Corporate,30
4169,Seattle,Home Office,24
4170,San Diego,Consumer,69
4171,Austin,Consumer,37
4172,Chicago,Consumer,47
4173,Seattle,Home Office,59
4174,Austin,Consumer,68
4175,Austin,Consumer,69
4176,Austin,Corporate,26
4177,Chicago,Consumer,38
4178,San Diego,Corporate,39
4179,Austin,Consumer,59
4180,Austin,Corporate,35
4181,Seattle,Home Office,30
4182,Austin,Corporate,57
4183,New York,Consumer,43
4184,Boston,Consumer,56
4185,New York,Consumer,37
4186,Seattle,Consumer,43
4187,Chicago,Consumer,18
4188,Chicago,Consumer,18
4189,New York,Consumer,18
4190,Boston,Consumer,27
4191,Austin,Home Office,36
4192,Austin,Consumer,20
4193,San Diego,Consumer,26
4194,New York,Consumer,62
4195,Seattle,Consumer,62
4196,Austin,Home Office,33
4197,Seattle,Consumer,67
4198,New York,Corporate,24
4199,Boston,Corporate,19
4200,Chicago,Corporate,36
4201,San Diego,Corporate,31
4202,San Diego,Corporate,22
4203,Austin,Consumer,62
4204,New York,Consumer,68
4205,Chicago,Corporate,32
4206,San Diego,Consumer,34
4207,Boston,Consumer,55
4208,Boston,Consumer,66
4209,Chicago,Consumer,32
4210,Seattle,Consumer,53
4211,New York,Consumer,19
4212,San Diego,Consumer,47
4213,Austin,Consumer,69
4214,San Diego,Consumer,42
4215,San Diego,Corporate,51
4216,Boston,Consumer,53
4217,Austin,Corporate,50
4218,Austin,Consumer,53
4219,Seattle,Consumer,64
4220,New York,Corporate,18
4221,New York,Corporate,63
4222,Seattle,Corporate,65
4223,San Diego,Corporate,65
4224,Seattle,Corporate,37
4225,San Diego,Corporate,48
4226,Chicago,Corporate,36
4227,Austin,Corporate,61
4228,Seattle,Consumer,39
4229,Austin,Consumer,34
4230,New York,Consumer,53
4231,New York,Consumer,20
4232,Boston,Corporate,37
4233,Seattle,Consumer,28
4234,Chicago,Consumer,37
4235,Chicago,Corporate,41
4236,New York,Consumer,21
4237,Boston,Corporate,62
4238,New York,Consumer,39
4239,San Diego,Consumer,36
4240,Chicago,Consumer,25
4241,Austin,Consumer,69
4242,Chicago,Consumer,62
4243,San Diego,Consumer,43
4244,New York,Consumer,35
4245,Austin,Consumer,42
4246,Chicago,Corporate,67
4247,Chicago,Consumer,29
4248,Chicago,Consumer,53
4249,Boston,Consumer,64
4250,Austin,Home Office,57
4251,Austin,Corporate,63
4252,Austin,Home Office,67
4253,Boston,Home Office,21
4254,Austin,Consumer,30
4255,Austin,Corporate,25
4256,Chicago,Consumer,47
4257,Chicago,Home Office,39
4258,New York,Consumer,20
4259,Seattle,Consumer,46
4260,New York,Home Office,23
4261,Chicago,Corporate,39
4262,Chicago,Home Office,37
4263,Chicago,Consumer,64
4264,San Diego,Consumer,53
4265,Seattle,Consumer,50
4266,Boston,Consumer,61
4267,Austin,Consumer,27
4268,Boston,Consumer,31
4269,New York,Corporate,57
4270,Seattle,Consumer,56
4271,San Diego,Corporate,19
4272,Seattle,Home Office,29
4273,Boston,Corporate,29
4274,Chicago,Consumer,18
4275,New York,Consumer,52
4276,San Diego,Consumer,20
4277,New York,Corporate,61
4278,San Diego,Consumer,48
4279,San Diego,Consumer,57
4280,Boston,Home Office,43
4281,Austin,Corporate,68
4282,Boston,Corporate,32
4283,Chicago,Consumer,47
4284,Austin,Home Office,18
4285,New York,Consumer,61
4286,San Diego,Consumer,47
4287,San Diego,Home Office,27
4288,San Diego,Home Office,60
4289,San Diego,Consumer,69
4290,Chicago,Consumer,21
4291,New York,Consumer,61
4292,Boston,Corporate,56
4293,Austin,Corporate,36
4294,New York,Consumer,50
4295,Boston,Consumer,58
4296,Boston,Corporate,42
4297,Austin,Corporate,52
4298,San Diego,Consumer,20
4299,New York,Consumer,66
4300,New York,Home Office,66
4301,Chicago,Consumer,28
4302,Seattle,Consumer,42
4303,New York,Corporate,30
4304,New York,Consumer,38
4305,San Diego,Home Office,32
4306,San Diego,Corporate,62
4307,San Diego,Consumer,54
4308,San Diego,Consumer,61
4309,San Diego,Corporate,59
4310,Seattle,Consumer,55
4311,Seattle,Consumer,26
4312,Boston,Consumer,61
4313,Austin,Consumer,58
4314,New York,Home Office,24
4315,San Diego,Corporate,22
4316,Chicago,Corporate,57
4317,Boston,Consumer,38
4318,Austin,Consumer,35
4319,Boston,Home Office,38
4320,New York,Consumer,63
4321,Seattle,Corporate,36
4322,Austin,Consumer,37
4323,Austin,Consumer,38
4324,Chicago,Consumer,20
4325,Boston,Consumer,19
4326,Austin,Consumer,39
4327,Boston,Consumer,18
4328,Austin,Consumer,57
4329,New York,Consumer,40
4330,Boston,Home Office,44
4331,Chicago,Consumer,35
4332,Chicago,Corporate,57
4333,Boston,Consumer,40
4334,Boston,Consumer,19
4335,Boston,Consumer,43
4336,Austin,Home Office,27
4337,San Diego,Corporate,48
4338,Chicago,Home Office,47
4339,San Diego,Consumer,42
4340,Seattle,Corporate,38
4341,New York,Corporate,48
4342,Austin,Home Office,53
4343,Austin,Consumer,63
4344,Chicago,Home Office,68
4345,Austin,Consumer,22
4346,Seattle,Corporate,52
4347,New York,Consumer,22
4348,New York,Consumer,39
4349,San Diego,Consumer,56
4350,Austin,Corporate,46
4351,Seattle,Consumer,60
4352,Seattle,Consumer,65
4353,Seattle,Consumer,68
4354,Austin,Corporate,52
4355,Austin,Consumer,53
4356,San Diego,Corporate,59
4357,Boston,Consumer,30
4358,Chicago,Corporate,33
4359,San Diego,Corporate,35
4360,Boston,Corporate,56
4361,New York,Corporate,36
4362,San Diego,Consumer,25
4363,Austin,Consumer,59
4364,Boston,Corporate,56
4365,Seattle,Consumer,48
4366,Boston,Consumer,63
4367,New York,Corporate,59
4368,New York,Consumer,64
4369,Boston,Consumer,31
4370,Seattle,Home Office,24
4371,Seattle,Consumer,35
4372,Chicago,Consumer,61
4373,Chicago,Consumer,66
4374,San Diego,Consumer,23
4375,Chicago,Corporate,62
4376,Seattle,Corporate,42
4377,Chicago,Consumer,60
4378,Chicago,Consumer,53
4379,New York,Consumer,21
4380,Boston,Consumer,43
4381,Boston,Corporate,22
4382,New York,Corporate,35
4383,Austin,Consumer,57
4384,Seattle,Corporate,53
4385,Austin,Corporate,54
4386,San Diego,Consumer,52
4387,Chicago,Corporate,18
4388,New York,Corporate,48
4389,Austin,Consumer,43
4390,Seattle,Consumer,45
4391,Chicago,Corporate,29
4392,San Diego,Home Office,54
4393,New York,Consumer,49
4394,New York,Consumer,38
4395,Seattle,Corporate,20
4396,Seattle,Consumer,21
4397,Chicago,Consumer,36
4398,Chicago,Consumer,45
4399,New York,Home Office,69
4400,Seattle,Corporate,55
4401,Austin,Home Office,43
4402,New York,Consumer,33
4403,Austin,Consumer,26
4404,Boston,Consumer,25
4405,Chicago,Consumer,21
4406,Boston,Consumer,65
4407,Chicago,Corporate,18
4408,Chicago,Corporate,62
4409,Chicago,Corporate,48
4410,Chicago,Consumer,50
4411,New York,Consumer,67
4412,Seattle,Consumer,58
4413,Austin,Consumer,25
4414,San Diego,Consumer,68
4415,Austin,Consumer,27
4416,Austin,Home Office,47
4417,Austin,Consumer,51
4418,New York,Consumer,30
4419,San Diego,Consumer,50
4420,New York,Corporate,51
4421,San Diego,Consumer,68
4422,Boston,Consumer,65
4423,San Diego,Consumer,38
4424,Austin,Consumer,53
4425,Chicago,Corporate,60
4426,Boston,Consumer,19
4427,Chicago,Consumer,53
4428,Austin,Corporate,65
4429,San Diego,Consumer,24
4430,Boston,Corporate,57
4431,Boston,Consumer,21
4432,New York,Corporate,38
4433,Boston,Consumer,60
4434,New York,Consumer,69
4435,Seattle,Consumer,55
4436,Boston,Home Office,55
4437,Seattle,Consumer,31
4438,Boston,Home Office,60
4439,Austin,Home Office,52
4440,Chicago,Consumer,67
4441,Chicago,Consumer,49
4442,Austin,Consumer,20
4443,San Diego,Home Office,44
4444,Austin,Corporate,58
4445,San Diego,Consumer,58
4446,Austin,Consumer,38
4447,Chicago,Corporate,26
4448,Chicago,Consumer,63
4449,Seattle,Consumer,60
4450,Boston,Consumer,63
4451,Boston,Consumer,52
4452,Chicago,Home Office,61
4453,Austin,Corporate,38
4454,San Diego,Consumer,58
4455,Seattle,Consumer,43
4456,New York,Corporate,59
4457,Seattle,Consumer,25
4458,New York,Consumer,33
4459,New York,Consumer,29
4460,Seattle,Corporate,39
4461,New York,Home Office,60
4462,Austin,Corporate,23
4463,Seattle,Consumer,55
4464,Seattle,Corporate,61
4465,Austin,Consumer,52
4466,New York,Home Office,51
4467,San Diego,Consumer,25
4468,Boston,Consumer,49
4469,Boston,Consumer,29
4470,San Diego,Consumer,30
4471,Austin,Consumer,62
4472,Boston,Consumer,49
4473,Austin,Corporate,69
4474,New York,Corporate,41
4475,Boston,Consumer,36
4476,Chicago,Consumer,69
4477,Boston,Consumer,50
4478,Austin,Consumer,62
4479,Boston,Consumer,20
4480,Seattle,Home Office,45
4481,Austin,Home Office,60
4482,Chicago,Consumer,60
4483,Boston,Corporate,55
4484,New York,Corporate,26
4485,Austin,Consumer,46
4486,Austin,Corporate,23
4487,Seattle,Consumer,59
4488,Chicago,Consumer,50
4489,Seattle,Home Office,28
4490,Austin,Corporate,55
4491,Chicago,Consumer,55
4492,Chicago,Consumer,20
4493,San Diego,Home Office,22
4494,Chicago,Consumer,28
4495,Chicago,Home Office,21
4496,Seattle,Home Office,45
4497,Chicago,Consumer,63
4498,Austin,Corporate,21
4499,Chicago,Corporate,49
4500,Austin,Corporate,40
4501,San Diego,Consumer,61
4502,Seattle,Consumer,43
4503,Boston,Consumer,52
4504,San Diego,Corporate,65
4505,New York,Corporate,25
4506,Austin,Corporate,34
4507,Chicago,Consumer,32
4508,Seattle,Consumer,26
4509,Chicago,Consumer,51
4510,Boston,Corporate,18
4511,Chicago,Consumer,38
4512,Seattle,Corporate,24
4513,New York,Consumer,49
4514,Boston,Consumer,57
4515,Boston,Home Office,42
4516,San Diego,Consumer,41
4517,Austin,Consumer,41
4518,New York,Corporate,28
4519,San Diego,Consumer,37
4520,Austin,Home Office,66
4521,Boston,Home Office,20
4522,San Diego,Corporate,58
4523,Seattle,Consumer,26
4524,Boston,Consumer,23
4525,San Diego,Home Office,32
4526,Austin,Consumer,31
4527,New York,Home Office,34
4528,New York,Corporate,62
4529,Austin,Consumer,65
4530,Seattle,Consumer,54
4531,New York,Corporate,25
4532,New York,Consumer,67
4533,San Diego,Consumer,62
4534,San Diego,Corporate,21
4535,New York,Consumer,38
4536,Seattle,Consumer,58
4537,New York,Corporate,22
4538,San Diego,Corporate,21
4539,Boston,Consumer,49
4540,Boston,Home Office,35
4541,Seattle,Home Office,40
4542,Seattle,Consumer,57
4543,Boston,Consumer,46
4544,Seattle,Corporate,54
4545,Austin,Consumer,24
4546,San Diego,Corporate,18
4547,Seattle,Consumer,31
4548,Boston,Consumer,28
4549,Seattle,Consumer,34
4550,Boston,Consumer,58
4551,New York,Home Office,25
4552,New York,Consumer,24
4553,New York,Home Office,28
4554,Seattle,Consumer,34
4555,San Diego,Corporate,28
4556,Chicago,Home Office,27
4557,New York,Consumer,48
4558,Boston,Consumer,23
4559,San Diego,Corporate,26
4560,Seattle,Corporate,61
4561,Austin,Consumer,18
4562,Austin,Consumer,21
4563,New York,Corporate,21
4564,Chicago,Consumer,45
4565,Boston,Corporate,54
4566,Austin,Consumer,54
4567,San Diego,Consumer,53
4568,San Diego,Corporate,20
4569,Chicago,Consumer,35
4570,Chicago,Home Office,50
4571,San Diego,Consumer,53
4572,New York,Consumer,35
4573,Austin,Consumer,62
4574,Boston,Consumer,61
4575,San Diego,Corporate,57
4576,San Diego,Corporate,59
4577,New York,Corporate,68
4578,Chicago,Consumer,59
4579,Chicago,Consumer,48
4580,Chicago,Consumer,38
4581,Chicago,Corporate,36
4582,Boston,Consumer,60
4583,New York,Consumer,33
4584,San Diego,Consumer,50
4585,Seattle,Consumer,44
4586,Seattle,Corporate,37
4587,Chicago,Corporate,41
4588,Chicago,Home Office,22
4589,Seattle,Consumer,54
4590,Chicago,Consumer,21
4591,San Diego,Consumer,21
4592,New York,Corporate,31
4593,New York,Corporate,45
4594,San Diego,Consumer,33
4595,Seattle,Corporate,63
4596,New York,Consumer,66
4597,Boston,Consumer,38
4598,New York,Consumer,69
4599,Boston,Consumer,22
4600,San Diego,Home Office,25
4601,Boston,Corporate,36
4602,Boston,Corporate,67
4603,Chicago,Home Office,44
4604,San Diego,Corporate,54
4605,Chicago,Consumer,51
4606,Austin,Consumer,43
4607,Chicago,Consumer,66
4608,Austin,Home Office,67
4609,Boston,Home Office,41
4610,Austin,Corporate,55
4611,New York,Consumer,50
4612,Chicago,Consumer,48
4613,San Diego,Home Office,23
4614,Seattle,Consumer,28
4615,Seattle,Consumer,69
4616,Austin,Consumer,30
4617,Chicago,Consumer,51
4618,Seattle,Corporate,65
4619,Seattle,Home Office,49
4620,Boston,Corporate,29
4621,Seattle,Consumer,62
4622,Boston,Consumer,19
4623,San Diego,Home Office,55
4624,New York,Consumer,31
4625,Austin,Consumer,51
4626,Austin,Corporate,42
4627,New York,Consumer,47
4628,Chicago,Consumer,37
4629,San Diego,Home Office,45
4630,Austin,Corporate,66
4631,New York,Consumer,60
4632,Chicago,Consumer,39
4633,Chicago,Home Office,66
4634,Chicago,Corporate,64
4635,New York,Corporate,50
4636,San Diego,Consumer,48
4637,San Diego,Home Office,19
4638,Austin,Home Office,45
4639,Seattle,Consumer,29
4640,Boston,Consumer,26
4641,Boston,Corporate,62
4642,New York,Corporate,32
4643,Boston,Corporate,50
4644,New York,Home Office,63
4645,New York,Corporate,49
4646,Austin,Consumer,58
4647,San Diego,Consumer,58
4648,New York,Corporate,41
4649,Chicago,Consumer,65
4650,Chicago,Consumer,65
4651,Austin,Corporate,35
4652,Boston,Consumer,60
4653,Chicago,Corporate,27
4654,Chicago,Consumer,23
4655,New York,Consumer,45
4656,Chicago,Consumer,49
4657,New York,Corporate,48
4658,Seattle,Corporate,59
4659,Austin,Consumer,38
4660,Austin,Consumer,60
4661,San Diego,Consumer,64
4662,Seattle,Corporate,22
4663,New York,Home Office,41
4664,Austin,Corporate,29
4665,Chicago,Consumer,52
4666,San Diego,Corporate,39
4667,Chicago,Consumer,32
4668,New York,Consumer,31
4669,San Diego,Consumer,36
4670,Austin,Consumer,23
4671,New York,Consumer,23
4672,San Diego,Corporate,50
4673,Chicago,Consumer,67
4674,Boston,Corporate,44
4675,San Diego,Home Office,66
4676,Austin,Consumer,26
4677,Seattle,Consumer,68
4678,Seattle,Corporate,48
4679,Seattle,Consumer,56
4680,New York,Consumer,21
4681,Chicago,Consumer,49
4682,Chicago,Corporate,37
4683,San Diego,Corporate,64
4684,New York,Corporate,59
4685,Seattle,Corporate,62
4686,San Diego,Consumer,64
4687,Boston,Corporate,55
4688,Chicago,Home Office,30
4689,New York,Consumer,32
4690,San Diego,Home Office,62
4691,New York,Home Office,49
4692,New York,Consumer,64
4693,Boston,Consumer,59
4694,Boston,Consumer,49
4695,San Diego,Corporate,25
4696,Boston,Consumer,69
4697,New York,Consumer,30
4698,New York,Corporate,30
4699,Chicago,Home Office,25
4700,New York,Corporate,21
4701,Boston,Corporate,37
4702,New York,Consumer,61
4703,Seattle,Consumer,63
4704,Boston,Corporate,43
4705,San Diego,Consumer,34
4706,Chicago,Consumer,36
4707,Austin,Home Office,65
4708,Seattle,Consumer,20
4709,San Diego,Corporate,20
4710,Austin,Corporate,21
4711,Chicago,Corporate,64
4712,San Diego,Consumer,22
4713,Boston,Consumer,66
4714,Austin,Consumer,27
4715,New York,Corporate,46
4716,Seattle,Consumer,68
4717,Boston,Consumer,24
4718,Boston,Corporate,32
4719,Austin,Consumer,55
4720,New York,Consumer,60
4721,Seattle,Consumer,65
4722,San Diego,Consumer,19
4723,Boston,Consumer,58
4724,New York,Consumer,34
4725,Chicago,Home Office,47
4726,Austin,Home Office,65
4727,New York,Corporate,64
4728,Boston,Corporate,27
4729,New York,Corporate,42
4730,Seattle,Home Office,32
4731,Boston,Consumer,49
4732,San Diego,Consumer,60
4733,San Diego,Corporate,34
4734,Chicago,Home Office,24
4735,San Diego,Consumer,21
4736,Austin,Consumer,20
4737,New York,Consumer,37
4738,Austin,Consumer,68
4739,Austin,Corporate,31
4740,Seattle,Consumer,39
4741,Chicago,Home Office,53
4742,Austin,Corporate,52
4743,Austin,Consumer,32
4744,Chicago,Corporate,24
4745,San Diego,Corporate,26
4746,Chicago,Consumer,29
4747,San Diego,Consumer,22
4748,Chicago,Corporate,41
4749,Boston,Consumer,51
4750,Austin,Consumer,53
4751,New York,Consumer,65
4752,New York,Consumer,33
4753,San Diego,Corporate,52
4754,Boston,Consumer,64
4755,Chicago,Corporate,19
4756,Seattle,Consumer,58
4757,Seattle,Corporate,22
4758,New York,Consumer,46
4759,Austin,Home Office,61
4760,San Diego,Home Office,41
4761,Boston,Consumer,47
4762,Boston,Corporate,50
4763,New York,Consumer,48
4764,Chicago,Corporate,56
4765,Austin,Corporate,62
4766,New York,Consumer,25
4767,Seattle,Consumer,39
4768,New York,Consumer,62
4769,New York,Corporate,37
4770,New York,Corporate,43
4771,Chicago,Consumer,56
4772,San Diego,Consumer,66
4773,Chicago,Consumer,31
4774,Boston,Consumer,67
4775,Chicago,Consumer,54
4776,New York,Consumer,19
4777,Austin,Home Office,62
4778,San Diego,Consumer,37
4779,New York,Corporate,32
4780,New York,Consumer,45
4781,Boston,Consumer,47
4782,Seattle,Corporate,46
4783,Austin,Consumer,20
4784,San Diego,Consumer,60
4785,Boston,Home Office,35
4786,Austin,Home Office,25
4787,Seattle,Corporate,47
4788,New York,Consumer,50
4789,Chicago,Consumer,23
4790,Seattle,Consumer,67
4791,Chicago,Home Office,49
4792,Boston,Corporate,69
4793,Boston,Consumer,52
4794,Chicago,Home Office,18
4795,Austin,Consumer,28
4796,Chicago,Consumer,68
4797,Seattle,Consumer,47
4798,New York,Consumer,24
4799,Austin,Home Office,21
4800,Seattle,Home Office,45
4801,Seattle,Consumer,48
4802,Seattle,Consumer,30
4803,Chicago,Consumer,28
4804,San Diego,Consumer,49
4805,San Diego,Consumer,40
4806,San Diego,Consumer,19
4807,Austin,Consumer,20
4808,Boston,Consumer,30
4809,Austin,Consumer,47
4810,San Diego,Home Office,33
4811,Chicago,Consumer,18
4812,Chicago,Consumer,65
4813,Seattle,Consumer,54
4814,Seattle,Corporate,48
4815,San Diego,Consumer,30
4816,Chicago,Consumer,54
4817,Boston,Corporate,67
4818,Chicago,Corporate,53
4819,Seattle,Consumer,33
4820,Boston,Consumer,38
4821,Seattle,Home Office,66
4822,San Diego,Consumer,18
4823,Boston,Consumer,29
4824,Boston,Consumer,23
4825,Austin,Consumer,51
4826,Austin,Corporate,41
4827,Chicago,Corporate,24
4828,Seattle,Consumer,66
4829,Boston,Corporate,46
4830,Austin,Consumer,30
4831,Austin,Corporate,67
4832,New York,Consumer,54
4833,Austin,Consumer,24
4834,Chicago,Corporate,60
4835,Boston,Consumer,21
4836,Seattle,Consumer,65
4837,New York,Consumer,38
4838,New York,Corporate,33
4839,Boston,Consumer,20
4840,Boston,Corporate,66
4841,San Diego,Corporate,47
4842,New York,Corporate,49
4843,New York,Consumer,62
4844,Chicago,Corporate,44
4845,San Diego,Consumer,33
4846,San Diego,Home Office,58
4847,Boston,Corporate,45
4848,New York,Consumer,30
4849,New York,Corporate,61
4850,Boston,Consumer,60
4851,Boston,Consumer,30
4852,San Diego,Consumer,51
4853,New York,Corporate,65
4854,New York,Corporate,59
4855,New York,Home Office,28
4856,San Diego,Consumer,62
4857,Boston,Corporate,20
4858,Seattle,Corporate,50
4859,Chicago,Corporate,44
4860,San Diego,Consumer,19
4861,New York,Consumer,55
4862,San Diego,Corporate,33
4863,Boston,Consumer,62
4864,San Diego,Consumer,63
4865,Boston,Consumer,48
4866,Seattle,Consumer,50
4867,Austin,Consumer,20
4868,Chicago,Consumer,64
4869,Boston,Corporate,53
4870,San Diego,Home Office,37
4871,Chicago,Consumer,22
4872,Boston,Consumer,44
4873,New York,Corporate,64
4874,Seattle,Consumer,62
4875,Chicago,Home Office,23
4876,Seattle,Consumer,57
4877,Austin,Consumer,22
4878,Austin,Consumer,37
4879,San Diego,Consumer,41
4880,San Diego,Corporate,19
4881,Austin,Consumer,25
4882,Boston,Home Office,63
4883,Austin,Corporate,50
4884,New York,Home Office,58
4885,New York,Home Office,47
4886,Chicago,Consumer,41
4887,San Diego,Consumer,18
4888,Seattle,Corporate,46
4889,Austin,Consumer,58
4890,Austin,Consumer,28
4891,Boston,Consumer,43
4892,Seattle,Consumer,39
4893,New York,Home Office,63
4894,New York,Consumer,26
4895,Austin,Corporate,23
4896,Austin,Home Office,28
4897,Boston,Consumer,26
4898,Seattle,Corporate,62
4899,San Diego,Consumer,31
4900,Seattle,Consumer,36
4901,Austin,Consumer,31
4902,Seattle,Consumer,60
4903,Seattle,Consumer,52
4904,San Diego,Consumer,42
4905,Chicago,Consumer,59
4906,Seattle,Consumer,21
4907,Chicago,Corporate,53
4908,San Diego,Consumer,36
4909,San Diego,Corporate,37
4910,Seattle,Home Office,26
4911,Boston,Corporate,23
4912,Seattle,Consumer,54
4913,New York,Corporate,62
4914,Seattle,Corporate,65
4915,San Diego,Home Office,30
4916,New York,Home Office,57
4917,New York,Consumer,23
4918,Chicago,Corporate,58
4919,Boston,Corporate,47
4920,Seattle,Consumer,62
4921,Boston,Consumer,21
4922,Boston,Corporate,58
4923,Seattle,Corporate,42
4924,San Diego,Consumer,47
4925,Chicago,Consumer,46
4926,New York,Consumer,55
4927,Austin,Consumer,49
4928,Seattle,Home Office,39
4929,Chicago,Home Office,40
4930,Chicago,Consumer,21
4931,New York,Consumer,55
4932,San Diego,Corporate,54
4933,Boston,Corporate,47
4934,San Diego,Consumer,55
4935,Austin,Consumer,31
4936,Seattle,Consumer,29
4937,Boston,Corporate,66
4938,Seattle,Corporate,67
4939,Chicago,Consumer,62
4940,Austin,Home Office,20
4941,San Diego,Corporate,46
4942,Austin,Home Office,56
4943,Boston,Consumer,19
4944,Boston,Consumer,68
4945,New York,Home Office,58
4946,San Diego,Home Office,34
4947,Austin,Home Office,44
4948,Seattle,Corporate,65
4949,Chicago,Consumer,62
4950,Austin,Consumer,60
4951,Chicago,Consumer,69
4952,New York,Home Office,56
4953,San Diego,Consumer,66
4954,New York,Corporate,67
4955,Austin,Home Office,19
4956,Chicago,Home Office,52
4957,New York,Home Office,35
4958,Austin,Consumer,43
4959,Boston,Consumer,26
4960,Boston,Home Office,53
4961,Austin,Consumer,61
4962,Seattle,Consumer,39
4963,Boston,Home Office,54
4964,Chicago,Corporate,34
4965,Boston,Consumer,56
4966,New York,Consumer,22
4967,Chicago,Consumer,63
4968,Austin,Home Office,37
4969,New York,Corporate,44
4970,San Diego,Consumer,59
4971,Boston,Consumer,19
4972,Austin,Home Office,67
4973,Boston,Home Office,49
4974,San Diego,Consumer,68
4975,San Diego,Corporate,46
4976,San Diego,Consumer,28
4977,Seattle,Consumer,48
4978,New York,Consumer,47
4979,Boston,Consumer,65
4980,Seattle,Consumer,47
4981,Boston,Consumer,39
4982,Boston,Consumer,27
4983,Chicago,Consumer,34
4984,Austin,Consumer,48
4985,Chicago,Corporate,37
4986,New York,Consumer,36
4987,Boston,Consumer,18
4988,Boston,Home Office,67
4989,Boston,Consumer,61
4990,Boston,Home Office,31
4991,Seattle,Corporate,25
4992,Seattle,Corporate,61
4993,Boston,Consumer,61
4994,Seattle,Consumer,64
4995,Seattle,Corporate,46
4996,Chicago,Corporate,56
4997,San Diego,Consumer,55
4998,San Diego,Corporate,29
4999,San Diego,Consumer,45
5000,Austin,Home Office,31
5001,Chicago,Corporate,57
5002,New York,Consumer,68
5003,Seattle,Home Office,21
5004,San Diego,Home Office,21
5005,San Diego,Corporate,31
5006,Boston,Consumer,24
5007,Austin,Corporate,18
5008,San Diego,Corporate,68
5009,San Diego,Consumer,48
5010,Chicago,Home Office,58
5011,Boston,Consumer,47
5012,New York,Home Office,56
5013,Seattle,Corporate,53
5014,Boston,Consumer,26
5015,Seattle,Home Office,25
5016,Boston,Consumer,43
5017,New York,Consumer,37
5018,Seattle,Consumer,61
5019,San Diego,Consumer,33
5020,Seattle,Corporate,35
5021,Boston,Consumer,45
5022,Austin,Home Office,28
5023,San Diego,Home Office,62
5024,Austin,Corporate,18
5025,Boston,Consumer,62
5026,New York,Corporate,50
5027,Chicago,Consumer,64
5028,New York,Corporate,33
5029,San Diego,Consumer,64
5030,Chicago,Home Office,62
5031,Chicago,Consumer,41
5032,Boston,Consumer,32
5033,Austin,Home Office,28
5034,New York,Consumer,25
5035,New York,Home Office,48
5036,Chicago,Home Office,67
5037,Boston,Consumer,47
5038,Seattle,Consumer,68
5039,Boston,Consumer,57
5040,Chicago,Corporate,53
5041,Austin,Home Office,55
5042,New York,Consumer,66
5043,Austin,Corporate,62
5044,Seattle,Consumer,26
5045,San Diego,Corporate,48
5046,Austin,Corporate,41
5047,San Diego,Home Office,63
5048,Seattle,Consumer,28
5049,Chicago,Consumer,60
5050,Boston,Consumer,42
5051,Austin,Consumer,66
5052,New York,Consumer,59
5053,Boston,Home Office,35
5054,Boston,Consumer,61
5055,New York,Consumer,27
5056,Boston,Corporate,18
5057,Boston,Consumer,44
5058,San Diego,Consumer,38
5059,Chicago,Home Office,24
5060,Seattle,Consumer,69
5061,Seattle,Consumer,20
5062,Seattle,Consumer,48
5063,Seattle,Consumer,31
5064,Seattle,Consumer,33
5065,Seattle,Consumer,28
5066,San Diego,Consumer,38
5067,Seattle,Home Office,52
5068,New York,Consumer,34
5069,New York,Consumer,55
5070,Boston,Consumer,41
5071,Boston,Home Office,58
5072,Seattle,Consumer,41
5073,Chicago,Home Office,37
5074,San Diego,Consumer,44
5075,New York,Home Office,53
5076,Austin,Consumer,42
5077,Chicago,Consumer,65
5078,New York,Consumer,44
5079,San Diego,Consumer,33
5080,Seattle,Corporate,19
5081,Chicago,Corporate,38
5082,Seattle,Corporate,20
5083,New York,Consumer,19
5084,Austin,Corporate,37
5085,Seattle,Consumer,33
5086,Austin,Home Office,64
5087,San Diego,Corporate,55
5088,Chicago,Consumer,59
5089,New York,Home Office,46
5090,Seattle,Consumer,23
5091,Boston,Consumer,62
5092,Austin,Consumer,43
5093,New York,Corporate,40
5094,Boston,Consumer,49
5095,Austin,Consumer,26
5096,Chicago,Corporate,43
5097,Seattle,Consumer,49
5098,Chicago,Corporate,54
5099,Boston,Consumer,44
5100,Chicago,Consumer,69
5101,Seattle,Home Office,69
5102,Seattle,Consumer,23
5103,Chicago,Corporate,22
5104,Austin,Corporate,44
5105,New York,Home Office,61
5106,Seattle,Consumer,44
5107,San Diego,Corporate,29
5108,Boston,Consumer,47
5109,Chicago,Consumer,67
5110,Chicago,Consumer,26
5111,Seattle,Consumer,41
5112,San Diego,Consumer,51
5113,Boston,Consumer,38
5114,New York,Consumer,20
5115,Chicago,Corporate,52
5116,Chicago,Consumer,56
5117,Chicago,Consumer,52
5118,Austin,Consumer,52
5119,Boston,Consumer,52
5120,New York,Corporate,35
5121,San Diego,Home Office,18
5122,Seattle,Consumer,69
5123,Seattle,Corporate,28
5124,San Diego,Consumer,61
5125,New York,Home Office,46
5126,San Diego,Consumer,46
5127,Chicago,Consumer,19
5128,Seattle,Consumer,69
5129,San Diego,Consumer,45
5130,Seattle,Corporate,61
5131,Chicago,Consumer,58
5132,Austin,Consumer,25
5133,Austin,Consumer,67
5134,New York,Home Office,48
5135,San Diego,Corporate,27
5136,New York,Home Office,48
5137,Austin,Home Office,50
5138,Seattle,Home Office,51
5139,New York,Consumer,34
5140,Boston,Consumer,66
5141,Austin,Consumer,30
5142,New York,Consumer,43
5143,Seattle,Corporate,61
5144,Seattle,Consumer,22
5145,Seattle,Consumer,38
5146,San Diego,Corporate,42
5147,Austin,Consumer,58
5148,San Diego,Consumer,58
5149,Austin,Consumer,59
5150,Seattle,Corporate,36
5151,New York,Consumer,43
5152,Seattle,Consumer,19
5153,Chicago,Consumer,60
5154,San Diego,Corporate,33
5155,San Diego,Consumer,42
5156,Boston,Consumer,53
5157,Boston,Home Office,58
5158,New York,Home Office,22
5159,New York,Consumer,57
5160,Boston,Consumer,37
5161,Austin,Consumer,39
5162,New York,Corporate,24
5163,Chicago,Consumer,55
5164,Boston,Home Office,42
5165,Austin,Corporate,23
5166,New York,Consumer,25
5167,San Diego,Consumer,55
5168,Chicago,Home Office,23
5169,Austin,Corporate,45
5170,New York,Corporate,54
5171,Seattle,Consumer,65
5172,Austin,Corporate,26
5173,Boston,Corporate,33
5174,Austin,Home Office,26
5175,Chicago,Consumer,63
5176,New York,Consumer,48
5177,Chicago,Consumer,69
5178,Austin,Corporate,20
5179,New York,Home Office,54
5180,Austin,Consumer,19
5181,Boston,Consumer,23
5182,San Diego,Consumer,40
5183,Seattle,Corporate,37
5184,Boston,Home Office,36
5185,San Diego,Consumer,21
5186,Seattle,Consumer,46
5187,Boston,Home Office,35
5188,New York,Consumer,69
5189,San Diego,Consumer,59
5190,Chicago,Consumer,40
5191,San Diego,Consumer,57
5192,Boston,Consumer,47
5193,Austin,Corporate,43
5194,New York,Consumer,65
5195,Austin,Corporate,48
5196,Austin,Corporate,43
5197,Boston,Consumer,47
5198,Boston,Consumer,58
5199,Seattle,Consumer,56
5200,Boston,Consumer,46
5201,Austin,Corporate,27
5202,Austin,Consumer,51
5203,Boston,Corporate,40
5204,San Diego,Consumer,66
5205,Seattle,Consumer,65
5206,Austin,Consumer,18
5207,San Diego,Consumer,69
5208,San Diego,Corporate,64
5209,Austin,Corporate,65
5210,New York,Consumer,43
5211,New York,Corporate,32
5212,New York,Corporate,49
5213,Austin,Consumer,63
5214,Seattle,Consumer,41
5215,San Diego,Consumer,69
5216,Chicago,Consumer,31
5217,San Diego,Home Office,62
5218,Seattle,Consumer,21
5219,New York,Consumer,61
5220,Austin,Corporate,67
5221,Chicago,Consumer,54
5222,Boston,Corporate,50
5223,Boston,Consumer,39
5224,San Diego,Consumer,63
5225,Seattle,Consumer,24
5226,Austin,Consumer,33
5227,Chicago,Consumer,24
5228,San Diego,Corporate,32
5229,New York,Corporate,45
5230,Chicago,Corporate,35
5231,New York,Consumer,39
5232,Austin,Home Office,30
5233,Chicago,Consumer,36
5234,Chicago,Corporate,43
5235,Austin,Corporate,29
5236,Boston,Consumer,66
5237,Seattle,Consumer,64
5238,San Diego,Corporate,63
5239,Boston,Corporate,18
5240,Boston,Consumer,43
5241,Austin,Corporate,59
5242,Boston,Consumer,36
5243,Boston,Consumer,30
5244,Boston,Corporate,49
5245,Austin,Corporate,18
5246,Chicago,Consumer,49
5247,Seattle,Consumer,41
5248,Boston,Consumer,53
5249,Boston,Consumer,53
5250,Seattle,Consumer,45
5251,New York,Consumer,48
5252,Austin,Corporate,19
5253,San Diego,Consumer,69
5254,Seattle,Consumer,21
5255,Austin,Consumer,68
5256,Austin,Consumer,68
5257,New York,Consumer,55
5258,Chicago,Consumer,56
5259,San Diego,Consumer,19
5260,Chicago,Consumer,67
5261,Boston,Consumer,45
5262,New York,Home Office,35
5263,Seattle,Consumer,52
5264,Austin,Consumer,45
5265,San Diego,Consumer,36
5266,Boston,Consumer,34
5267,Seattle,Consumer,24
5268,Seattle,Corporate,65
5269,San Diego,Consumer,52
5270,Seattle,Consumer,32
5271,Chicago,Consumer,55
5272,Austin,Consumer,54
5273,Chicago,Home Office,25
5274,Austin,Consumer,27
5275,Seattle,Consumer,30
5276,Chicago,Consumer,23
5277,Chicago,Consumer,60
5278,San Diego,Consumer,26
5279,Austin,Consumer,60
5280,Chicago,Consumer,45
5281,San Diego,Consumer,24
5282,San Diego,Corporate,61
5283,San Diego,Consumer,27
5284,San Diego,Consumer,69
5285,Boston,Home Office,18
5286,Seattle,Consumer,50
5287,Chicago,Home Office,34
5288,Boston,Home Office,45
5289,Chicago,Consumer,61
5290,Chicago,Consumer,58
5291,San Diego,Corporate,32
5292,Boston,Consumer,21
5293,Austin,Consumer,32
5294,San Diego,Consumer,60
5295,Boston,Consumer,44
5296,San Diego,Home Office,57
5297,New York,Corporate,43
5298,Seattle,Home Office,45
5299,Chicago,Corporate,21
5300,Boston,Corporate,19
5301,New York,Consumer,54
5302,Boston,Home Office,28
5303,Chicago,Home Office,36
5304,Austin,Corporate,37
5305,Chicago,Corporate,50
5306,San Diego,Consumer,66
5307,Austin,Consumer,57
5308,San Diego,Home Office,51
5309,New York,Consumer,61
5310,Austin,Consumer,44
5311,Boston,Consumer,25
5312,Boston,Consumer,43
5313,Chicago,Consumer,68
5314,Austin,Consumer,58
5315,Austin,Consumer,36
5316,Seattle,Consumer,34
5317,Seattle,Consumer,65
5318,New York,Consumer,22
5319,San Diego,Corporate,66
5320,Chicago,Consumer,53
5321,Chicago,Consumer,60
5322,Boston,Consumer,35
5323,San Diego,Consumer,51
5324,Austin,Home Office,34
5325,Boston,Consumer,18
5326,Austin,Consumer,41
5327,Seattle,Corporate,68
5328,Chicago,Consumer,30
5329,Chicago,Corporate,26
5330,Austin,Home Office,65
5331,Seattle,Corporate,65
5332,San Diego,Home Office,62
5333,Austin,Consumer,68
5334,Boston,Consumer,69
5335,Seattle,Consumer,65
5336,New York,Consumer,68
5337,San Diego,Consumer,56
5338,Seattle,Consumer,34
5339,Austin,Consumer,41
5340,Austin,Consumer,37
5341,Chicago,Corporate,44
5342,Seattle,Consumer,54
5343,Seattle,Consumer,30
5344,Austin,Consumer,18
5345,Chicago,Corporate,49
5346,Austin,Consumer,69
5347,Austin,Corporate,62
5348,Austin,Consumer,18
5349,Chicago,Consumer,49
5350,Seattle,Home Office,45
5351,Chicago,Consumer,40
5352,Seattle,Consumer,52
5353,New York,Consumer,40
5354,Austin,Consumer,65
5355,San Diego,Consumer,65
5356,San Diego,Consumer,51
5357,San Diego,Consumer,41
5358,San Diego,Home Office,49
5359,New York,Consumer,64
5360,Austin,Consumer,33
5361,Seattle,Corporate,63
5362,San Diego,Consumer,48
5363,Seattle,Home Office,21
5364,Boston,Consumer,56
5365,Chicago,Corporate,28
5366,New York,Home Office,44
5367,New York,Consumer,67
5368,Seattle,Corporate,58
5369,Seattle,Corporate,54
5370,Chicago,Corporate,21
5371,San Diego,Consumer,62
5372,San Diego,Consumer,35
5373,Austin,Consumer,20
5374,Chicago,Home Office,67
5375,San Diego,Consumer,27
5376,San Diego,Consumer,34
5377,Chicago,Home Office,25
5378,Chicago,Consumer,50
5379,Austin,Consumer,63
5380,Seattle,Consumer,45
5381,New York,Corporate,63
5382,Boston,Consumer,66
5383,Austin,Consumer,63
5384,Austin,Consumer,26
5385,New York,Consumer,28
5386,Boston,Consumer,33
5387,Chicago,Consumer,51
5388,Boston,Corporate,62
5389,Austin,Consumer,34
5390,Boston,Consumer,52
5391,Chicago,Consumer,27
5392,New York,Consumer,46
5393,San Diego,Corporate,58
5394,San Diego,Consumer,38
5395,Seattle,Home Office,26
5396,New York,Corporate,39
5397,Boston,Corporate,57
5398,Austin,Corporate,66
5399,Boston,Consumer,50
5400,Boston,Home Office,52
5401,Boston,Corporate,39
5402,San Diego,Consumer,66
5403,San Diego,Consumer,63
5404,Seattle,Consumer,68
5405,New York,Corporate,62
5406,Austin,Consumer,46
5407,San Diego,Corporate,67
5408,San Diego,Consumer,49
5409,Seattle,Consumer,49
5410,San Diego,Consumer,52
5411,New York,Consumer,27
5412,Austin,Consumer,61
5413,Seattle,Corporate,36
5414,Boston,Consumer,52
5415,Chicago,Home Office,61
5416,Chicago,Corporate,23
5417,Austin,Corporate,33
5418,Chicago,Consumer,67
5419,Seattle,Corporate,36
5420,Seattle,Home Office,52
5421,San Diego,Corporate,47
5422,Boston,Consumer,63
5423,New York,Corporate,44
5424,Chicago,Consumer,40
5425,Chicago,Consumer,18
5426,Chicago,Corporate,42
5427,San Diego,Corporate,48
5428,New York,Consumer,53
5429,New York,Consumer,58
5430,Boston,Home Office,58
5431,Boston,Consumer,41
5432,Chicago,Consumer,22
5433,Chicago,Corporate,31
5434,Seattle,Corporate,39
5435,Seattle,Consumer,68
5436,Boston,Consumer,58
5437,Austin,Consumer,64
5438,New York,Consumer,69
5439,Austin,Corporate,24
5440,Seattle,Corporate,18
5441,Seattle,Consumer,47
5442,Seattle,Consumer,31
5443,Boston,Consumer,63
5444,San Diego,Consumer,42
5445,Chicago,Consumer,18
5446,Austin,Consumer,29
5447,San Diego,Corporate,35
5448,Austin,Consumer,19
5449,Austin,Corporate,34
5450,Chicago,Consumer,46
5451,Chicago,Corporate,64
5452,San Diego,Home Office,51
5453,Boston,Consumer,22
5454,San Diego,Consumer,39
5455,Chicago,Corporate,57
5456,New York,Consumer,37
5457,New York,Consumer,47
5458,Austin,Consumer,69
5459,Seattle,Home Office,25
5460,Boston,Consumer,42
5461,Boston,Consumer,49
5462,New York,Consumer,59
5463,San Diego,Corporate,61
5464,Chicago,Consumer,32
5465,Chicago,Home Office,42
5466,Seattle,Corporate,61
5467,New York,Consumer,61
5468,Austin,Consumer,60
5469,Seattle,Corporate,52
5470,Chicago,Corporate,31
5471,Seattle,Consumer,37
5472,Austin,Consumer,52
5473,San Diego,Consumer,31
5474,Chicago,Consumer,53
5475,New York,Consumer,44
5476,Seattle,Consumer,41
5477,Chicago,Consumer,36
5478,San Diego,Home Office,58
5479,New York,Corporate,42
5480,Seattle,Corporate,33
5481,Boston,Corporate,37
5482,New York,Corporate,43
5483,Chicago,Consumer,50
5484,Boston,Corporate,69
5485,Seattle,Consumer,35
5486,Chicago,Consumer,27
5487,Chicago,Home Office,68
5488,San Diego,Home Office,25
5489,Boston,Consumer,64
5490,Austin,Corporate,25
5491,Austin,Consumer,36
5492,San Diego,Consumer,69
5493,Chicago,Consumer,26
5494,Chicago,Consumer,26
5495,San Diego,Corporate,49
5496,Chicago,Consumer,27
5497,San Diego,Consumer,19
5498,Austin,Home Office,54
5499,Boston,Consumer,67
5500,New York,Consumer,57
5501,Boston,Consumer,68
5502,Chicago,Consumer,45
5503,New York,Consumer,49
5504,San Diego,Corporate,69
5505,Seattle,Home Office,44
5506,Boston,Consumer,20
5507,New York,Consumer,30
5508,New York,Consumer,50
5509,Seattle,Home Office,62
5510,Boston,Consumer,49
5511,Austin,Consumer,39
5512,San Diego,Home Office,34
5513,Boston,Consumer,53
5514,Boston,Consumer,64
5515,Seattle,Consumer,32
5516,San Diego,Consumer,46
5517,Seattle,Home Office,40
5518,San Diego,Consumer,30
5519,Seattle,Consumer,39
5520,Seattle,Consumer,22
5521,Austin,Consumer,45
5522,Seattle,Consumer,23
5523,San Diego,Home Office,42
5524,Boston,Consumer,64
5525,Seattle,Home Office,25
5526,New York,Corporate,31
5527,Seattle,Consumer,55
5528,Chicago,Corporate,65
5529,New York,Corporate,67
5530,New York,Corporate,24
5531,Seattle,Consumer,30
5532,Boston,Consumer,69
5533,Seattle,Consumer,44
5534,Austin,Corporate,61
5535,New York,Consumer,18
5536,San Diego,Consumer,24
5537,New York,Consumer,28
5538,Boston,Consumer,22
5539,San Diego,Corporate,64
5540,Boston,Corporate,59
5541,Chicago,Corporate,38
5542,New York,Consumer,22
5543,Chicago,Consumer,23
5544,San Diego,Corporate,31
5545,Chicago,Consumer,55
5546,Boston,Corporate,59
5547,New York,Consumer,46
5548,New York,Consumer,65
5549,Chicago,Consumer,66
5550,San Diego,Corporate,57
5551,Seattle,Consumer,22
5552,Austin,Home Office,64
5553,Seattle,Consumer,65
5554,Seattle,Consumer,47
5555,Seattle,Corporate,49
5556,Seattle,Consumer,58
5557,New York,Consumer,48
5558,Chicago,Home Office,35
5559,Seattle,Corporate,54
5560,New York,Consumer,58
5561,Austin,Corporate,25
5562,New York,Consumer,53
5563,San Diego,Consumer,27
5564,New York,Consumer,47
5565,New York,Consumer,23
5566,Seattle,Consumer,69
5567,Chicago,Consumer,52
5568,Austin,Corporate,42
5569,Chicago,Consumer,44
5570,Chicago,Consumer,50
5571,San Diego,Corporate,24
5572,San Diego,Home Office,44
5573,Chicago,Consumer,55
5574,San Diego,Home Office,31
5575,San Diego,Corporate,42
5576,Seattle,Consumer,35
5577,Seattle,Consumer,26
5578,Boston,Consumer,68
5579,Austin,Corporate,48
5580,Austin,Consumer,38
5581,Seattle,Consumer,35
5582,Boston,Corporate,53
5583,San Diego,Consumer,23
5584,New York,Consumer,47
5585,Austin,Home Office,29
5586,San Diego,Home Office,64
5587,Chicago,Corporate,58
5588,Boston,Consumer,57
5589,San Diego,Consumer,25
5590,Boston,Consumer,22
5591,New York,Consumer,41
5592,Seattle,Consumer,36
5593,Seattle,Home Office,55
5594,Seattle,Corporate,55
5595,Boston,Consumer,38
5596,Austin,Consumer,26
5597,Seattle,Consumer,34
5598,San Diego,Consumer,44
5599,San Diego,Corporate,31
5600,San Diego,Consumer,34
5601,Austin,Corporate,30
5602,Boston,Consumer,21
5603,New York,Consumer,49
5604,Austin,Home Office,69
5605,Seattle,Consumer,67
5606,New York,Consumer,66
5607,Austin,Corporate,52
5608,Seattle,Consumer,56
5609,Seattle,Consumer,21
5610,New York,Consumer,28
5611,Chicago,Consumer,54
5612,Chicago,Consumer,69
5613,Seattle,Consumer,65
5614,Chicago,Corporate,50
5615,Seattle,Home Office,23
5616,San Diego,Consumer,68
5617,San Diego,Consumer,34
5618,Chicago,Consumer,20
5619,Boston,Consumer,57
5620,New York,Consumer,27
5621,New York,Corporate,33
5622,New York,Consumer,53
5623,Chicago,Consumer,68
5624,Boston,Corporate,65
5625,Chicago,Corporate,26
5626,San Diego,Consumer,27
5627,Austin,Consumer,60
5628,New York,Home Office,34
5629,Austin,Consumer,22
5630,New York,Corporate,48
5631,Austin,Corporate,52
5632,Seattle,Consumer,69
5633,Seattle,Consumer,43
5634,Chicago,Consumer,59
5635,San Diego,Consumer,45
5636,Seattle,Consumer,66
5637,Chicago,Corporate,43
5638,Austin,Corporate,53
5639,New York,Home Office,68
5640,Boston,Home Office,63
5641,San Diego,Corporate,38
5642,Chicago,Consumer,44
5643,San Diego,Consumer,48
5644,San Diego,Corporate,24
5645,Seattle,Consumer,30
5646,New York,Consumer,54
5647,Boston,Consumer,21
5648,Boston,Consumer,49
5649,Boston,Consumer,43
5650,Boston,Corporate,43
5651,Boston,Consumer,61
5652,San Diego,Consumer,32
5653,New York,Consumer,59
5654,Austin,Consumer,58
5655,Chicago,Consumer,69
5656,Chicago,Consumer,60
5657,San Diego,Consumer,44
5658,San Diego,Corporate,36
5659,Seattle,Consumer,58
5660,San Diego,Home Office,66
5661,New York,Corporate,32
5662,Chicago,Consumer,37
5663,Boston,Consumer,43
5664,Austin,Consumer,23
5665,Seattle,Corporate,34
5666,Austin,Corporate,26
5667,Chicago,Corporate,58
5668,San Diego,Home Office,43
5669,San Diego,Consumer,49
5670,San Diego,Corporate,22
5671,Austin,Consumer,47
5672,Seattle,Corporate,55
5673,Boston,Consumer,53
5674,Seattle,Corporate,59
5675,Austin,Consumer,23
5676,Chicago,Consumer,46
5677,Seattle,Consumer,43
5678,Austin,Home Office,64
5679,Seattle,Consumer,53
5680,New York,Consumer,67
5681,Chicago,Consumer,19
5682,San Diego,Consumer,41
5683,Austin,Home Office,54
5684,Austin,Home Office,22
5685,Seattle,Corporate,51
5686,Austin,Corporate,30
5687,San Diego,Consumer,21
5688,Chicago,Consumer,52
5689,San Diego,Consumer,40
5690,Chicago,Corporate,39
5691,Austin,Consumer,34
5692,Seattle,Corporate,53
5693,Boston,Consumer,50
5694,Chicago,Consumer,52
5695,Seattle,Consumer,58
5696,New York,Corporate,49
5697,New York,Corporate,21
5698,San Diego,Consumer,26
5699,San Diego,Corporate,69
5700,Austin,Corporate,32
5701,Seattle,Consumer,40
5702,Austin,Corporate,37
5703,Chicago,Consumer,69
5704,Austin,Consumer,60
5705,Chicago,Consumer,43
5706,San Diego,Consumer,53
5707,Austin,Consumer,46
5708,Chicago,Consumer,51
5709,Seattle,Consumer,67
5710,San Diego,Corporate,52
5711,Chicago,Corporate,23
5712,Boston,Consumer,44
5713,Austin,Consumer,60
5714,Seattle,Consumer,20
5715,Boston,Corporate,36
5716,Austin,Home Office,28
5717,Chicago,Consumer,55
5718,San Diego,Corporate,25
5719,New York,Consumer,50
5720,Austin,Home Office,21
5721,Boston,Consumer,66
5722,Austin,Consumer,34
5723,San Diego,Consumer,39
5724,Seattle,Consumer,58
5725,Chicago,Consumer,37
5726,Chicago,Consumer,23
5727,Seattle,Consumer,65
5728,New York,Corporate,23
5729,Austin,Corporate,43
5730,Austin,Consumer,24
5731,Boston,Home Office,54
5732,New York,Consumer,32
5733,Boston,Home Office,66
5734,Austin,Consumer,28
5735,Seattle,Corporate,52
5736,Seattle,Home Office,18
5737,Chicago,Corporate,23
5738,Boston,Corporate,32
5739,Chicago,Consumer,63
5740,New York,Corporate,69
5741,San Diego,Consumer,49
5742,Seattle,Consumer,35
5743,Boston,Home Office,34
5744,Austin,Consumer,28
5745,New York,Consumer,35
5746,New York,Home Office,43
5747,Austin,Consumer,53
5748,Chicago,Consumer,29
5749,Boston,Consumer,19
5750,New York,Corporate,47
5751,Boston,Home Office,30
5752,Chicago,Consumer,38
5753,New York,Corporate,55
5754,Chicago,Consumer,64
5755,New York,Corporate,45
5756,Austin,Corporate,66
5757,Chicago,Home Office,31
5758,Seattle,Consumer,55
5759,Seattle,Consumer,68
5760,New York,Consumer,29
5761,New York,Consumer,56
5762,New York,Consumer,42
5763,Chicago,Consumer,63
5764,New York,Consumer,33
5765,Chicago,Home Office,67
5766,Seattle,Consumer,59
5767,Chicago,Consumer,54
5768,Chicago,Corporate,19
5769,Austin,Consumer,22
5770,Seattle,Consumer,52
5771,Chicago,Consumer,42
5772,Chicago,Consumer,34
5773,Austin,Consumer,61
5774,New York,Corporate,43
5775,Austin,Consumer,41
5776,Boston,Consumer,34
5777,Austin,Consumer,69
5778,New York,Consumer,36
5779,San Diego,Consumer,31
5780,New York,Home Office,53
5781,Chicago,Consumer,19
5782,New York,Consumer,48
5783,Boston,Consumer,47
5784,Boston,Corporate,30
5785,Seattle,Corporate,57
5786,Seattle,Consumer,20
5787,Seattle,Corporate,69
5788,Seattle,Consumer,62
5789,Seattle,Corporate,27
5790,Boston,Consumer,43
5791,San Diego,Corporate,28
5792,New York,Corporate,50
5793,Austin,Corporate,36
5794,Boston,Consumer,43
5795,Austin,Corporate,67
5796,Chicago,Corporate,50
5797,Boston,Consumer,63
5798,Seattle,Consumer,50
5799,Seattle,Consumer,42
5800,Austin,Consumer,18
5801,New York,Corporate,22
5802,Austin,Consumer,45
5803,Austin,Corporate,44
5804,Boston,Corporate,44
5805,Chicago,Corporate,61
5806,New York,Corporate,22
5807,Austin,Corporate,52
5808,Boston,Consumer,56
5809,Austin,Consumer,51
5810,Austin,Corporate,30
5811,San Diego,Home Office,39
5812,Seattle,Consumer,20
5813,Chicago,Home Office,27
5814,Boston,Home Office,59
5815,Seattle,Consumer,50
5816,New York,Corporate,62
5817,Austin,Corporate,53
5818,Boston,Consumer,30
5819,Austin,Consumer,60
5820,Seattle,Consumer,53
5821,Seattle,Corporate,27
5822,San Diego,Consumer,18
5823,Boston,Corporate,57
5824,New York,Corporate,55
5825,Seattle,Corporate,22
5826,Seattle,Consumer,42
5827,New York,Consumer,65
5828,San Diego,Consumer,59
5829,New York,Consumer,60
5830,Austin,Consumer,38
5831,Chicago,Consumer,24
5832,New York,Consumer,36
5833,San Diego,Consumer,53
5834,Chicago,Consumer,61
5835,Chicago,Consumer,51
5836,Boston,Home Office,20
5837,Boston,Consumer,48
5838,New York,Home Office,27
5839,Chicago,Corporate,49
5840,San Diego,Consumer,39
5841,San Diego,Home Office,45
5842,Boston,Home Office,49
5843,Seattle,Corporate,51
5844,New York,Consumer,18
5845,Boston,Consumer,68
5846,New York,Consumer,47
5847,New York,Corporate,44
5848,San Diego,Consumer,37
5849,Seattle,Consumer,23
5850,New York,Consumer,50
5851,Chicago,Consumer,36
5852,Seattle,Consumer,65
5853,Chicago,Consumer,52
5854,San Diego,Home Office,40
5855,Austin,Consumer,19
5856,Seattle,Consumer,46
5857,Austin,Consumer,61
5858,Austin,Consumer,42
5859,Austin,Corporate,51
5860,San Diego,Consumer,24
5861,Seattle,Home Office,39
5862,Seattle,Home Office,59
5863,Seattle,Corporate,40
5864,Chicago,Corporate,64
5865,Boston,Consumer,39
5866,Seattle,Consumer,60
5867,San Diego,Consumer,51
5868,Boston,Corporate,67
5869,Boston,Consumer,45
5870,San Diego,Consumer,42
5871,San Diego,Consumer,36
5872,Austin,Corporate,51
5873,San Diego,Corporate,68
5874,Chicago,Consumer,26
5875,San Diego,Consumer,66
5876,New York,Consumer,68
5877,Boston,Corporate,57
5878,Chicago,Consumer,48
5879,Seattle,Consumer,62
5880,New York,Corporate,31
5881,New York,Consumer,50
5882,Boston,Corporate,59
5883,Boston,Consumer,59
5884,Chicago,Home Office,48
5885,New York,Consumer,38
5886,San Diego,Consumer,67
5887,Boston,Home Office,53
5888,Chicago,Consumer,58
5889,Seattle,Corporate,50
5890,Chicago,Consumer,63
5891,San Diego,Consumer,42
5892,Austin,Consumer,46
5893,New York,Consumer,59
5894,Chicago,Corporate,44
5895,Seattle,Consumer,30
5896,San Diego,Consumer,57
5897,New York,Consumer,37
5898,Boston,Consumer,23
5899,Seattle,Consumer,37
5900,Boston,Home Office,20
5901,Boston,Consumer,63
5902,New York,Consumer,69
5903,New York,Consumer,31
5904,San Diego,Consumer,65
5905,Chicago,Consumer,54
5906,New York,Corporate,67
5907,Austin,Corporate,26
5908,Boston,Corporate,21
5909,San Diego,Consumer,65
5910,Seattle,Corporate,32
5911,Chicago,Home Office,49
5912,Austin,Home Office,64
5913,San Diego,Home Office,35
5914,New York,Consumer,22
5915,Seattle,Home Office,59
5916,New York,Corporate,41
5917,Chicago,Corporate,19
5918,Chicago,Corporate,35
5919,San Diego,Home Office,45
5920,Boston,Consumer,63
5921,New York,Corporate,29
5922,San Diego,Corporate,44
5923,Seattle,Corporate,27
5924,Boston,Corporate,33
5925,Boston,Consumer,31
5926,New York,Consumer,45
5927,San Diego,Consumer,52
5928,Seattle,Corporate,23
5929,New York,Corporate,21
5930,Chicago,Corporate,56
5931,Boston,Corporate,33
5932,Seattle,Consumer,50
5933,Austin,Consumer,21
5934,Chicago,Corporate,49
5935,Boston,Home Office,65
5936,Chicago,Corporate,40
5937,New York,Home Office,48
5938,Seattle,Home Office,33
5939,Boston,Consumer,32
5940,Chicago,Corporate,21
5941,Chicago,Consumer,42
5942,Austin,Consumer,67
5943,Chicago,Consumer,24
5944,Seattle,Consumer,39
5945,Chicago,Consumer,61
5946,New York,Corporate,43
5947,Chicago,Consumer,57
5948,Boston,Consumer,37
5949,Boston,Consumer,49
5950,Seattle,Consumer,69
5951,Austin,Home Office,49
5952,San Diego,Consumer,59
5953,Chicago,Consumer,54
5954,Seattle,Home Office,22
5955,San Diego,Corporate,26
5956,San Diego,Corporate,49
5957,Chicago,Corporate,36
5958,San Diego,Consumer,43
5959,Seattle,Corporate,43
5960,Boston,Consumer,59
5961,Chicago,Consumer,69
5962,Seattle,Consumer,69
5963,San Diego,Corporate,22
5964,Chicago,Consumer,56
5965,San Diego,Consumer,55
5966,New York,Consumer,62
5967,San Diego,Corporate,40
5968,Seattle,Consumer,44
5969,Chicago,Consumer,41
5970,New York,Consumer,37
5971,San Diego,Corporate,30
5972,Chicago,Consumer,51
5973,Austin,Home Office,18
5974,New York,Consumer,56
5975,Boston,Consumer,61
5976,Seattle,Consumer,29
5977,Boston,Consumer,29
5978,New York,Consumer,44
5979,Chicago,Consumer,62
5980,Seattle,Home Office,23
5981,Seattle,Consumer,40
5982,San Diego,Consumer,29
5983,Boston,Consumer,62
5984,San Diego,Consumer,63
5985,New York,Consumer,22
5986,Chicago,Consumer,25
5987,Boston,Consumer,26
5988,Seattle,Consumer,60
5989,Boston,Home Office,64
5990,Seattle,Corporate,37
5991,New York,Home Office,26
5992,Austin,Consumer,52
5993,San Diego,Home Office,64
5994,Seattle,Consumer,65
5995,New York,Consumer,41
5996,Chicago,Corporate,58
5997,Boston,Consumer,67
5998,Boston,Consumer,60
5999,San Diego,Corporate,42
6000,New York,Corporate,31
6001,Seattle,Consumer,37
6002,San Diego,Consumer,36
6003,Seattle,Consumer,69
6004,Seattle,Home Office,56
6005,Austin,Consumer,62
6006,Chicago,Consumer,58
6007,Chicago,Consumer,42
6008,San Diego,Home Office,59
6009,New York,Corporate,51
6010,New York,Consumer,56
6011,Austin,Home Office,33
6012,San Diego,Consumer,30
6013,Seattle,Home Office,27
6014,Seattle,Consumer,33
6015,Seattle,Consumer,68
6016,New York,Consumer,66
6017,Chicago,Home Office,25
6018,New York,Home Office,46
6019,San Diego,Consumer,66
6020,San Diego,Consumer,57
6021,Chicago,Consumer,49
6022,Chicago,Consumer,49
6023,Chicago,Consumer,34
6024,Boston,Consumer,66
6025,Austin,Corporate,22
6026,San Diego,Corporate,63
6027,Austin,Home Office,63
6028,San Diego,Consumer,31
6029,Seattle,Consumer,44
6030,Chicago,Consumer,64
6031,Boston,Consumer,42
6032,San Diego,Corporate,33
6033,San Diego,Corporate,21
6034,Boston,Consumer,40
6035,Chicago,Consumer,32
6036,New York,Home Office,62
6037,Seattle,Consumer,62
6038,Chicago,Consumer,34
6039,Austin,Corporate,28
6040,Chicago,Consumer,33
6041,Austin,Consumer,38
6042,Austin,Corporate,52
6043,Austin,Home Office,25
6044,San Diego,Consumer,69
6045,Seattle,Consumer,54
6046,Austin,Corporate,24
6047,New York,Corporate,34
6048,Seattle,Consumer,54
6049,Chicago,Consumer,44
6050,Chicago,Corporate,45
6051,Austin,Consumer,20
6052,New York,Consumer,39
6053,Austin,Consumer,49
6054,Chicago,Consumer,56
6055,Boston,Home Office,41
6056,Boston,Consumer,46
6057,New York,Consumer,29
6058,Seattle,Home Office,59
6059,Seattle,Consumer,54
6060,Austin,Consumer,56
6061,Austin,Consumer,52
6062,San Diego,Corporate,69
6063,Austin,Corporate,63
6064,New York,Corporate,60
6065,Austin,Consumer,35
6066,Chicago,Consumer,21
6067,Austin,Consumer,18
6068,Chicago,Home Office,58
6069,New York,Consumer,64
6070,Boston,Corporate,51
6071,New York,Corporate,55
6072,San Diego,Consumer,22
6073,San Diego,Consumer,47
6074,Seattle,Consumer,49
6075,Boston,Consumer,26
6076,New York,Home Office,57
6077,Chicago,Consumer,35
6078,Chicago,Home Office,28
6079,Seattle,Consumer,54
6080,Seattle,Consumer,40
6081,Boston,Home Office,45
6082,Austin,Home Office,46
6083,Chicago,Consumer,50
6084,Boston,Corporate,39
6085,San Diego,Home Office,60
6086,San Diego,Corporate,63
6087,Austin,Corporate,43
6088,Austin,Consumer,26
6089,Austin,Consumer,32
6090,San Diego,Corporate,58
6091,Chicago,Consumer,31
6092,Boston,Consumer,58
6093,Chicago,Consumer,52
6094,Austin,Consumer,41
6095,Chicago,Consumer,24
6096,Seattle,Consumer,46
6097,San Diego,Consumer,54
6098,Boston,Consumer,25
6099,San Diego,Home Office,60
6100,Chicago,Corporate,28
6101,Chicago,Consumer,39
6102,Boston,Consumer,45
6103,Austin,Consumer,56
6104,New York,Corporate,29
6105,San Diego,Corporate,35
6106,Seattle,Corporate,59
6107,New York,Corporate,35
6108,San Diego,Consumer,50
6109,Seattle,Consumer,38
6110,Seattle,Consumer,20
6111,Boston,Consumer,44
6112,Austin,Consumer,36
6113,Austin,Corporate,31
6114,Seattle,Consumer,62
6115,Chicago,Corporate,58
6116,New York,Consumer,32
6117,Boston,Consumer,45
6118,Chicago,Corporate,55
6119,Seattle,Consumer,20
6120,Chicago,Consumer,22
6121,Chicago,Consumer,46
6122,Seattle,Corporate,66
6123,San Diego,Consumer,66
6124,Austin,Home Office,41
6125,New York,Home Office,54
6126,Chicago,Corporate,43
6127,New York,Consumer,65
6128,Boston,Corporate,47
6129,Chicago,Consumer,64
6130,Austin,Home Office,36
6131,New York,Consumer,66
6132,Austin,Consumer,55
6133,Boston,Consumer,57
6134,Austin,Corporate,18
6135,Seattle,Home Office,59
6136,Chicago,Consumer,26
6137,New York,Consumer,66
6138,San Diego,Corporate,27
6139,New York,Corporate,60
6140,Austin,Corporate,51
6141,Chicago,Consumer,38
6142,New York,Corporate,64
6143,Seattle,Home Office,38
6144,Boston,Consumer,21
6145,New York,Consumer,21
6146,San Diego,Consumer,62
6147,Seattle,Consumer,37
6148,San Diego,Corporate,60
6149,New York,Consumer,19
6150,Boston,Consumer,21
6151,New York,Consumer,69
6152,Boston,Home Office,25
6153,Seattle,Corporate,53
6154,Austin,Consumer,36
6155,New York,Corporate,44
6156,Seattle,Consumer,23
6157,New York,Corporate,31
6158,Seattle,Corporate,57
6159,San Diego,Consumer,45
6160,Chicago,Home Office,44
6161,Chicago,Consumer,67
6162,Chicago,Corporate,39
6163,Chicago,Consumer,59
6164,New York,Corporate,55
6165,Chicago,Consumer,41
6166,Seattle,Consumer,33
6167,Chicago,Consumer,36
6168,San Diego,Home Office,63
6169,San Diego,Consumer,33
6170,San Diego,Corporate,52
6171,Seattle,Consumer,24
6172,Chicago,Corporate,36
6173,Boston,Consumer,66
6174,Chicago,Consumer,46
6175,Austin,Home Office,60
6176,Austin,Consumer,31
6177,San Diego,Consumer,57
6178,Seattle,Home Office,69
6179,San Diego,Consumer,66
6180,Boston,Consumer,40
6181,Austin,Consumer,53
6182,Boston,Corporate,64
6183,Chicago,Home Office,60
6184,Boston,Corporate,68
6185,Chicago,Corporate,19
6186,Boston,Consumer,45
6187,Austin,Consumer,59
6188,Boston,Consumer,55
6189,New York,Consumer,25
6190,Austin,Consumer,47
6191,Boston,Corporate,26
6192,New York,Consumer,22
6193,Chicago,Consumer,23
6194,New York,Consumer,67
6195,Chicago,Consumer,32
6196,Austin,Consumer,41
6197,Seattle,Consumer,31
6198,Chicago,Consumer,64
6199,New York,Consumer,64
6200,Chicago,Corporate,52
6201,Boston,Home Office,61
6202,Boston,Corporate,23
6203,Chicago,Corporate,69
6204,Chicago,Home Office,39
6205,New York,Consumer,38
6206,Boston,Corporate,28
6207,San Diego,Consumer,63
6208,San Diego,Consumer,26
6209,Chicago,Consumer,62
6210,Seattle,Consumer,55
6211,New York,Corporate,58
6212,San Diego,Consumer,19
6213,Seattle,Corporate,56
6214,Chicago,Home Office,68
6215,San Diego,Consumer,38
6216,Seattle,Consumer,41
6217,Austin,Consumer,23
6218,Chicago,Consumer,43
6219,New York,Home Office,53
6220,Boston,Corporate,33
6221,Chicago,Corporate,56
6222,Chicago,Consumer,22
6223,San Diego,Corporate,53
6224,Chicago,Corporate,48
6225,Austin,Consumer,29
6226,San Diego,Consumer,35
6227,Seattle,Consumer,30
6228,Seattle,Consumer,50
6229,New York,Home Office,51
6230,Austin,Corporate,46
6231,Austin,Consumer,28
6232,Seattle,Home Office,29
6233,New York,Consumer,60
6234,New York,Consumer,42
6235,San Diego,Home Office,40
6236,San Diego,Home Office,34
6237,San Diego,Corporate,66
6238,Chicago,Consumer,30
6239,Boston,Home Office,57
6240,Chicago,Corporate,58
6241,Seattle,Corporate,30
6242,New York,Consumer,18
6243,Boston,Consumer,30
6244,Chicago,Corporate,31
6245,San Diego,Home Office,56
6246,Chicago,Consumer,45
6247,San Diego,Consumer,40
6248,Austin,Corporate,42
6249,New York,Consumer,67
6250,Chicago,Consumer,66
6251,San Diego,Consumer,19
6252,Chicago,Consumer,61
6253,Chicago,Corporate,36
6254,Seattle,Consumer,57
6255,Chicago,Consumer,69
6256,New York,Home Office,44
6257,Seattle,Corporate,50
6258,San Diego,Consumer,40
6259,San Diego,Consumer,21
6260,Boston,Corporate,19
6261,New York,Consumer,36
6262,Austin,Consumer,60
6263,Chicago,Consumer,35
6264,Boston,Consumer,40
6265,Seattle,Corporate,45
6266,New York,Consumer,34
6267,San Diego,Consumer,43
6268,New York,Consumer,49
6269,Chicago,Consumer,62
6270,San Diego,Consumer,57
6271,Seattle,Home Office,60
6272,San Diego,Consumer,45
6273,Seattle,Consumer,54
6274,Boston,Consumer,25
6275,Seattle,Corporate,25
6276,New York,Consumer,65
6277,New York,Home Office,49
6278,San Diego,Corporate,23
6279,New York,Consumer,39
6280,Austin,Corporate,68
6281,New York,Consumer,19
6282,Chicago,Home Office,41
6283,Seattle,Home Office,61
6284,Chicago,Consumer,67
6285,Austin,Corporate,37
6286,Boston,Consumer,65
6287,New York,Consumer,55
6288,New York,Corporate,39
6289,Chicago,Home Office,58
6290,San Diego,Consumer,59
6291,Austin,Corporate,32
6292,Seattle,Corporate,22
6293,New York,Consumer,58
6294,San Diego,Corporate,22
6295,New York,Corporate,58
6296,San Diego,Corporate,36
6297,New York,Home Office,54
6298,Boston,Consumer,49
6299,Chicago,Consumer,19
6300,Chicago,Consumer,18
6301,Austin,Consumer,50
6302,New York,Consumer,44
6303,New York,Home Office,20
6304,Seattle,Consumer,68
6305,Chicago,Corporate,30
6306,Austin,Consumer,62
6307,San Diego,Consumer,24
6308,New York,Corporate,30
6309,Austin,Corporate,45
6310,Chicago,Consumer,45
6311,Austin,Home Office,49
6312,Chicago,Consumer,26
6313,New York,Consumer,31
6314,New York,Consumer,31
6315,Boston,Corporate,40
6316,New York,Consumer,65
6317,San Diego,Corporate,42
6318,Boston,Consumer,69
6319,Austin,Consumer,31
6320,Chicago,Home Office,30
6321,San Diego,Consumer,23
6322,Boston,Consumer,29
6323,New York,Consumer,34
6324,Boston,Consumer,37
6325,Boston,Consumer,55
6326,New York,Consumer,41
6327,New York,Consumer,53
6328,San Diego,Consumer,22
6329,New York,Consumer,67
6330,Seattle,Consumer,25
6331,New York,Consumer,19
6332,San Diego,Corporate,40
6333,Chicago,Corporate,51
6334,New York,Consumer,30
6335,New York,Consumer,26
6336,Chicago,Consumer,61
6337,Seattle,Consumer,60
6338,New York,Consumer,57
6339,San Diego,Corporate,29
6340,Seattle,Corporate,45
6341,Chicago,Consumer,53
6342,Boston,Home Office,40
6343,Seattle,Consumer,27
6344,San Diego,Home Office,61
6345,Chicago,Corporate,66
6346,San Diego,Consumer,26
6347,Seattle,Consumer,54
6348,Boston,Consumer,64
6349,Austin,Home Office,46
6350,San Diego,Consumer,20
6351,Austin,Home Office,53
6352,New York,Consumer,66
6353,New York,Consumer,31
6354,Boston,Corporate,25
6355,San Diego,Consumer,31
6356,Austin,Consumer,60
6357,San Diego,Home Office,46
6358,New York,Consumer,18
6359,New York,Home Office,48
6360,Seattle,Home Office,60
6361,Seattle,Consumer,27
6362,Boston,Consumer,48
6363,San Diego,Consumer,29
6364,Chicago,Corporate,18
6365,San Diego,Home Office,38
6366,Austin,Home Office,58
6367,San Diego,Home Office,52
6368,Chicago,Consumer,23
6369,New York,Consumer,27
6370,New York,Consumer,46
6371,Boston,Home Office,34
6372,New York,Consumer,35
6373,Boston,Consumer,40
6374,San Diego,Consumer,57
6375,New York,Consumer,47
6376,Boston,Consumer,62
6377,New York,Consumer,23
6378,New York,Home Office,42
6379,Seattle,Corporate,46
6380,Chicago,Consumer,57
6381,Chicago,Corporate,44
6382,Chicago,Consumer,65
6383,Seattle,Corporate,61
6384,New York,Consumer,53
6385,Chicago,Consumer,38
6386,Seattle,Consumer,34
6387,Austin,Consumer,45
6388,San Diego,Consumer,42
6389,Chicago,Corporate,19
6390,Seattle,Corporate,29
6391,San Diego,Consumer,61
6392,Austin,Consumer,41
6393,Chicago,Corporate,67
6394,Seattle,Consumer,30
6395,Seattle,Consumer,68
6396,New York,Consumer,59
6397,Seattle,Consumer,36
6398,New York,Consumer,49
6399,Seattle,Consumer,69
6400,Boston,Consumer,50
6401,Seattle,Corporate,66
6402,San Diego,Corporate,23
6403,Chicago,Corporate,26
6404,Boston,Consumer,18
6405,San Diego,Home Office,34
6406,Boston,Corporate,59
6407,San Diego,Consumer,68
6408,Seattle,Consumer,46
6409,Seattle,Corporate,39
6410,Boston,Consumer,66
6411,Boston,Corporate,48
6412,Austin,Corporate,45
6413,New York,Home Office,22
6414,New York,Home Office,29
6415,Chicago,Corporate,54
6416,New York,Home Office,54
6417,Chicago,Home Office,43
6418,New York,Consumer,54
6419,Boston,Corporate,53
6420,New York,Consumer,21
6421,Seattle,Consumer,61
6422,Austin,Consumer,54
6423,Chicago,Consumer,29
6424,San Diego,Consumer,29
6425,Boston,Consumer,67
6426,San Diego,Consumer,31
6427,Boston,Corporate,19
6428,Seattle,Home Office,19
6429,San Diego,Home Office,29
6430,New York,Consumer,50
6431,Boston,Consumer,41
6432,San Diego,Home Office,56
6433,Chicago,Consumer,30
6434,Austin,Home Office,29
6435,Seattle,Corporate,39
6436,New York,Consumer,59
6437,San Diego,Consumer,44
6438,Chicago,Consumer,57
6439,New York,Consumer,22
6440,Chicago,Consumer,39
6441,Boston,Corporate,40
6442,Chicago,Corporate,21
6443,Seattle,Consumer,34
6444,San Diego,Consumer,32
6445,New York,Consumer,41
6446,San Diego,Consumer,26
6447,Chicago,Corporate,32
6448,San Diego,Corporate,67
6449,Chicago,Corporate,25
6450,New York,Consumer,60
6451,San Diego,Consumer,46
6452,San Diego,Corporate,22
6453,Boston,Corporate,38
6454,San Diego,Corporate,44
6455,Austin,Consumer,32
6456,Chicago,Home Office,31
6457,Chicago,Consumer,55
6458,Seattle,Consumer,19
6459,Austin,Corporate,66
6460,Austin,Consumer,34
6461,Chicago,Corporate,37
6462,Austin,Consumer,24
6463,Chicago,Consumer,63
6464,New York,Consumer,29
6465,New York,Corporate,59
6466,Seattle,Corporate,34
6467,Austin,Consumer,19
6468,New York,Consumer,39
6469,Seattle,Consumer,45
6470,New York,Consumer,42
6471,New York,Corporate,69
6472,New York,Consumer,45
6473,Austin,Consumer,58
6474,Boston,Consumer,37
6475,Chicago,Consumer,25
6476,Chicago,Corporate,43
6477,Chicago,Corporate,47
6478,Austin,Consumer,39
6479,San Diego,Home Office,57
6480,Chicago,Consumer,68
6481,Seattle,Home Office,22
6482,Boston,Corporate,21
6483,Boston,Consumer,32
6484,Seattle,Corporate,48
6485,San Diego,Consumer,20
6486,Boston,Corporate,28
6487,San Diego,Consumer,39
6488,Chicago,Consumer,37
6489,New York,Home Office,62
6490,New York,Consumer,46
6491,Boston,Consumer,63
6492,Seattle,Consumer,57
6493,Chicago,Consumer,39
6494,Austin,Corporate,68
6495,Chicago,Corporate,61
6496,San Diego,Home Office,43
6497,Seattle,Consumer,62
6498,Boston,Consumer,31
6499,Chicago,Consumer,28
6500,Austin,Consumer,59
6501,New York,Corporate,59
6502,Boston,Consumer,29
6503,Seattle,Consumer,57
6504,Seattle,Home Office,44
6505,Austin,Consumer,47
6506,Chicago,Consumer,62
6507,Boston,Corporate,26
6508,Austin,Consumer,38
6509,San Diego,Home Office,33
6510,New York,Corporate,46
6511,Chicago,Consumer,26
6512,San Diego,Consumer,24
6513,New York,Consumer,54
6514,New York,Corporate,20
6515,San Diego,Consumer,39
6516,Chicago,Corporate,69
6517,Chicago,Consumer,69
6518,Seattle,Consumer,27
6519,Chicago,Consumer,66
6520,New York,Consumer,35
6521,New York,Consumer,28
6522,New York,Consumer,44
6523,New York,Home Office,43
6524,San Diego,Consumer,37
6525,Chicago,Corporate,40
6526,New York,Consumer,23
6527,New York,Corporate,31
6528,Austin,Consumer,28
6529,Boston,Corporate,66
6530,Austin,Consumer,43
6531,New York,Consumer,46
6532,Chicago,Consumer,40
6533,Austin,Consumer,64
6534,Chicago,Consumer,59
6535,Boston,Consumer,53
6536,San Diego,Home Office,34
6537,Austin,Consumer,34
6538,Boston,Consumer,66
6539,Chicago,Home Office,66
6540,New York,Corporate,32
6541,Boston,Consumer,35
6542,Boston,Consumer,35
6543,Chicago,Consumer,58
6544,Seattle,Consumer,67
6545,Chicago,Consumer,64
6546,Seattle,Corporate,61
6547,San Diego,Corporate,36
6548,San Diego,Consumer,34
6549,Seattle,Consumer,64
6550,San Diego,Consumer,38
6551,Seattle,Consumer,29
6552,San Diego,Consumer,61
6553,Chicago,Corporate,42
6554,Austin,Consumer,22
6555,Austin,Home Office,64
6556,Seattle,Consumer,33
6557,New York,Consumer,34
6558,Chicago,Consumer,45
6559,Boston,Corporate,32
6560,New York,Consumer,61
6561,Seattle,Consumer,53
6562,Seattle,Consumer,47
6563,Austin,Corporate,28
6564,New York,Home Office,43
6565,New York,Consumer,32
6566,Chicago,Consumer,68
6567,New York,Consumer,59
6568,New York,Consumer,24
6569,New York,Home Office,45
6570,Chicago,Consumer,58
6571,Boston,Corporate,45
6572,Seattle,Home Office,24
6573,New York,Corporate,25
6574,Seattle,Consumer,56
6575,New York,Corporate,45
6576,Austin,Consumer,46
6577,New York,Consumer,32
6578,New York,Home Office,31
6579,New York,Consumer,39
6580,Austin,Consumer,46
6581,Austin,Consumer,42
6582,Austin,Consumer,63
6583,Seattle,Corporate,27
6584,San Diego,Corporate,42
6585,San Diego,Corporate,30
6586,Seattle,Consumer,18
6587,Seattle,Consumer,39
6588,Austin,Consumer,20
6589,Chicago,Consumer,37
6590,Austin,Corporate,50
6591,New York,Corporate,37
6592,Boston,Home Office,53
6593,Austin,Corporate,33
6594,San Diego,Consumer,38
6595,Boston,Corporate,63
6596,Austin,Corporate,30
6597,Boston,Home Office,44
6598,Austin,Consumer,55
6599,New York,Corporate,36
6600,New York,Consumer,33
6601,New York,Corporate,54
6602,Boston,Home Office,21
6603,Austin,Home Office,31
6604,Chicago,Consumer,39
6605,Austin,Consumer,29
6606,Chicago,Corporate,46
6607,Boston,Corporate,50
6608,Boston,Home Office,68
6609,New York,Consumer,49
6610,San Diego,Corporate,48
6611,Austin,Corporate,55
6612,New York,Consumer,28
6613,Boston,Consumer,42
6614,New York,Corporate,61
6615,Chicago,Consumer,27
6616,New York,Corporate,33
6617,Austin,Consumer,29
6618,Seattle,Consumer,67
6619,Chicago,Consumer,36
6620,New York,Home Office,34
6621,New York,Corporate,60
6622,Boston,Corporate,65
6623,San Diego,Corporate,18
6624,Boston,Consumer,63
6625,Seattle,Home Office,54
6626,Seattle,Consumer,62
6627,San Diego,Consumer,22
6628,Seattle,Consumer,20
6629,Austin,Consumer,35
6630,Chicago,Corporate,62
6631,Austin,Consumer,43
6632,New York,Corporate,55
6633,Chicago,Home Office,30
6634,San Diego,Consumer,35
6635,Boston,Consumer,63
6636,New York,Corporate,43
6637,New York,Consumer,58
6638,New York,Corporate,51
6639,San Diego,Consumer,27
6640,Chicago,Consumer,67
6641,Chicago,Consumer,67
6642,New York,Consumer,58
6643,Boston,Consumer,42
6644,Austin,Consumer,40
6645,San Diego,Consumer,33
6646,San Diego,Home Office,51
6647,New York,Consumer,34
6648,San Diego,Consumer,27
6649,Seattle,Consumer,21
6650,Seattle,Consumer,40
6651,Chicago,Consumer,60
6652,Boston,Corporate,59
6653,Boston,Consumer,62
6654,Austin,Corporate,49
6655,New York,Consumer,63
6656,Boston,Consumer,58
6657,Boston,Consumer,59
6658,Seattle,Corporate,44
6659,Seattle,Home Office,22
6660,Chicago,Consumer,37
6661,New York,Home Office,62
6662,Boston,Consumer,56
6663,Austin,Consumer,18
6664,Chicago,Corporate,22
6665,San Diego,Consumer,52
6666,New York,Consumer,68
6667,New York,Consumer,56
6668,Chicago,Corporate,67
6669,Austin,Consumer,21
6670,Austin,Home Office,63
6671,Chicago,Consumer,24
6672,Austin,Home Office,63
6673,Austin,Consumer,68
6674,Seattle,Corporate,44
6675,Seattle,Consumer,45
6676,Boston,Consumer,43
6677,San Diego,Consumer,46
6678,Chicago,Corporate,60
6679,Boston,Consumer,32
6680,Seattle,Consumer,32
6681,Chicago,Home Office,68
6682,Austin,Consumer,62
6683,San Diego,Consumer,46
6684,San Diego,Consumer,28
6685,Austin,Consumer,67
6686,New York,Consumer,63
6687,Chicago,Corporate,35
6688,New York,Consumer,46
6689,San Diego,Consumer,39
6690,Seattle,Corporate,61
6691,Austin,Consumer,53
6692,San Diego,Consumer,43
6693,San Diego,Home Office,68
6694,San Diego,Consumer,49
6695,New York,Consumer,43
6696,Seattle,Corporate,66
6697,Boston,Corporate,41
6698,San Diego,Corporate,39
6699,Chicago,Corporate,38
6700,Austin,Consumer,29
6701,Boston,Consumer,32
6702,New York,Corporate,22
6703,Seattle,Corporate,55
6704,New York,Corporate,48
6705,Boston,Consumer,66
6706,New York,Corporate,49
6707,New York,Consumer,22
6708,Chicago,Consumer,50
6709,Chicago,Consumer,27
6710,Austin,Consumer,19
6711,Chicago,Corporate,52
6712,Austin,Consumer,19
6713,Seattle,Corporate,39
6714,Seattle,Consumer,64
6715,Boston,Consumer,31
6716,Austin,Consumer,54
6717,Seattle,Consumer,37
6718,San Diego,Corporate,23
6719,Chicago,Consumer,28
6720,San Diego,Consumer,21
6721,Boston,Consumer,25
6722,Chicago,Consumer,26
6723,Chicago,Consumer,63
6724,Austin,Home Office,59
6725,Chicago,Consumer,36
6726,Seattle,Consumer,55
6727,Boston,Home Office,28
6728,Seattle,Corporate,51
6729,New York,Consumer,28
6730,Chicago,Corporate,51
6731,San Diego,Home Office,36
6732,Chicago,Consumer,62
6733,Seattle,Consumer,61
6734,San Diego,Home Office,35
6735,Chicago,Corporate,20
6736,Seattle,Home Office,34
6737,Austin,Consumer,32
6738,New York,Home Office,40
6739,Austin,Consumer,47
6740,Austin,Corporate,69
6741,New York,Home Office,21
6742,Boston,Consumer,46
6743,Seattle,Consumer,26
6744,New York,Consumer,46
6745,Boston,Corporate,51
6746,Boston,Consumer,60
6747,New York,Home Office,47
6748,New York,Consumer,27
6749,Austin,Consumer,65
6750,Seattle,Consumer,39
6751,San Diego,Home Office,42
6752,Austin,Consumer,51
6753,Seattle,Consumer,31
6754,New York,Consumer,69
6755,Seattle,Home Office,20
6756,Boston,Corporate,26
6757,Seattle,Consumer,69
6758,Austin,Consumer,41
6759,Chicago,Consumer,64
6760,Boston,Consumer,65
6761,New York,Corporate,69
6762,Chicago,Consumer,55
6763,New York,Consumer,53
6764,Boston,Corporate,49
6765,Austin,Consumer,53
6766,Boston,Consumer,31
6767,Seattle,Consumer,60
6768,Seattle,Consumer,27
6769,Seattle,Corporate,42
6770,Chicago,Consumer,37
6771,Seattle,Consumer,57
6772,San Diego,Consumer,31
6773,Boston,Corporate,28
6774,Seattle,Consumer,60
6775,Boston,Consumer,43
6776,Boston,Consumer,55
6777,Seattle,Consumer,63
6778,Austin,Consumer,61
6779,New York,Consumer,38
6780,Chicago,Corporate,26
6781,Boston,Consumer,67
6782,New York,Corporate,34
6783,Austin,Consumer,57
6784,San Diego,Consumer,57
6785,Chicago,Consumer,41
6786,Boston,Consumer,26
6787,Seattle,Corporate,42
6788,New York,Corporate,25
6789,Chicago,Corporate,36
6790,San Diego,Consumer,37
6791,Boston,Corporate,44
6792,Boston,Consumer,27
6793,Boston,Consumer,61
6794,New York,Consumer,22
6795,San Diego,Consumer,69
6796,New York,Corporate,34
6797,New York,Home Office,43
6798,San Diego,Consumer,63
6799,Austin,Consumer,52
6800,Seattle,Corporate,20
6801,Boston,Home Office,49
6802,New York,Corporate,47
6803,Seattle,Consumer,66
6804,Boston,Consumer,47
6805,Austin,Corporate,69
6806,Seattle,Consumer,45
6807,Austin,Home Office,28
6808,Boston,Home Office,44
6809,New York,Home Office,65
6810,Boston,Consumer,18
6811,San Diego,Corporate,38
6812,San Diego,Corporate,20
6813,Austin,Consumer,61
6814,Seattle,Consumer,44
6815,Austin,Consumer,55
6816,Chicago,Consumer,68
6817,Boston,Home Office,61
6818,Seattle,Corporate,39
6819,San Diego,Consumer,66
6820,New York,Consumer,42
6821,San Diego,Consumer,68
6822,Seattle,Consumer,69
6823,Boston,Consumer,29
6824,New York,Corporate,58
6825,Seattle,Corporate,54
6826,Seattle,Corporate,58
6827,Seattle,Home Office,26
6828,New York,Consumer,44
6829,Austin,Corporate,25
6830,Chicago,Consumer,64
6831,Seattle,Consumer,63
6832,Chicago,Consumer,48
6833,Austin,Consumer,24
6834,Seattle,Consumer,52
6835,New York,Consumer,40
6836,San Diego,Consumer,58
6837,San Diego,Home Office,23
6838,New York,Consumer,39
6839,New York,Consumer,36
6840,Boston,Home Office,67
6841,Chicago,Consumer,33
6842,Boston,Consumer,69
6843,Austin,Home Office,65
6844,Austin,Consumer,48
6845,Chicago,Consumer,27
6846,Seattle,Consumer,29
6847,New York,Consumer,18
6848,Austin,Corporate,58
6849,Austin,Consumer,55
6850,New York,Corporate,34
6851,Austin,Corporate,56
6852,Seattle,Home Office,48
6853,San Diego,Consumer,60
6854,New York,Consumer,22
6855,Boston,Home Office,28
6856,Boston,Corporate,59
6857,San Diego,Consumer,37
6858,Boston,Consumer,67
6859,Austin,Corporate,63
6860,San Diego,Consumer,22
6861,San Diego,Consumer,38
6862,Seattle,Home Office,56
6863,Chicago,Consumer,25
6864,Seattle,Consumer,62
6865,Boston,Corporate,23
6866,Boston,Home Office,23
6867,Austin,Consumer,46
6868,Chicago,Corporate,30
6869,San Diego,Consumer,51
6870,New York,Consumer,38
6871,New York,Home Office,32
6872,Seattle,Consumer,61
6873,Boston,Consumer,26
6874,Chicago,Corporate,43
6875,Austin,Consumer,26
6876,Chicago,Consumer,25
6877,Austin,Corporate,28
6878,New York,Consumer,31
6879,Seattle,Corporate,39
6880,Seattle,Consumer,42
6881,Chicago,Consumer,25
6882,Chicago,Corporate,20
6883,San Diego,Consumer,22
6884,Chicago,Home Office,50
6885,New York,Home Office,68
6886,New York,Corporate,19
6887,Boston,Consumer,19
6888,Austin,Consumer,58
6889,New York,Home Office,55
6890,Boston,Consumer,56
6891,New York,Corporate,26
6892,Austin,Corporate,63
6893,New York,Consumer,50
6894,San Diego,Consumer,26
6895,San Diego,Corporate,24
6896,San Diego,Consumer,49
6897,Chicago,Consumer,58
6898,Chicago,Consumer,58
6899,Boston,Corporate,48
6900,San Diego,Consumer,44
6901,New York,Consumer,54
6902,San Diego,Corporate,24
6903,San Diego,Corporate,36
6904,Seattle,Home Office,23
6905,Seattle,Consumer,61
6906,New York,Home Office,49
6907,New York,Corporate,58
6908,New York,Corporate,43
6909,New York,Consumer,66
6910,Boston,Consumer,66
6911,Seattle,Consumer,50
6912,San Diego,Consumer,61
6913,Chicago,Consumer,52
6914,Boston,Home Office,55
6915,Chicago,Consumer,30
6916,Boston,Home Office,69
6917,New York,Consumer,27
6918,New York,Corporate,54
6919,New York,Consumer,49
6920,San Diego,Corporate,22
6921,Chicago,Consumer,58
6922,Austin,Home Office,22
6923,Austin,Consumer,44
6924,San Diego,Consumer,60
6925,Austin,Home Office,24
6926,New York,Consumer,36
6927,Austin,Corporate,44
6928,Chicago,Consumer,66
6929,San Diego,Consumer,37
6930,San Diego,Consumer,24
6931,New York,Consumer,24
6932,San Diego,Consumer,28
6933,New York,Consumer,63
6934,Seattle,Corporate,58
6935,Austin,Home Office,39
6936,Chicago,Consumer,62
6937,Austin,Consumer,65
6938,Chicago,Consumer,63
6939,San Diego,Corporate,18
6940,Boston,Consumer,23
6941,San Diego,Corporate,55
6942,Austin,Consumer,37
6943,Seattle,Corporate,26
6944,Austin,Corporate,51
6945,San Diego,Consumer,36
6946,Seattle,Consumer,65
6947,Austin,Consumer,47
6948,Austin,Consumer,30
6949,Austin,Consumer,66
6950,Seattle,Corporate,49
6951,San Diego,Consumer,33
6952,Austin,Consumer,25
6953,San Diego,Consumer,46
6954,San Diego,Consumer,56
6955,Austin,Home Office,61
6956,Boston,Consumer,24
6957,Chicago,Consumer,40
6958,Boston,Consumer,69
6959,Chicago,Home Office,52
6960,Seattle,Corporate,22
6961,Chicago,Consumer,65
6962,Austin,Corporate,53
6963,Austin,Corporate,41
6964,San Diego,Corporate,58
6965,New York,Consumer,51
6966,Boston,Corporate,31
6967,Boston,Consumer,59
6968,Seattle,Consumer,31
6969,Seattle,Consumer,29
6970,San Diego,Consumer,48
6971,Chicago,Consumer,18
6972,San Diego,Consumer,50
6973,Chicago,Corporate,46
6974,San Diego,Corporate,55
6975,Chicago,Consumer,26
6976,San Diego,Consumer,48
6977,San Diego,Corporate,40
6978,Chicago,Consumer,27
6979,Seattle,Consumer,41
6980,Austin,Corporate,66
6981,Chicago,Consumer,60
6982,Seattle,Consumer,26
6983,Boston,Corporate,62
6984,New York,Corporate,47
6985,Boston,Consumer,20
6986,Boston,Corporate,65
6987,Seattle,Home Office,45
6988,Seattle,Consumer,65
6989,Austin,Corporate,23
6990,New York,Consumer,26
6991,Seattle,Consumer,64
6992,San Diego,Consumer,30
6993,Chicago,Consumer,46
6994,San Diego,Consumer,49
6995,San Diego,Corporate,67
6996,San Diego,Consumer,35
6997,Austin,Home Office,57
6998,Austin,Consumer,56
6999,Austin,Corporate,54
7000,Boston,Consumer,45
7001,Boston,Consumer,21
7002,Austin,Corporate,31
7003,Boston,Corporate,47
7004,Seattle,Consumer,39
7005,Austin,Consumer,27
7006,New York,Consumer,53
7007,Seattle,Consumer,41
7008,Seattle,Consumer,58
7009,Boston,Corporate,46
7010,San Diego,Consumer,37
7011,New York,Consumer,23
7012,Seattle,Corporate,23
7013,San Diego,Home Office,44
7014,Austin,Consumer,36
7015,Austin,Consumer,55
7016,San Diego,Consumer,50
7017,Seattle,Corporate,32
7018,San Diego,Consumer,57
7019,Austin,Consumer,47
7020,Chicago,Consumer,63
7021,Seattle,Home Office,67
7022,Boston,Consumer,68
7023,Seattle,Corporate,24
7024,San Diego,Consumer,45
7025,New York,Consumer,19
7026,Boston,Consumer,63
7027,Chicago,Consumer,54
7028,Boston,Consumer,31
7029,Austin,Consumer,49
7030,Boston,Consumer,47
7031,Boston,Consumer,46
7032,San Diego,Consumer,46
7033,Boston,Consumer,69
7034,Seattle,Consumer,57
7035,Boston,Consumer,38
7036,Chicago,Corporate,58
7037,New York,Home Office,25
7038,Seattle,Corporate,32
7039,San Diego,Consumer,24
7040,San Diego,Home Office,64
7041,Seattle,Home Office,19
7042,Seattle,Consumer,64
7043,Seattle,Consumer,61
7044,Boston,Corporate,67
7045,Boston,Home Office,57
7046,New York,Corporate,41
7047,Seattle,Corporate,60
7048,Austin,Corporate,69
7049,San Diego,Home Office,64
7050,Seattle,Consumer,58
7051,Boston,Consumer,57
7052,Austin,Corporate,51
7053,San Diego,Consumer,64
7054,New York,Consumer,40
7055,Boston,Consumer,44
7056,New York,Consumer,61
7057,Austin,Consumer,31
7058,Boston,Consumer,57
7059,Boston,Consumer,23
7060,Austin,Consumer,48
7061,Austin,Consumer,19
7062,New York,Home Office,69
7063,Boston,Consumer,61
7064,New York,Home Office,30
7065,New York,Consumer,25
7066,Austin,Consumer,51
7067,New York,Corporate,64
7068,New York,Corporate,34
7069,Seattle,Consumer,67
7070,San Diego,Corporate,41
7071,Chicago,Corporate,40
7072,San Diego,Consumer,35
7073,Seattle,Consumer,32
7074,Chicago,Consumer,35
7075,San Diego,Consumer,26
7076,Seattle,Home Office,37
7077,San Diego,Consumer,33
7078,New York,Corporate,20
7079,Chicago,Corporate,36
7080,Chicago,Home Office,20
7081,Austin,Consumer,27
7082,Boston,Consumer,55
7083,San Diego,Consumer,19
7084,Seattle,Corporate,34
7085,Seattle,Consumer,53
7086,Boston,Corporate,19
7087,Austin,Consumer,56
7088,Chicago,Consumer,22
7089,New York,Home Office,20
7090,Chicago,Corporate,28
7091,Seattle,Consumer,62
7092,Austin,Corporate,20
7093,Austin,Consumer,23
7094,Austin,Corporate,67
7095,Boston,Consumer,49
7096,Boston,Consumer,47
7097,New York,Consumer,20
7098,New York,Consumer,38
7099,Chicago,Corporate,47
7100,Boston,Consumer,45
7101,Austin,Consumer,45
7102,Boston,Consumer,23
7103,Seattle,Consumer,69
7104,Seattle,Corporate,54
7105,Chicago,Consumer,30
7106,Austin,Corporate,68
7107,New York,Home Office,33
7108,Seattle,Consumer,24
7109,Chicago,Corporate,64
7110,Chicago,Consumer,25
7111,New York,Consumer,21
7112,San Diego,Consumer,50
7113,Boston,Consumer,31
7114,Austin,Consumer,25
7115,Seattle,Consumer,23
7116,Boston,Corporate,24
7117,Seattle,Consumer,67
7118,Seattle,Home Office,52
7119,Austin,Consumer,61
7120,Seattle,Corporate,50
7121,Seattle,Consumer,46
7122,San Diego,Consumer,29
7123,Seattle,Consumer,68
7124,Seattle,Home Office,60
7125,New York,Home Office,45
7126,Boston,Consumer,23
7127,Boston,Corporate,57
7128,Chicago,Corporate,35
7129,Chicago,Consumer,28
7130,Boston,Consumer,56
7131,Chicago,Corporate,61
7132,San Diego,Corporate,49
7133,San Diego,Consumer,21
7134,Boston,Consumer,49
7135,New York,Consumer,65
7136,Austin,Home Office,53
7137,Seattle,Consumer,31
7138,Boston,Consumer,51
7139,Chicago,Consumer,30
7140,Chicago,Corporate,63
7141,Chicago,Corporate,61
7142,San Diego,Consumer,47
7143,Boston,Consumer,25
7144,New York,Corporate,38
7145,Chicago,Consumer,24
7146,Chicago,Consumer,57
7147,Boston,Home Office,53
7148,Austin,Consumer,31
7149,Chicago,Consumer,62
7150,Chicago,Consumer,57
7151,Seattle,Corporate,66
7152,Austin,Corporate,32
7153,New York,Consumer,27
7154,San Diego,Corporate,42
7155,Austin,Home Office,31
7156,Chicago,Corporate,56
7157,San Diego,Consumer,40
7158,San Diego,Consumer,50
7159,New York,Home Office,26
7160,New York,Consumer,22
7161,New York,Consumer,66
7162,San Diego,Consumer,41
7163,Seattle,Corporate,25
7164,San Diego,Consumer,60
7165,Seattle,Consumer,24
7166,Austin,Corporate,69
7167,Seattle,Consumer,38
7168,San Diego,Consumer,42
7169,Austin,Consumer,31
7170,Boston,Consumer,22
7171,Boston,Home Office,39
7172,San Diego,Consumer,37
7173,Boston,Corporate,41
7174,Austin,Consumer,43
7175,New York,Consumer,50
7176,Austin,Consumer,21
7177,San Diego,Consumer,36
7178,San Diego,Consumer,62
7179,Austin,Consumer,67
7180,Chicago,Home Office,46
7181,Austin,Consumer,37
7182,San Diego,Home Office,39
7183,New York,Consumer,58
7184,Chicago,Consumer,38
7185,Chicago,Consumer,67
7186,San Diego,Consumer,19
7187,Austin,Consumer,49
7188,New York,Consumer,44
7189,Chicago,Consumer,41
7190,New York,Corporate,42
7191,Austin,Consumer,26
7192,Boston,Home Office,35
7193,Seattle,Consumer,36
7194,Boston,Consumer,52
7195,San Diego,Consumer,49
7196,Boston,Consumer,39
7197,Chicago,Home Office,44
7198,Boston,Corporate,47
7199,Chicago,Consumer,20
7200,Austin,Consumer,64
7201,San Diego,Corporate,64
7202,Chicago,Consumer,36
7203,Chicago,Consumer,57
7204,New York,Consumer,38
7205,New York,Consumer,21
7206,Seattle,Consumer,63
7207,Boston,Consumer,31
7208,Chicago,Home Office,36
7209,Austin,Consumer,47
7210,Boston,Home Office,40
7211,San Diego,Corporate,31
7212,New York,Consumer,59
7213,Seattle,Consumer,36
7214,New York,Consumer,48
7215,Chicago,Corporate,52
7216,Chicago,Consumer,66
7217,Seattle,Home Office,42
7218,Chicago,Consumer,42
7219,Chicago,Corporate,65
7220,Chicago,Consumer,42
7221,Austin,Consumer,33
7222,Seattle,Corporate,20
7223,Austin,Corporate,34
7224,Chicago,Consumer,28
7225,Seattle,Consumer,33
7226,Seattle,Consumer,46
7227,New York,Corporate,45
7228,Boston,Consumer,27
7229,Boston,Consumer,42
7230,Seattle,Corporate,41
7231,Seattle,Consumer,20
7232,San Diego,Consumer,32
7233,Austin,Corporate,55
7234,Austin,Corporate,19
7235,Austin,Corporate,33
7236,New York,Consumer,42
7237,Boston,Consumer,26
7238,Chicago,Corporate,51
7239,Chicago,Consumer,55
7240,Boston,Consumer,35
7241,Seattle,Consumer,29
7242,Seattle,Consumer,58
7243,Chicago,Home Office,29
7244,Chicago,Consumer,25
7245,San Diego,Consumer,19
7246,Austin,Home Office,22
7247,New York,Home Office,63
7248,Boston,Consumer,66
7249,Austin,Home Office,46
7250,San Diego,Consumer,65
7251,Austin,Corporate,54
7252,Seattle,Consumer,39
7253,San Diego,Consumer,55
7254,Boston,Consumer,39
7255,Chicago,Corporate,68
7256,San Diego,Consumer,62
7257,Boston,Consumer,61
7258,Seattle,Corporate,45
7259,New York,Consumer,44
7260,Chicago,Home Office,24
7261,Chicago,Consumer,51
7262,New York,Consumer,23
7263,San Diego,Consumer,46
7264,Boston,Consumer,24
7265,Seattle,Consumer,42
7266,Seattle,Consumer,58
7267,San Diego,Corporate,34
7268,Austin,Consumer,49
7269,Austin,Consumer,31
7270,Seattle,Corporate,33
7271,Chicago,Consumer,27
7272,New York,Corporate,26
7273,Seattle,Home Office,37
7274,San Diego,Consumer,24
7275,New York,Corporate,64
7276,Chicago,Home Office,56
7277,Chicago,Consumer,29
7278,San Diego,Home Office,64
7279,Seattle,Consumer,36
7280,Seattle,Consumer,45
7281,Seattle,Consumer,54
7282,Chicago,Consumer,58
7283,San Diego,Home Office,18
7284,New York,Consumer,32
7285,New York,Home Office,35
7286,San Diego,Corporate,48
7287,Seattle,Home Office,63
7288,Chicago,Home Office,40
7289,Austin,Consumer,42
7290,New York,Home Office,22
7291,San Diego,Corporate,45
7292,San Diego,Consumer,43
7293,Chicago,Corporate,51
7294,Austin,Consumer,62
7295,Chicago,Consumer,47
7296,Austin,Consumer,20
7297,Chicago,Consumer,60
7298,Chicago,Consumer,42
7299,Austin,Consumer,43
7300,Boston,Corporate,63
7301,San Diego,Corporate,48
7302,Chicago,Home Office,59
7303,Boston,Home Office,63
7304,Chicago,Home Office,43
7305,Boston,Corporate,69
7306,Chicago,Consumer,26
7307,Seattle,Home Office,63
7308,Chicago,Consumer,62
7309,San Diego,Consumer,23
7310,Chicago,Consumer,25
7311,Boston,Consumer,19
7312,New York,Corporate,32
7313,Seattle,Consumer,69
7314,New York,Corporate,24
7315,Boston,Consumer,19
7316,Austin,Consumer,41
7317,San Diego,Consumer,36
7318,Boston,Consumer,50
7319,Seattle,Corporate,49
7320,New York,Consumer,61
7321,Chicago,Consumer,39
7322,Chicago,Consumer,41
7323,Boston,Corporate,19
7324,Boston,Home Office,68
7325,Austin,Corporate,29
7326,Boston,Consumer,48
7327,Chicago,Home Office,63
7328,San Diego,Consumer,49
7329,Austin,Consumer,50
7330,Chicago,Consumer,27
7331,Chicago,Consumer,54
7332,Austin,Consumer,27
7333,Austin,Consumer,53
7334,Chicago,Consumer,47
7335,Austin,Consumer,43
7336,New York,Consumer,55
7337,Boston,Consumer,55
7338,Austin,Home Office,28
7339,New York,Corporate,37
7340,Seattle,Consumer,43
7341,Boston,Consumer,25
7342,Austin,Consumer,36
7343,Boston,Consumer,20
7344,Seattle,Consumer,40
7345,San Diego,Consumer,28
7346,Chicago,Corporate,29
7347,New York,Corporate,60
7348,Austin,Corporate,25
7349,Boston,Corporate,24
7350,San Diego,Corporate,34
7351,San Diego,Corporate,19
7352,Boston,Home Office,63
7353,Austin,Corporate,69
7354,Chicago,Corporate,59
7355,Boston,Corporate,59
7356,Seattle,Consumer,23
7357,Chicago,Consumer,46
7358,Chicago,Consumer,22
7359,Boston,Consumer,33
7360,New York,Consumer,43
7361,New York,Consumer,53
7362,San Diego,Consumer,32
7363,New York,Consumer,31
7364,Chicago,Home Office,60
7365,Boston,Consumer,29
7366,Austin,Consumer,43
7367,San Diego,Consumer,32
7368,Austin,Consumer,62
7369,New York,Corporate,45
7370,Chicago,Corporate,23
7371,San Diego,Consumer,25
7372,New York,Consumer,68
7373,Seattle,Consumer,66
7374,Austin,Corporate,57
7375,Austin,Home Office,22
7376,Boston,Home Office,56
7377,Seattle,Consumer,52
7378,Seattle,Corporate,66
7379,Austin,Corporate,43
7380,Austin,Home Office,42
7381,San Diego,Consumer,50
7382,New York,Consumer,25
7383,Chicago,Consumer,56
7384,Seattle,Consumer,43
7385,Seattle,Corporate,27
7386,New York,Consumer,60
7387,San Diego,Consumer,31
7388,Seattle,Corporate,62
7389,Chicago,Consumer,32
7390,San Diego,Home Office,43
7391,Boston,Corporate,40
7392,Austin,Home Office,56
7393,Chicago,Corporate,27
7394,Chicago,Consumer,30
7395,Seattle,Consumer,28
7396,New York,Home Office,29
7397,Austin,Consumer,41
7398,New York,Consumer,48
7399,New York,Corporate,62
7400,Austin,Consumer,39
7401,San Diego,Consumer,39
7402,Boston,Consumer,26
7403,New York,Consumer,23
7404,Chicago,Corporate,57
7405,Austin,Consumer,50
7406,Seattle,Consumer,45
7407,Boston,Consumer,41
7408,San Diego,Corporate,45
7409,Seattle,Consumer,61
7410,New York,Consumer,27
7411,New York,Corporate,43
7412,New York,Consumer,30
7413,Seattle,Corporate,23
7414,Chicago,Consumer,54
7415,Chicago,Consumer,54
7416,San Diego,Consumer,62
7417,San Diego,Home Office,19
7418,Austin,Consumer,27
7419,Boston,Consumer,47
7420,San Diego,Consumer,60
7421,San Diego,Consumer,66
7422,Boston,Corporate,58
7423,Chicago,Home Office,65
7424,San Diego,Consumer,60
7425,Boston,Consumer,34
7426,Boston,Consumer,48
7427,Seattle,Home Office,51
7428,San Diego,Consumer,36
7429,Boston,Consumer,64
7430,Boston,Home Office,58
7431,Boston,Home Office,44
7432,San Diego,Consumer,42
7433,Austin,Consumer,59
7434,San Diego,Corporate,29
7435,Austin,Corporate,29
7436,San Diego,Consumer,38
7437,San Diego,Consumer,24
7438,Boston,Consumer,41
7439,Seattle,Consumer,40
7440,Austin,Consumer,44
7441,New York,Corporate,42
7442,Seattle,Consumer,64
7443,Seattle,Consumer,32
7444,Seattle,Corporate,39
7445,San Diego,Consumer,56
7446,Boston,Consumer,32
7447,New York,Home Office,52
7448,Austin,Consumer,68
7449,San Diego,Home Office,37
7450,San Diego,Consumer,30
7451,San Diego,Consumer,27
7452,San Diego,Corporate,18
7453,Boston,Consumer,32
7454,Boston,Consumer,62
7455,Seattle,Consumer,31
7456,Chicago,Consumer,67
7457,Seattle,Consumer,67
7458,San Diego,Corporate,53
7459,New York,Consumer,69
7460,San Diego,Consumer,39
7461,Seattle,Consumer,67
7462,Boston,Consumer,46
7463,Chicago,Consumer,22
7464,Boston,Consumer,61
7465,Austin,Corporate,67
7466,Seattle,Consumer,64
7467,Seattle,Consumer,39
7468,Seattle,Corporate,23
7469,Boston,Consumer,48
7470,Chicago,Consumer,63
7471,San Diego,Corporate,61
7472,Boston,Corporate,50
7473,Chicago,Consumer,58
7474,Chicago,Consumer,19
7475,Austin,Consumer,50
7476,San Diego,Consumer,23
7477,Boston,Consumer,56
7478,San Diego,Corporate,20
7479,San Diego,Corporate,48
7480,Austin,Home Office,67
7481,Seattle,Consumer,23
7482,Chicago,Consumer,40
7483,Austin,Consumer,20
7484,Chicago,Consumer,55
7485,New York,Consumer,66
7486,Boston,Home Office,18
7487,San Diego,Consumer,46
7488,Seattle,Consumer,59
7489,New York,Consumer,19
7490,New York,Home Office,43
7491,New York,Consumer,24
7492,San Diego,Corporate,66
7493,Chicago,Corporate,44
7494,Chicago,Consumer,45
7495,Boston,Corporate,69
7496,Boston,Consumer,59
7497,San Diego,Consumer,34
7498,Chicago,Consumer,50
7499,Seattle,Consumer,33
7500,Chicago,Corporate,45
7501,Boston,Corporate,60
7502,New York,Consumer,67
7503,San Diego,Consumer,67
7504,Seattle,Consumer,43
7505,San Diego,Consumer,64
7506,Austin,Corporate,64
7507,New York,Consumer,46
7508,San Diego,Corporate,19
7509,Seattle,Consumer,24
7510,Austin,Corporate,52
7511,Austin,Consumer,61
7512,Austin,Consumer,65
7513,Austin,Corporate,30
7514,Chicago,Consumer,64
7515,Chicago,Consumer,60
7516,Chicago,Home Office,43
7517,New York,Consumer,37
7518,Boston,Consumer,42
7519,Chicago,Consumer,53
7520,New York,Consumer,60
7521,New York,Corporate,26
7522,Boston,Corporate,35
7523,Austin,Consumer,24
7524,Chicago,Consumer,66
7525,Austin,Consumer,39
7526,New York,Consumer,31
7527,Chicago,Corporate,28
7528,Chicago,Consumer,21
7529,San Diego,Corporate,42
7530,New York,Consumer,58
7531,Austin,Corporate,34
7532,San Diego,Consumer,39
7533,Boston,Consumer,51
7534,Seattle,Home Office,36
7535,Chicago,Consumer,56
7536,Austin,Consumer,34
7537,Chicago,Corporate,41
7538,Seattle,Home Office,68
7539,Chicago,Consumer,61
7540,Seattle,Home Office,47
7541,Seattle,Consumer,38
7542,Boston,Home Office,69
7543,Austin,Consumer,42
7544,Boston,Consumer,35
7545,Austin,Consumer,48
7546,San Diego,Corporate,39
7547,Seattle,Home Office,64
7548,San Diego,Consumer,29
7549,Austin,Consumer,20
7550,San Diego,Consumer,40
7551,Austin,Consumer,67
7552,Austin,Corporate,21
7553,Austin,Consumer,60
7554,San Diego,Home Office,18
7555,Seattle,Home Office,46
7556,New York,Consumer,41
7557,San Diego,Consumer,26
7558,San Diego,Home Office,56
7559,New York,Home Office,27
7560,Boston,Corporate,40
7561,Seattle,Consumer,47
7562,New York,Consumer,44
7563,Austin,Corporate,19
7564,Boston,Consumer,41
7565,Chicago,Corporate,52
7566,Boston,Corporate,45
7567,Austin,Consumer,55
7568,Chicago,Consumer,58
7569,Austin,Consumer,27
7570,Seattle,Home Office,59
7571,San Diego,Consumer,64
7572,Boston,Consumer,61
7573,Chicago,Home Office,62
7574,Boston,Corporate,29
7575,Seattle,Consumer,51
7576,New York,Corporate,41
7577,Boston,Consumer,69
7578,Austin,Home Office,61
7579,Seattle,Home Office,26
7580,San Diego,Consumer,66
7581,New York,Consumer,54
7582,Chicago,Consumer,46
7583,San Diego,Corporate,41
7584,Chicago,Corporate,43
7585,New York,Consumer,58
7586,New York,Home Office,57
7587,San Diego,Consumer,46
7588,New York,Corporate,69
7589,New York,Corporate,30
7590,Seattle,Consumer,40
7591,New York,Consumer,49
7592,Seattle,Corporate,26
7593,Seattle,Corporate,43
7594,Seattle,Consumer,61
7595,Austin,Corporate,53
7596,San Diego,Consumer,54
7597,Seattle,Consumer,26
7598,Austin,Corporate,25
7599,New York,Consumer,40
7600,Chicago,Corporate,34
7601,New York,Corporate,18
7602,New York,Consumer,46
7603,Chicago,Consumer,57
7604,Chicago,Consumer,56
7605,New York,Consumer,23
7606,Chicago,Corporate,58
7607,Seattle,Consumer,37
7608,Chicago,Home Office,26
7609,Chicago,Consumer,42
7610,New York,Consumer,29
7611,New York,Home Office,52
7612,New York,Consumer,56
7613,Austin,Corporate,55
7614,Seattle,Corporate,24
7615,San Diego,Home Office,36
7616,Seattle,Consumer,43
7617,Seattle,Consumer,69
7618,Boston,Home Office,46
7619,Chicago,Consumer,51
7620,San Diego,Corporate,35
7621,Boston,Corporate,33
7622,Seattle,Consumer,59
7623,Boston,Corporate,61
7624,New York,Home Office,20
7625,Boston,Consumer,46
7626,Seattle,Corporate,58
7627,Chicago,Corporate,26
7628,New York,Consumer,51
7629,San Diego,Home Office,42
7630,Austin,Consumer,44
7631,Chicago,Consumer,48
7632,Austin,Home Office,63
7633,Boston,Home Office,22
7634,Austin,Consumer,28
7635,New York,Corporate,35
7636,Chicago,Consumer,59
7637,New York,Consumer,48
7638,San Diego,Consumer,27
7639,San Diego,Home Office,19
7640,Boston,Consumer,69
7641,Seattle,Consumer,25
7642,San Diego,Corporate,19
7643,Austin,Consumer,39
7644,Seattle,Consumer,46
7645,New York,Consumer,31
7646,Seattle,Corporate,26
7647,Seattle,Corporate,22
7648,New York,Corporate,39
7649,Seattle,Consumer,67
7650,San Diego,Consumer,25
7651,Austin,Corporate,47
7652,Seattle,Consumer,28
7653,Chicago,Consumer,53
7654,Chicago,Consumer,21
7655,New York,Consumer,28
7656,Chicago,Consumer,18
7657,San Diego,Home Office,51
7658,Boston,Consumer,55
7659,Seattle,Corporate,26
7660,Seattle,Consumer,41
7661,Seattle,Corporate,33
7662,Austin,Consumer,20
7663,Austin,Home Office,19
7664,Seattle,Consumer,66
7665,San Diego,Corporate,51
7666,Austin,Consumer,52
7667,Seattle,Consumer,33
7668,Austin,Home Office,31
7669,Chicago,Corporate,59
7670,Chicago,Corporate,40
7671,New York,Home Office,23
7672,Austin,Home Office,43
7673,San Diego,Consumer,45
7674,San Diego,Consumer,47
7675,Boston,Consumer,45
7676,New York,Home Office,62
7677,San Diego,Consumer,30
7678,San Diego,Consumer,48
7679,Austin,Consumer,64
7680,Chicago,Consumer,68
7681,Austin,Consumer,68
7682,San Diego,Consumer,55
7683,Boston,Consumer,23
7684,Seattle,Corporate,69
7685,Seattle,Consumer,19
7686,Seattle,Consumer,46
7687,New York,Consumer,41
7688,Seattle,Consumer,53
7689,New York,Consumer,58
7690,Boston,Consumer,56
7691,Boston,Consumer,29
7692,Seattle,Corporate,57
7693,Austin,Consumer,57
7694,San Diego,Consumer,19
7695,Seattle,Consumer,51
7696,San Diego,Consumer,24
7697,Seattle,Consumer,47
7698,Chicago,Consumer,29
7699,New York,Consumer,36
7700,Chicago,Consumer,32
7701,Seattle,Home Office,62
7702,Austin,Consumer,65
7703,Seattle,Consumer,59
7704,Chicago,Consumer,55
7705,Boston,Consumer,36
7706,Austin,Corporate,25
7707,Boston,Consumer,47
7708,Austin,Consumer,40
7709,Austin,Home Office,32
7710,Seattle,Consumer,30
7711,Chicago,Consumer,26
7712,Chicago,Corporate,61
7713,Austin,Home Office,34
7714,San Diego,Consumer,65
7715,New York,Corporate,52
7716,Austin,Consumer,26
7717,San Diego,Corporate,21
7718,San Diego,Consumer,39
7719,Austin,Corporate,22
7720,New York,Consumer,67
7721,New York,Consumer,65
7722,Austin,Consumer,52
7723,San Diego,Corporate,33
7724,New York,Corporate,63
7725,Boston,Corporate,51
7726,San Diego,Home Office,36
7727,New York,Consumer,63
7728,Austin,Corporate,28
7729,Chicago,Consumer,47
7730,Boston,Home Office,53
7731,Seattle,Corporate,65
7732,Chicago,Consumer,25
7733,Chicago,Consumer,32
7734,Seattle,Corporate,61
7735,New York,Corporate,43
7736,Chicago,Corporate,57
7737,New York,Consumer,58
7738,Seattle,Consumer,33
7739,San Diego,Home Office,35
7740,Austin,Corporate,43
7741,New York,Consumer,19
7742,Austin,Consumer,59
7743,Boston,Corporate,24
7744,Chicago,Corporate,66
7745,New York,Consumer,58
7746,New York,Home Office,36
7747,San Diego,Home Office,21
7748,New York,Consumer,59
7749,Seattle,Consumer,41
7750,Boston,Consumer,28
7751,Seattle,Corporate,40
7752,Austin,Consumer,64
7753,Chicago,Home Office,53
7754,New York,Consumer,53
7755,New York,Consumer,44
7756,Boston,Home Office,25
7757,New York,Home Office,67
7758,New York,Consumer,56
7759,San Diego,Consumer,44
7760,Austin,Consumer,55
7761,Austin,Consumer,36
7762,San Diego,Consumer,56
7763,Seattle,Consumer,68
7764,Boston,Consumer,35
7765,Austin,Corporate,18
7766,San Diego,Corporate,56
7767,Boston,Corporate,62
7768,Austin,Consumer,60
7769,Chicago,Consumer,68
7770,Boston,Consumer,36
7771,Chicago,Home Office,65
7772,New York,Consumer,28
7773,Seattle,Corporate,48
7774,Boston,Consumer,64
7775,New York,Home Office,65
7776,Boston,Consumer,50
7777,San Diego,Consumer,46
7778,Boston,Corporate,41
7779,Austin,Consumer,63
7780,Chicago,Consumer,63
7781,Seattle,Consumer,30
7782,New York,Home Office,25
7783,Boston,Corporate,60
7784,Seattle,Consumer,60
7785,Austin,Corporate,23
7786,Seattle,Corporate,43
7787,San Diego,Consumer,44
7788,Seattle,Consumer,20
7789,Boston,Consumer,52
7790,Boston,Corporate,68
7791,Boston,Consumer,28
7792,Seattle,Home Office,58
7793,San Diego,Consumer,22
7794,Chicago,Corporate,29
7795,New York,Consumer,47
7796,Austin,Corporate,66
7797,Boston,Consumer,64
7798,New York,Consumer,66
7799,Seattle,Consumer,69
7800,Chicago,Corporate,59
7801,Austin,Consumer,36
7802,New York,Corporate,24
7803,San Diego,Consumer,60
7804,San Diego,Consumer,27
7805,San Diego,Consumer,45
7806,San Diego,Consumer,57
7807,Chicago,Consumer,19
7808,Seattle,Consumer,65
7809,New York,Corporate,33
7810,Austin,Home Office,29
7811,Seattle,Consumer,37
7812,San Diego,Corporate,41
7813,New York,Corporate,41
7814,San Diego,Corporate,26
7815,Austin,Consumer,27
7816,Boston,Home Office,42
7817,Seattle,Consumer,29
7818,Seattle,Corporate,51
7819,San Diego,Consumer,64
7820,San Diego,Corporate,18
7821,New York,Home Office,19
7822,Seattle,Home Office,51
7823,New York,Consumer,19
7824,Austin,Corporate,51
7825,San Diego,Consumer,43
7826,Boston,Corporate,41
7827,Chicago,Consumer,49
7828,Austin,Corporate,64
7829,Seattle,Consumer,24
7830,Austin,Consumer,25
7831,Chicago,Consumer,54
7832,Chicago,Consumer,20
7833,Austin,Consumer,40
7834,Seattle,Corporate,43
7835,Boston,Corporate,38
7836,Seattle,Corporate,45
7837,Austin,Corporate,23
7838,Seattle,Consumer,31
7839,San Diego,Consumer,18
7840,Austin,Consumer,68
7841,Austin,Consumer,61
7842,Chicago,Consumer,31
7843,Boston,Corporate,19
7844,Boston,Corporate,32
7845,Chicago,Corporate,67
7846,Austin,Consumer,60
7847,Chicago,Corporate,52
7848,Boston,Consumer,65
7849,New York,Home Office,27
7850,Chicago,Consumer,45
7851,Chicago,Consumer,59
7852,Seattle,Consumer,18
7853,Chicago,Consumer,40
7854,Seattle,Consumer,36
7855,San Diego,Consumer,27
7856,San Diego,Consumer,29
7857,New York,Home Office,68
7858,New York,Consumer,44
7859,New York,Consumer,22
7860,Boston,Home Office,53
7861,Seattle,Consumer,48
7862,Seattle,Corporate,38
7863,San Diego,Consumer,38
7864,Seattle,Consumer,45
7865,Chicago,Consumer,66
7866,Seattle,Consumer,57
7867,San Diego,Corporate,38
7868,New York,Corporate,30
7869,Seattle,Consumer,23
7870,Austin,Home Office,28
7871,New York,Consumer,25
7872,Chicago,Consumer,59
7873,Austin,Home Office,47
7874,Austin,Home Office,19
7875,Chicago,Consumer,66
7876,Seattle,Consumer,25
7877,Austin,Consumer,51
7878,Austin,Consumer,18
7879,San Diego,Corporate,48
7880,New York,Consumer,46
7881,Austin,Corporate,65
7882,New York,Consumer,49
7883,Boston,Consumer,43
7884,Chicago,Consumer,45
7885,San Diego,Consumer,50
7886,Chicago,Consumer,39
7887,Chicago,Home Office,55
7888,Seattle,Home Office,45
7889,San Diego,Corporate,68
7890,Chicago,Consumer,28
7891,Chicago,Home Office,55
7892,Boston,Home Office,60
7893,Chicago,Home Office,55
7894,Chicago,Consumer,69
7895,San Diego,Consumer,40
7896,New York,Corporate,46
7897,Boston,Consumer,26
7898,Boston,Consumer,37
7899,Boston,Consumer,26
7900,Chicago,Consumer,59
7901,New York,Consumer,58
7902,Austin,Corporate,28
7903,Austin,Corporate,59
7904,Boston,Consumer,34
7905,Seattle,Consumer,55
7906,Boston,Home Office,66
7907,San Diego,Consumer,61
7908,San Diego,Consumer,27
7909,New York,Consumer,27
7910,New York,Consumer,23
7911,New York,Corporate,61
7912,Seattle,Consumer,46
7913,Chicago,Home Office,26
7914,Boston,Consumer,48
7915,New York,Home Office,45
7916,Boston,Corporate,49
7917,San Diego,Consumer,51
7918,New York,Consumer,26
7919,New York,Consumer,38
7920,Austin,Home Office,55
7921,Austin,Corporate,65
7922,Chicago,Consumer,30
7923,Seattle,Consumer,47
7924,New York,Home Office,67
7925,New York,Corporate,49
7926,San Diego,Consumer,29
7927,Boston,Consumer,48
7928,Chicago,Consumer,18
7929,Boston,Corporate,43
7930,Austin,Consumer,47
7931,Austin,Corporate,20
7932,New York,Consumer,28
7933,Austin,Consumer,69
7934,Austin,Consumer,50
7935,Seattle,Corporate,41
7936,New York,Consumer,29
7937,Chicago,Home Office,24
7938,Austin,Consumer,40
7939,New York,Corporate,46
7940,New York,Home Office,27
7941,Seattle,Corporate,59
7942,Boston,Consumer,40
7943,Seattle,Corporate,20
7944,New York,Consumer,25
7945,Boston,Consumer,62
7946,Seattle,Corporate,35
7947,San Diego,Corporate,37
7948,Chicago,Consumer,28
7949,Seattle,Home Office,60
7950,New York,Consumer,60
7951,Seattle,Home Office,30
7952,Chicago,Corporate,55
7953,Boston,Home Office,41
7954,New York,Corporate,26
7955,Seattle,Home Office,59
7956,New York,Corporate,22
7957,San Diego,Consumer,63
7958,Austin,Consumer,19
7959,Boston,Corporate,34
7960,Seattle,Consumer,29
7961,Austin,Home Office,30
7962,New York,Consumer,42
7963,Seattle,Home Office,57
7964,Austin,Consumer,38
7965,New York,Corporate,44
7966,Seattle,Home Office,68
7967,Chicago,Consumer,43
7968,Chicago,Corporate,59
7969,New York,Consumer,38
7970,Austin,Corporate,22
7971,Chicago,Corporate,31
7972,New York,Consumer,26
7973,Austin,Consumer,65
7974,Chicago,Consumer,19
7975,New York,Consumer,60
7976,Austin,Corporate,25
7977,New York,Consumer,25
7978,Boston,Home Office,45
7979,Austin,Home Office,22
7980,Boston,Home Office,21
7981,Boston,Consumer,58
7982,Boston,Consumer,21
7983,Seattle,Corporate,49
7984,Austin,Corporate,24
7985,San Diego,Home Office,22
7986,New York,Consumer,52
7987,Boston,Consumer,38
7988,Chicago,Home Office,19
7989,New York,Corporate,53
7990,Chicago,Consumer,68
7991,Chicago,Corporate,47
7992,New York,Consumer,37
7993,San Diego,Consumer,61
7994,New York,Consumer,35
7995,Boston,Consumer,49
7996,Austin,Consumer,42
7997,San Diego,Consumer,55
7998,Austin,Consumer,44
7999,New York,Consumer,43
8000,Chicago,Consumer,39
8001,Seattle,Consumer,33
8002,San Diego,Corporate,43
8003,Chicago,Corporate,21
8004,Austin,Consumer,35
8005,Boston,Consumer,21
8006,Boston,Corporate,34
8007,Austin,Home Office,36
8008,Chicago,Home Office,19
8009,Chicago,Home Office,33
8010,Seattle,Corporate,52
8011,Seattle,Home Office,68
8012,Chicago,Consumer,50
8013,New York,Corporate,55
8014,Austin,Home Office,52
8015,San Diego,Corporate,67
8016,New York,Consumer,66
8017,Austin,Consumer,23
8018,New York,Consumer,42
8019,Chicago,Consumer,65
8020,Seattle,Corporate,63
8021,Chicago,Corporate,45
8022,Chicago,Consumer,41
8023,Boston,Corporate,21
8024,Chicago,Consumer,42
8025,Chicago,Consumer,44
8026,Boston,Consumer,50
8027,Seattle,Consumer,45
8028,New York,Corporate,29
8029,Austin,Corporate,68
8030,Seattle,Corporate,29
8031,Chicago,Consumer,37
8032,Seattle,Corporate,44
8033,Seattle,Consumer,33
8034,Chicago,Consumer,21
8035,San Diego,Consumer,49
8036,Austin,Corporate,30
8037,Boston,Home Office,63
8038,New York,Consumer,59
8039,Chicago,Corporate,40
8040,San Diego,Consumer,42
8041,Boston,Consumer,67
8042,Chicago,Corporate,19
8043,Boston,Corporate,37
8044,Chicago,Home Office,21
8045,Austin,Corporate,25
8046,Chicago,Consumer,65
8047,Austin,Home Office,23
8048,Boston,Home Office,67
8049,San Diego,Consumer,58
8050,San Diego,Consumer,51
8051,Chicago,Consumer,56
8052,Boston,Corporate,27
8053,Austin,Home Office,24
8054,Seattle,Corporate,37
8055,San Diego,Consumer,57
8056,Seattle,Consumer,33
8057,Seattle,Consumer,27
8058,Austin,Consumer,58
8059,Seattle,Consumer,50
8060,Boston,Consumer,45
8061,Austin,Consumer,39
8062,Seattle,Consumer,58
8063,Chicago,Corporate,56
8064,Austin,Consumer,36
8065,San Diego,Consumer,24
8066,Seattle,Consumer,63
8067,Chicago,Home Office,25
8068,Seattle,Corporate,40
8069,San Diego,Corporate,64
8070,New York,Corporate,39
8071,New York,Corporate,61
8072,Austin,Corporate,43
8073,Seattle,Consumer,56
8074,Chicago,Consumer,48
8075,San Diego,Consumer,32
8076,Boston,Consumer,64
8077,Seattle,Consumer,42
8078,Austin,Consumer,41
8079,New York,Consumer,52
8080,San Diego,Consumer,66
8081,Boston,Consumer,63
8082,Austin,Consumer,38
8083,Seattle,Consumer,30
8084,San Diego,Consumer,34
8085,San Diego,Corporate,31
8086,New York,Consumer,33
8087,San Diego,Consumer,40
8088,Boston,Consumer,19
8089,San Diego,Consumer,45
8090,Austin,Consumer,62
8091,Seattle,Consumer,40
8092,Chicago,Consumer,22
8093,Seattle,Home Office,38
8094,Chicago,Corporate,35
8095,Austin,Consumer,48
8096,Chicago,Consumer,31
8097,Austin,Corporate,33
8098,Austin,Consumer,56
8099,New York,Home Office,27
8100,San Diego,Consumer,66
8101,Austin,Consumer,33
8102,Boston,Consumer,60
8103,Chicago,Home Office,22
8104,San Diego,Home Office,34
8105,Chicago,Home Office,37
8106,Seattle,Consumer,41
8107,Austin,Corporate,22
8108,Austin,Consumer,30
8109,Seattle,Consumer,63
8110,San Diego,Corporate,66
8111,Chicago,Home Office,40
8112,Boston,Consumer,24
8113,Chicago,Consumer,32
8114,Chicago,Consumer,67
8115,Chicago,Consumer,65
8116,Boston,Consumer,60
8117,New York,Home Office,62
8118,Austin,Consumer,55
8119,Austin,Corporate,50
8120,San Diego,Consumer,58
8121,Austin,Consumer,51
8122,Boston,Consumer,35
8123,San Diego,Consumer,51
8124,San Diego,Consumer,33
8125,San Diego,Corporate,50
8126,New York,Home Office,37
8127,Austin,Consumer,43
8128,Seattle,Consumer,27
8129,Chicago,Home Office,67
8130,New York,Consumer,56
8131,New York,Home Office,23
8132,San Diego,Home Office,42
8133,Seattle,Corporate,41
8134,Chicago,Consumer,64
8135,San Diego,Corporate,57
8136,San Diego,Consumer,63
8137,San Diego,Consumer,42
8138,Boston,Home Office,26
8139,Boston,Consumer,55
8140,Chicago,Corporate,29
8141,San Diego,Consumer,51
8142,Austin,Consumer,39
8143,Austin,Corporate,36
8144,Seattle,Corporate,24
8145,Seattle,Consumer,59
8146,Austin,Corporate,53
8147,Boston,Consumer,35
8148,Chicago,Home Office,56
8149,New York,Corporate,69
8150,New York,Corporate,55
8151,San Diego,Consumer,67
8152,Austin,Consumer,42
8153,Austin,Home Office,37
8154,Seattle,Consumer,61
8155,Austin,Consumer,52
8156,Seattle,Corporate,49
8157,New York,Corporate,51
8158,New York,Home Office,69
8159,Boston,Corporate,53
8160,Austin,Home Office,60
8161,Chicago,Consumer,19
8162,Austin,Corporate,55
8163,Austin,Corporate,34
8164,Chicago,Corporate,24
8165,Chicago,Consumer,32
8166,San Diego,Consumer,61
8167,New York,Consumer,60
8168,Chicago,Corporate,33
8169,Austin,Consumer,27
8170,Seattle,Corporate,39
8171,Boston,Corporate,35
8172,Boston,Consumer,42
8173,Chicago,Corporate,58
8174,Seattle,Consumer,35
8175,New York,Consumer,27
8176,Seattle,Consumer,23
8177,New York,Consumer,53
8178,New York,Corporate,28
8179,San Diego,Consumer,29
8180,Chicago,Consumer,59
8181,Austin,Consumer,22
8182,New York,Corporate,51
8183,San Diego,Consumer,18
8184,San Diego,Consumer,67
8185,Seattle,Home Office,55
8186,Boston,Consumer,60
8187,Austin,Consumer,52
8188,Chicago,Consumer,38
8189,New York,Corporate,69
8190,Chicago,Corporate,58
8191,Chicago,Consumer,22
8192,Chicago,Corporate,47
8193,Chicago,Corporate,46
8194,Seattle,Home Office,32
8195,New York,Home Office,41
8196,Seattle,Corporate,68
8197,Austin,Consumer,22
8198,San Diego,Consumer,66
8199,Seattle,Home Office,54
8200,Boston,Consumer,23
8201,Austin,Consumer,33
8202,Chicago,Home Office,61
8203,Seattle,Home Office,54
8204,Seattle,Corporate,22
8205,Austin,Home Office,25
8206,Seattle,Consumer,66
8207,Austin,Corporate,26
8208,Chicago,Home Office,50
8209,Chicago,Consumer,69
8210,Boston,Consumer,26
8211,San Diego,Corporate,20
8212,New York,Consumer,60
8213,Boston,Consumer,67
8214,San Diego,Consumer,44
8215,New York,Consumer,30
8216,San Diego,Consumer,21
8217,Seattle,Home Office,65
8218,Boston,Corporate,59
8219,Austin,Corporate,64
8220,Seattle,Consumer,58
8221,Chicago,Consumer,40
8222,Chicago,Consumer,43
8223,Seattle,Home Office,37
8224,San Diego,Home Office,56
8225,Boston,Consumer,23
8226,San Diego,Home Office,20
8227,Seattle,Consumer,67
8228,Seattle,Consumer,34
8229,Austin,Corporate,19
8230,San Diego,Consumer,53
8231,Chicago,Home Office,38
8232,Chicago,Consumer,29
8233,Boston,Corporate,40
8234,Seattle,Consumer,41
8235,Austin,Consumer,49
8236,Boston,Consumer,66
8237,Boston,Home Office,63
8238,Chicago,Consumer,60
8239,Seattle,Corporate,43
8240,Austin,Consumer,47
8241,San Diego,Consumer,24
8242,Boston,Consumer,47
8243,Seattle,Corporate,52
8244,San Diego,Consumer,64
8245,Seattle,Consumer,20
8246,Boston,Corporate,62
8247,Austin,Consumer,44
8248,Austin,Consumer,22
8249,Austin,Consumer,69
8250,Boston,Consumer,42
8251,Seattle,Corporate,39
8252,New York,Consumer,27
8253,New York,Corporate,21
8254,Seattle,Consumer,22
8255,San Diego,Home Office,31
8256,Austin,Home Office,33
8257,Seattle,Consumer,42
8258,San Diego,Consumer,49
8259,Seattle,Consumer,69
8260,Boston,Corporate,59
8261,Seattle,Consumer,43
8262,San Diego,Corporate,65
8263,San Diego,Consumer,47
8264,Seattle,Consumer,39
8265,New York,Corporate,29
8266,Austin,Corporate,39
8267,New York,Corporate,20
8268,Seattle,Corporate,25
8269,New York,Corporate,67
8270,Seattle,Consumer,28
8271,Austin,Home Office,47
8272,New York,Corporate,23
8273,New York,Home Office,49
8274,Seattle,Home Office,68
8275,New York,Consumer,41
8276,Boston,Corporate,24
8277,San Diego,Corporate,19
8278,San Diego,Consumer,57
8279,Chicago,Corporate,23
8280,San Diego,Consumer,34
8281,Seattle,Consumer,61
8282,Austin,Consumer,45
8283,New York,Corporate,63
8284,Seattle,Corporate,63
8285,San Diego,Consumer,52
8286,New York,Consumer,66
8287,New York,Consumer,19
8288,Austin,Consumer,30
8289,Seattle,Consumer,32
8290,Austin,Consumer,65
8291,Austin,Home Office,50
8292,Chicago,Consumer,31
8293,New York,Consumer,28
8294,New York,Home Office,59
8295,New York,Consumer,62
8296,San Diego,Home Office,18
8297,San Diego,Consumer,36
8298,Austin,Consumer,45
8299,New York,Consumer,30
8300,Austin,Consumer,55
8301,Boston,Home Office,57
8302,Chicago,Corporate,61
8303,Austin,Corporate,58
8304,Seattle,Consumer,61
8305,Chicago,Home Office,37
8306,Austin,Consumer,33
8307,Austin,Consumer,34
8308,Austin,Home Office,62
8309,San Diego,Consumer,51
8310,Seattle,Consumer,34
8311,New York,Consumer,55
8312,New York,Consumer,30
8313,Austin,Corporate,31
8314,Boston,Consumer,18
8315,New York,Home Office,68
8316,New York,Consumer,30
8317,San Diego,Corporate,57
8318,Austin,Corporate,24
8319,Chicago,Corporate,19
8320,Chicago,Consumer,53
8321,Seattle,Consumer,23
8322,Seattle,Corporate,25
8323,Seattle,Home Office,35
8324,Chicago,Consumer,48
8325,Seattle,Consumer,18
8326,Boston,Corporate,24
8327,Chicago,Consumer,35
8328,Austin,Consumer,54
8329,New York,Home Office,23
8330,Seattle,Consumer,32
8331,New York,Consumer,28
8332,Chicago,Corporate,34
8333,San Diego,Consumer,31
8334,New York,Consumer,51
8335,Boston,Consumer,21
8336,Austin,Consumer,66
8337,Austin,Consumer,30
8338,Seattle,Corporate,69
8339,Seattle,Consumer,55
8340,Austin,Consumer,36
8341,Boston,Corporate,33
8342,Boston,Consumer,67
8343,Chicago,Consumer,69
8344,San Diego,Consumer,49
8345,Chicago,Consumer,20
8346,Boston,Consumer,65
8347,Chicago,Consumer,42
8348,Chicago,Home Office,19
8349,San Diego,Home Office,59
8350,San Diego,Home Office,19
8351,New York,Consumer,37
8352,Seattle,Corporate,21
8353,Austin,Consumer,40
8354,Seattle,Consumer,59
8355,Seattle,Home Office,24
8356,Boston,Corporate,25
8357,Boston,Consumer,67
8358,Seattle,Home Office,27
8359,San Diego,Consumer,23
8360,Boston,Consumer,48
8361,Chicago,Consumer,32
8362,San Diego,Consumer,67
8363,San Diego,Home Office,26
8364,New York,Consumer,47
8365,Boston,Consumer,65
8366,San Diego,Corporate,56
8367,Austin,Home Office,19
8368,Austin,Home Office,27
8369,Austin,Home Office,24
8370,Boston,Home Office,65
8371,Boston,Corporate,28
8372,San Diego,Consumer,20
8373,Seattle,Home Office,37
8374,New York,Consumer,32
8375,Boston,Consumer,26
8376,New York,Consumer,41
8377,Chicago,Consumer,64
8378,New York,Corporate,29
8379,Boston,Home Office,69
8380,Austin,Consumer,52
8381,Chicago,Consumer,37
8382,New York,Consumer,53
8383,Austin,Corporate,36
8384,San Diego,Consumer,29
8385,Boston,Consumer,30
8386,Seattle,Corporate,18
8387,Seattle,Consumer,51
8388,Boston,Consumer,21
8389,Boston,Consumer,28
8390,Chicago,Consumer,18
8391,Boston,Corporate,21
8392,Seattle,Consumer,65
8393,Boston,Consumer,19
8394,New York,Home Office,50
8395,New York,Corporate,35
8396,Boston,Consumer,25
8397,San Diego,Corporate,33
8398,Chicago,Consumer,22
8399,Boston,Consumer,34
8400,New York,Corporate,60
8401,San Diego,Consumer,50
8402,Chicago,Consumer,60
8403,New York,Home Office,54
8404,San Diego,Corporate,66
8405,Boston,Home Office,23
8406,New York,Home Office,26
8407,New York,Consumer,39
8408,Seattle,Corporate,45
8409,New York,Consumer,58
8410,San Diego,Corporate,24
8411,Boston,Consumer,23
8412,San Diego,Consumer,59
8413,Chicago,Consumer,46
8414,Chicago,Corporate,39
8415,San Diego,Consumer,29
8416,New York,Consumer,54
8417,Seattle,Home Office,59
8418,Austin,Corporate,19
8419,San Diego,Consumer,20
8420,Chicago,Consumer,58
8421,San Diego,Home Office,63
8422,San Diego,Consumer,29
8423,Chicago,Consumer,54
8424,Austin,Home Office,61
8425,New York,Consumer,23
8426,Austin,Consumer,27
8427,Chicago,Consumer,24
8428,New York,Consumer,59
8429,Seattle,Consumer,58
8430,Seattle,Corporate,24
8431,New York,Consumer,27
8432,Chicago,Corporate,52
8433,New York,Corporate,64
8434,San Diego,Home Office,58
8435,Austin,Consumer,26
8436,New York,Corporate,38
8437,Chicago,Consumer,21
8438,Boston,Corporate,30
8439,Chicago,Consumer,47
8440,San Diego,Corporate,35
8441,Austin,Consumer,49
8442,Chicago,Corporate,33
8443,Chicago,Consumer,47
8444,New York,Consumer,50
8445,San Diego,Corporate,28
8446,Austin,Consumer,20
8447,Austin,Corporate,35
8448,New York,Corporate,20
8449,San Diego,Corporate,26
8450,Chicago,Corporate,32
8451,Seattle,Corporate,35
8452,Boston,Home Office,32
8453,San Diego,Consumer,20
8454,Seattle,Consumer,27
8455,Boston,Corporate,63
8456,Chicago,Consumer,55
8457,Boston,Consumer,41
8458,Seattle,Consumer,19
8459,Austin,Consumer,36
8460,Chicago,Consumer,66
8461,San Diego,Corporate,60
8462,Boston,Corporate,57
8463,San Diego,Corporate,30
8464,New York,Consumer,38
8465,Austin,Corporate,19
8466,San Diego,Corporate,62
8467,Austin,Consumer,23
8468,San Diego,Consumer,50
8469,San Diego,Consumer,32
8470,New York,Home Office,47
8471,Seattle,Consumer,61
8472,Chicago,Consumer,34
8473,Austin,Consumer,18
8474,Austin,Consumer,52
8475,San Diego,Consumer,45
8476,Boston,Corporate,25
8477,Austin,Consumer,20
8478,Seattle,Corporate,45
8479,Seattle,Consumer,49
8480,Seattle,Consumer,24
8481,Seattle,Corporate,49
8482,San Diego,Corporate,41
8483,Boston,Home Office,25
8484,San Diego,Consumer,50
8485,New York,Consumer,51
8486,Austin,Corporate,26
8487,Austin,Consumer,53
8488,Seattle,Corporate,29
8489,Seattle,Consumer,49
8490,San Diego,Consumer,60
8491,Austin,Corporate,66
8492,Chicago,Corporate,31
8493,Austin,Home Office,35
8494,Boston,Home Office,22
8495,Chicago,Consumer,68
8496,New York,Corporate,35
8497,Boston,Home Office,59
8498,Chicago,Consumer,66
8499,Seattle,Consumer,42
8500,San Diego,Home Office,54
8501,Chicago,Consumer,42
8502,Austin,Home Office,47
8503,Chicago,Consumer,30
8504,New York,Home Office,61
8505,New York,Corporate,24
8506,Chicago,Corporate,52
8507,Austin,Corporate,65
8508,Seattle,Consumer,60
8509,New York,Corporate,57
8510,Boston,Home Office,52
8511,San Diego,Home Office,67
8512,New York,Home Office,62
8513,Boston,Corporate,32
8514,New York,Corporate,50
8515,Seattle,Consumer,40
8516,Austin,Corporate,31
8517,Seattle,Corporate,60
8518,Boston,Consumer,20
8519,Boston,Consumer,24
8520,Chicago,Corporate,23
8521,Seattle,Consumer,28
8522,Boston,Consumer,44
8523,San Diego,Consumer,67
8524,Boston,Corporate,68
8525,Austin,Home Office,64
8526,Chicago,Corporate,57
8527,Seattle,Home Office,41
8528,San Diego,Home Office,58
8529,Boston,Consumer,31
8530,San Diego,Consumer,52
8531,San Diego,Consumer,18
8532,Seattle,Consumer,64
8533,Chicago,Consumer,68
8534,Austin,Consumer,56
8535,Austin,Home Office,27
8536,San Diego,Corporate,31
8537,Seattle,Consumer,56
8538,San Diego,Home Office,43
8539,New York,Home Office,46
8540,San Diego,Corporate,39
8541,Seattle,Corporate,61
8542,Boston,Home Office,26
8543,Austin,Corporate,40
8544,Austin,Home Office,29
8545,New York,Consumer,53
8546,San Diego,Consumer,32
8547,San Diego,Consumer,33
8548,Boston,Consumer,27
8549,New York,Consumer,62
8550,Chicago,Consumer,29
8551,Boston,Consumer,63
8552,New York,Consumer,65
8553,Seattle,Consumer,68
8554,Austin,Corporate,35
8555,Boston,Corporate,52
8556,Boston,Corporate,61
8557,Boston,Consumer,22
8558,Chicago,Corporate,21
8559,Seattle,Consumer,28
8560,San Diego,Consumer,69
8561,Boston,Consumer,22
8562,New York,Home Office,57
8563,Boston,Home Office,61
8564,Austin,Corporate,65
8565,New York,Corporate,45
8566,Seattle,Consumer,45
8567,San Diego,Corporate,56
8568,New York,Consumer,50
8569,New York,Consumer,58
8570,Boston,Home Office,36
8571,Boston,Home Office,66
8572,New York,Consumer,40
8573,Boston,Consumer,30
8574,Boston,Consumer,57
8575,Boston,Consumer,50
8576,Chicago,Consumer,20
8577,Seattle,Corporate,26
8578,Boston,Consumer,19
8579,Boston,Consumer,47
8580,Seattle,Consumer,63
8581,Chicago,Corporate,34
8582,New York,Consumer,23
8583,Chicago,Consumer,62
8584,New York,Corporate,55
8585,Chicago,Corporate,46
8586,New York,Consumer,28
8587,San Diego,Corporate,52
8588,Seattle,Consumer,37
8589,Seattle,Corporate,30
8590,San Diego,Consumer,33
8591,Austin,Home Office,21
8592,Austin,Home Office,43
8593,Chicago,Corporate,57
8594,Austin,Home Office,60
8595,Chicago,Consumer,55
8596,Seattle,Corporate,63
8597,Boston,Consumer,68
8598,Seattle,Consumer,29
8599,Chicago,Consumer,40
8600,San Diego,Corporate,35
8601,San Diego,Corporate,53
8602,Austin,Home Office,61
8603,Chicago,Consumer,64
8604,San Diego,Home Office,22
8605,Chicago,Home Office,44
8606,Boston,Corporate,24
8607,Chicago,Consumer,35
8608,Austin,Consumer,42
8609,San Diego,Corporate,50
8610,New York,Home Office,59
8611,Chicago,Consumer,69
8612,New York,Consumer,35
8613,Austin,Consumer,47
8614,Seattle,Consumer,21
8615,Chicago,Corporate,23
8616,Austin,Consumer,68
8617,San Diego,Consumer,66
8618,Boston,Corporate,66
8619,New York,Consumer,31
8620,Seattle,Consumer,51
8621,New York,Corporate,29
8622,Seattle,Consumer,53
8623,Boston,Home Office,43
8624,San Diego,Corporate,66
8625,Chicago,Home Office,37
8626,Chicago,Consumer,51
8627,San Diego,Corporate,52
8628,San Diego,Consumer,58
8629,Chicago,Corporate,20
8630,New York,Consumer,42
8631,Austin,Consumer,41
8632,Seattle,Consumer,29
8633,Austin,Corporate,59
8634,Boston,Corporate,61
8635,San Diego,Consumer,22
8636,San Diego,Corporate,53
8637,New York,Corporate,62
8638,Boston,Consumer,33
8639,San Diego,Consumer,50
8640,Austin,Home Office,50
8641,Seattle,Corporate,18
8642,San Diego,Corporate,60
8643,Boston,Corporate,57
8644,Seattle,Corporate,32
8645,New York,Consumer,34
8646,Seattle,Home Office,57
8647,San Diego,Consumer,59
8648,New York,Corporate,21
8649,San Diego,Home Office,36
8650,Chicago,Corporate,50
8651,Boston,Consumer,24
8652,Seattle,Consumer,69
8653,Chicago,Consumer,28
8654,New York,Corporate,63
8655,New York,Consumer,21
8656,San Diego,Consumer,63
8657,Austin,Home Office,20
8658,Boston,Consumer,53
8659,Chicago,Consumer,36
8660,Boston,Consumer,41
8661,Boston,Corporate,23
8662,New York,Consumer,53
8663,Seattle,Corporate,50
8664,Boston,Consumer,34
8665,Chicago,Consumer,42
8666,New York,Consumer,46
8667,Boston,Consumer,53
8668,Austin,Corporate,46
8669,New York,Consumer,21
8670,Boston,Consumer,46
8671,San Diego,Consumer,36
8672,New York,Consumer,39
8673,Chicago,Consumer,37
8674,New York,Consumer,36
8675,Boston,Home Office,30
8676,New York,Consumer,35
8677,San Diego,Consumer,55
8678,Seattle,Corporate,29
8679,Seattle,Consumer,57
8680,San Diego,Corporate,40
8681,Boston,Home Office,49
8682,New York,Corporate,24
8683,New York,Home Office,28
8684,New York,Corporate,64
8685,San Diego,Consumer,61
8686,Seattle,Home Office,21
8687,New York,Consumer,64
8688,Chicago,Consumer,61
8689,Seattle,Corporate,25
8690,San Diego,Home Office,30
8691,Austin,Home Office,27
8692,Boston,Consumer,62
8693,Boston,Corporate,62
8694,San Diego,Consumer,55
8695,Austin,Corporate,31
8696,Boston,Corporate,65
8697,San Diego,Consumer,62
8698,Seattle,Corporate,63
8699,Austin,Consumer,36
8700,San Diego,Consumer,54
8701,Seattle,Home Office,53
8702,Chicago,Corporate,25
8703,Boston,Consumer,48
8704,New York,Consumer,46
8705,San Diego,Consumer,48
8706,Seattle,Consumer,35
8707,Seattle,Consumer,52
8708,New York,Consumer,64
8709,Austin,Consumer,49
8710,Boston,Corporate,63
8711,Chicago,Consumer,58
8712,San Diego,Corporate,34
8713,Boston,Home Office,56
8714,Boston,Consumer,52
8715,Seattle,Corporate,67
8716,Chicago,Consumer,35
8717,San Diego,Consumer,26
8718,Austin,Corporate,53
8719,Seattle,Consumer,50
8720,San Diego,Consumer,49
8721,San Diego,Home Office,56
8722,Chicago,Consumer,44
8723,San Diego,Corporate,19
8724,Seattle,Corporate,63
8725,Boston,Consumer,32
8726,Seattle,Corporate,30
8727,Boston,Consumer,60
8728,Boston,Consumer,59
8729,Boston,Home Office,44
8730,San Diego,Consumer,53
8731,Seattle,Corporate,22
8732,New York,Consumer,32
8733,Austin,Consumer,30
8734,Austin,Corporate,39
8735,San Diego,Corporate,36
8736,Seattle,Consumer,21
8737,Austin,Corporate,53
8738,New York,Consumer,49
8739,San Diego,Consumer,37
8740,Austin,Corporate,64
8741,New York,Corporate,36
8742,Chicago,Consumer,24
8743,Boston,Corporate,62
8744,New York,Consumer,24
8745,Austin,Home Office,21
8746,Seattle,Corporate,42
8747,New York,Consumer,48
8748,New York,Consumer,32
8749,Boston,Home Office,61
8750,Seattle,Home Office,32
8751,Chicago,Consumer,68
8752,Chicago,Consumer,51
8753,Austin,Consumer,27
8754,San Diego,Home Office,39
8755,San Diego,Home Office,21
8756,Chicago,Corporate,61
8757,San Diego,Consumer,51
8758,Boston,Home Office,40
8759,Chicago,Consumer,53
8760,New York,Consumer,49
8761,Boston,Consumer,49
8762,Seattle,Consumer,38
8763,San Diego,Consumer,36
8764,Chicago,Consumer,31
8765,Chicago,Consumer,58
8766,Chicago,Corporate,42
8767,Chicago,Consumer,42
8768,Austin,Consumer,55
8769,New York,Consumer,45
8770,Boston,Consumer,67
8771,Seattle,Consumer,30
8772,Boston,Corporate,20
8773,Seattle,Consumer,39
8774,Chicago,Consumer,45
8775,Seattle,Corporate,60
8776,New York,Consumer,51
8777,San Diego,Corporate,66
8778,San Diego,Consumer,22
8779,New York,Home Office,45
8780,Seattle,Consumer,61
8781,Seattle,Consumer,44
8782,Chicago,Corporate,32
8783,New York,Consumer,57
8784,San Diego,Corporate,63
8785,Chicago,Consumer,31
8786,Seattle,Consumer,46
8787,Chicago,Home Office,59
8788,Seattle,Home Office,25
8789,New York,Consumer,18
8790,Austin,Consumer,56
8791,Seattle,Corporate,57
8792,Austin,Corporate,26
8793,Seattle,Home Office,49
8794,Chicago,Corporate,55
8795,Austin,Consumer,68
8796,San Diego,Corporate,60
8797,Austin,Consumer,29
8798,New York,Consumer,47
8799,Boston,Corporate,56
8800,San Diego,Corporate,32
8801,San Diego,Consumer,26
8802,San Diego,Corporate,40
8803,San Diego,Consumer,55
8804,San Diego,Consumer,45
8805,Seattle,Corporate,49
8806,New York,Corporate,52
8807,Seattle,Consumer,67
8808,Chicago,Consumer,50
8809,San Diego,Consumer,25
8810,Austin,Consumer,38
8811,Boston,Home Office,26
8812,Seattle,Consumer,57
8813,Seattle,Home Office,69
8814,Boston,Consumer,58
8815,Austin,Consumer,30
8816,Austin,Consumer,54
8817,Austin,Corporate,19
8818,Boston,Home Office,32
8819,San Diego,Consumer,33
8820,New York,Consumer,42
8821,Austin,Consumer,34
8822,Austin,Consumer,40
8823,Seattle,Consumer,18
8824,New York,Home Office,60
8825,San Diego,Consumer,38
8826,San Diego,Corporate,60
8827,Chicago,Corporate,21
8828,New York,Consumer,63
8829,Seattle,Consumer,50
8830,Chicago,Home Office,30
8831,Boston,Consumer,57
8832,San Diego,Consumer,56
8833,Boston,Home Office,55
8834,Seattle,Consumer,63
8835,Boston,Home Office,67
8836,New York,Consumer,26
8837,Chicago,Consumer,32
8838,New York,Consumer,20
8839,San Diego,Consumer,21
8840,Seattle,Consumer,23
8841,Chicago,Consumer,53
8842,Chicago,Consumer,49
8843,Seattle,Consumer,19
8844,Chicago,Corporate,39
8845,Seattle,Consumer,23
8846,Seattle,Consumer,28
8847,Chicago,Consumer,20
8848,Chicago,Consumer,45
8849,Austin,Consumer,22
8850,Seattle,Consumer,58
8851,Chicago,Consumer,66
8852,Austin,Corporate,62
8853,Seattle,Corporate,60
8854,Chicago,Consumer,57
8855,Seattle,Home Office,65
8856,New York,Corporate,64
8857,New York,Corporate,29
8858,Chicago,Consumer,49
8859,Chicago,Consumer,33
8860,New York,Consumer,61
8861,Boston,Consumer,18
8862,Chicago,Corporate,39
8863,San Diego,Consumer,37
8864,Boston,Consumer,62
8865,San Diego,Consumer,33
8866,San Diego,Consumer,64
8867,New York,Consumer,43
8868,Austin,Consumer,53
8869,San Diego,Consumer,45
8870,Seattle,Consumer,40
8871,New York,Consumer,33
8872,Seattle,Home Office,32
8873,San Diego,Home Office,51
8874,San Diego,Consumer,34
8875,Austin,Consumer,62
8876,Chicago,Corporate,24
8877,Chicago,Home Office,29
8878,Chicago,Consumer,20
8879,Austin,Consumer,62
8880,Chicago,Corporate,39
8881,Austin,Consumer,19
8882,New York,Corporate,20
8883,Chicago,Consumer,65
8884,Chicago,Consumer,63
8885,New York,Corporate,32
8886,Boston,Corporate,51
8887,San Diego,Consumer,31
8888,Boston,Corporate,61
8889,Seattle,Home Office,55
8890,New York,Consumer,41
8891,Boston,Home Office,66
8892,Austin,Consumer,29
8893,San Diego,Consumer,69
8894,Austin,Corporate,33
8895,Austin,Consumer,64
8896,Austin,Home Office,62
8897,Chicago,Consumer,47
8898,Seattle,Consumer,24
8899,San Diego,Consumer,57
8900,New York,Corporate,54
8901,New York,Corporate,62
8902,Boston,Consumer,29
8903,Seattle,Consumer,30
8904,Boston,Consumer,36
8905,Seattle,Consumer,37
8906,Seattle,Corporate,18
8907,Boston,Corporate,25
8908,Seattle,Consumer,42
8909,Chicago,Consumer,68
8910,Seattle,Corporate,24
8911,Chicago,Consumer,30
8912,Austin,Consumer,62
8913,San Diego,Corporate,20
8914,New York,Consumer,23
8915,San Diego,Consumer,64
8916,Seattle,Consumer,31
8917,Chicago,Corporate,34
8918,New York,Consumer,18
8919,San Diego,Corporate,39
8920,San Diego,Consumer,69
8921,San Diego,Consumer,69
8922,Austin,Corporate,51
8923,Seattle,Consumer,53
8924,Austin,Consumer,51
8925,Austin,Consumer,54
8926,Chicago,Corporate,44
8927,Chicago,Consumer,28
8928,Boston,Corporate,63
8929,Seattle,Consumer,63
8930,Chicago,Consumer,25
8931,Boston,Consumer,22
8932,New York,Consumer,59
8933,Seattle,Corporate,20
8934,New York,Consumer,59
8935,Austin,Home Office,69
8936,Seattle,Consumer,19
8937,Boston,Consumer,59
8938,Boston,Consumer,24
8939,Boston,Corporate,33
8940,Chicago,Consumer,46
8941,New York,Consumer,53
8942,Boston,Home Office,22
8943,Boston,Corporate,23
8944,Chicago,Consumer,32
8945,New York,Corporate,53
8946,Seattle,Consumer,38
8947,New York,Consumer,32
8948,New York,Consumer,26
8949,Boston,Corporate,68
8950,Austin,Consumer,54
8951,New York,Corporate,69
8952,Seattle,Corporate,43
8953,Austin,Consumer,60
8954,Seattle,Consumer,51
8955,Boston,Corporate,45
8956,Chicago,Consumer,42
8957,Seattle,Consumer,44
8958,San Diego,Consumer,39
8959,Austin,Home Office,51
8960,Boston,Consumer,43
8961,Austin,Consumer,68
8962,Austin,Consumer,64
8963,Boston,Consumer,42
8964,Seattle,Home Office,38
8965,Boston,Consumer,57
8966,San Diego,Corporate,51
8967,San Diego,Corporate,30
8968,Chicago,Consumer,61
8969,Austin,Corporate,53
8970,Boston,Home Office,50
8971,Seattle,Corporate,58
8972,Chicago,Corporate,29
8973,Chicago,Consumer,59
8974,San Diego,Corporate,24
8975,Chicago,Consumer,59
8976,New York,Corporate,48
8977,San Diego,Consumer,48
8978,Chicago,Consumer,55
8979,San Diego,Home Office,34
8980,Seattle,Corporate,57
8981,Boston,Consumer,19
8982,Seattle,Corporate,54
8983,Boston,Home Office,59
8984,Boston,Corporate,18
8985,Chicago,Home Office,54
8986,Boston,Corporate,58
8987,San Diego,Home Office,45
8988,New York,Consumer,49
8989,New York,Consumer,21
8990,Chicago,Corporate,69
8991,New York,Home Office,68
8992,Austin,Consumer,57
8993,Boston,Consumer,18
8994,Austin,Consumer,40
8995,New York,Corporate,60
8996,Austin,Home Office,53
8997,Chicago,Consumer,65
8998,Boston,Consumer,50
8999,New York,Consumer,55
9000,San Diego,Home Office,35
9001,Austin,Consumer,60
9002,New York,Consumer,45
9003,San Diego,Consumer,59
9004,Austin,Corporate,28
9005,San Diego,Consumer,31
9006,Seattle,Consumer,22
9007,San Diego,Consumer,53
9008,Austin,Home Office,56
9009,New York,Consumer,32
9010,New York,Consumer,37
9011,Austin,Consumer,47
9012,Austin,Consumer,57
9013,San Diego,Corporate,33
9014,Austin,Corporate,43
9015,Boston,Consumer,27
9016,Chicago,Home Office,60
9017,Austin,Consumer,63
9018,San Diego,Home Office,56
9019,New York,Consumer,60
9020,Chicago,Consumer,57
9021,San Diego,Home Office,61
9022,Seattle,Home Office,40
9023,San Diego,Corporate,28
9024,Seattle,Corporate,67
9025,Boston,Corporate,18
9026,Boston,Corporate,39
9027,Boston,Consumer,55
9028,New York,Consumer,59
9029,Seattle,Corporate,53
9030,New York,Consumer,43
9031,Chicago,Home Office,65
9032,Chicago,Consumer,30
9033,Seattle,Consumer,25
9034,Austin,Consumer,50
9035,Boston,Corporate,34
9036,Chicago,Consumer,42
9037,Seattle,Home Office,41
9038,San Diego,Consumer,31
9039,Boston,Consumer,69
9040,Chicago,Corporate,37
9041,San Diego,Consumer,52
9042,New York,Corporate,26
9043,Seattle,Consumer,69
9044,Austin,Consumer,69
9045,Boston,Consumer,21
9046,San Diego,Home Office,51
9047,Boston,Consumer,48
9048,Boston,Consumer,27
9049,Austin,Corporate,58
9050,San Diego,Home Office,57
9051,New York,Corporate,61
9052,Seattle,Corporate,49
9053,New York,Consumer,54
9054,San Diego,Consumer,55
9055,Boston,Home Office,57
9056,San Diego,Home Office,48
9057,Boston,Corporate,56
9058,Chicago,Corporate,21
9059,Boston,Home Office,50
9060,Seattle,Consumer,28
9061,San Diego,Consumer,39
9062,San Diego,Home Office,57
9063,Seattle,Consumer,23
9064,Chicago,Consumer,57
9065,Seattle,Consumer,31
9066,Seattle,Corporate,57
9067,Boston,Corporate,57
9068,Austin,Corporate,18
9069,Seattle,Consumer,30
9070,Seattle,Consumer,59
9071,New York,Consumer,35
9072,New York,Home Office,40
9073,New York,Consumer,18
9074,Seattle,Corporate,54
9075,Austin,Consumer,22
9076,Boston,Corporate,32
9077,San Diego,Consumer,42
9078,New York,Corporate,58
9079,New York,Corporate,43
9080,Austin,Consumer,69
9081,Boston,Consumer,45
9082,New York,Consumer,31
9083,Chicago,Consumer,27
9084,New York,Corporate,58
9085,Austin,Consumer,41
9086,Boston,Corporate,49
9087,San Diego,Consumer,37
9088,Austin,Corporate,32
9089,New York,Consumer,49
9090,Austin,Consumer,33
9091,Seattle,Consumer,69
9092,Chicago,Corporate,56
9093,San Diego,Consumer,60
9094,Boston,Corporate,32
9095,Chicago,Consumer,19
9096,Chicago,Home Office,20
9097,New York,Corporate,62
9098,San Diego,Corporate,63
9099,Austin,Corporate,53
9100,Chicago,Consumer,48
9101,Chicago,Corporate,28
9102,New York,Consumer,57
9103,Austin,Corporate,44
9104,San Diego,Consumer,49
9105,Chicago,Consumer,19
9106,New York,Corporate,44
9107,Austin,Consumer,54
9108,San Diego,Consumer,58
9109,Austin,Consumer,25
9110,Chicago,Corporate,19
9111,New York,Consumer,62
9112,San Diego,Consumer,34
9113,Boston,Home Office,42
9114,San Diego,Home Office,50
9115,Seattle,Consumer,43
9116,San Diego,Consumer,67
9117,Austin,Consumer,61
9118,New York,Home Office,38
9119,Austin,Consumer,27
9120,San Diego,Consumer,68
9121,Seattle,Consumer,54
9122,Boston,Consumer,57
9123,Boston,Consumer,42
9124,Chicago,Corporate,43
9125,New York,Consumer,27
9126,Chicago,Consumer,40
9127,Boston,Corporate,46
9128,San Diego,Consumer,24
9129,New York,Consumer,51
9130,New York,Consumer,49
9131,Seattle,Corporate,61
9132,Seattle,Consumer,20
9133,Boston,Corporate,29
9134,San Diego,Consumer,40
9135,Chicago,Consumer,63
9136,New York,Consumer,30
9137,Seattle,Consumer,68
9138,Seattle,Consumer,67
9139,Boston,Corporate,22
9140,Seattle,Consumer,36
9141,Seattle,Consumer,31
9142,Chicago,Home Office,43
9143,New York,Consumer,66
9144,Boston,Consumer,37
9145,San Diego,Consumer,52
9146,New York,Consumer,25
9147,San Diego,Home Office,47
9148,Austin,Home Office,36
9149,Austin,Consumer,65
9150,Boston,Home Office,58
9151,Boston,Consumer,29
9152,Chicago,Home Office,50
9153,Chicago,Corporate,35
9154,San Diego,Consumer,40
9155,Boston,Consumer,42
9156,New York,Corporate,60
9157,Boston,Consumer,33
9158,Austin,Consumer,18
9159,Seattle,Corporate,28
9160,New York,Consumer,60
9161,San Diego,Consumer,33
9162,San Diego,Consumer,21
9163,Seattle,Corporate,38
9164,San Diego,Consumer,63
9165,Boston,Consumer,63
9166,Boston,Consumer,67
9167,San Diego,Consumer,53
9168,Boston,Corporate,60
9169,San Diego,Consumer,58
9170,San Diego,Corporate,19
9171,Seattle,Consumer,39
9172,San Diego,Corporate,45
9173,New York,Consumer,42
9174,Seattle,Corporate,61
9175,Austin,Consumer,69
9176,Boston,Home Office,46
9177,New York,Consumer,23
9178,Seattle,Consumer,36
9179,Chicago,Consumer,28
9180,Boston,Consumer,42
9181,Boston,Consumer,30
9182,Chicago,Corporate,22
9183,Boston,Corporate,26
9184,Austin,Corporate,43
9185,Boston,Home Office,25
9186,San Diego,Consumer,19
9187,New York,Consumer,32
9188,Chicago,Corporate,51
9189,Austin,Consumer,50
9190,Chicago,Consumer,38
9191,New York,Consumer,52
9192,Boston,Consumer,27
9193,Boston,Consumer,55
9194,Austin,Consumer,18
9195,Chicago,Consumer,25
9196,Chicago,Corporate,65
9197,Boston,Home Office,42
9198,Chicago,Consumer,46
9199,New York,Consumer,38
9200,Austin,Consumer,51
9201,Austin,Consumer,56
9202,Seattle,Consumer,58
9203,Austin,Corporate,30
9204,Boston,Corporate,50
9205,Seattle,Consumer,58
9206,Boston,Corporate,39
9207,Austin,Corporate,37
9208,Seattle,Home Office,50
9209,Austin,Consumer,47
9210,San Diego,Corporate,31
9211,San Diego,Corporate,67
9212,Chicago,Consumer,47
9213,Boston,Corporate,47
9214,Boston,Corporate,28
9215,Boston,Consumer,53
9216,Chicago,Consumer,65
9217,San Diego,Consumer,55
9218,New York,Corporate,44
9219,New York,Consumer,51
9220,Boston,Consumer,30
9221,New York,Consumer,21
9222,Boston,Corporate,51
9223,Austin,Corporate,27
9224,Chicago,Consumer,22
9225,New York,Consumer,58
9226,San Diego,Consumer,40
9227,San Diego,Consumer,62
9228,Austin,Corporate,63
9229,San Diego,Consumer,24
9230,Chicago,Corporate,57
9231,Seattle,Corporate,35
9232,Chicago,Home Office,54
9233,Seattle,Consumer,20
9234,New York,Consumer,42
9235,Austin,Consumer,50
9236,Seattle,Home Office,41
9237,Seattle,Corporate,46
9238,Austin,Corporate,18
9239,Seattle,Corporate,18
9240,Seattle,Consumer,49
9241,Chicago,Corporate,39
9242,Chicago,Corporate,48
9243,Seattle,Consumer,36
9244,Boston,Home Office,18
9245,San Diego,Home Office,54
9246,Seattle,Home Office,25
9247,Boston,Corporate,58
9248,Boston,Consumer,18
9249,Seattle,Consumer,66
9250,New York,Consumer,31
9251,Seattle,Corporate,64
9252,Seattle,Consumer,18
9253,Chicago,Home Office,41
9254,Boston,Consumer,39
9255,Boston,Consumer,26
9256,Chicago,Consumer,42
9257,Austin,Corporate,29
9258,Chicago,Consumer,40
9259,Chicago,Consumer,37
9260,Chicago,Consumer,28
9261,Austin,Consumer,59
9262,Chicago,Home Office,45
9263,New York,Consumer,61
9264,Austin,Consumer,60
9265,Seattle,Consumer,31
9266,Chicago,Consumer,33
9267,Seattle,Consumer,67
9268,Chicago,Consumer,34
9269,San Diego,Consumer,22
9270,Seattle,Consumer,46
9271,Boston,Consumer,68
9272,New York,Corporate,30
9273,Boston,Consumer,51
9274,Austin,Corporate,35
9275,New York,Corporate,38
9276,San Diego,Home Office,41
9277,Chicago,Consumer,25
9278,Chicago,Corporate,38
9279,Boston,Home Office,32
9280,Chicago,Home Office,60
9281,Seattle,Corporate,29
9282,Chicago,Consumer,62
9283,New York,Home Office,18
9284,New York,Corporate,38
9285,New York,Consumer,31
9286,Austin,Consumer,41
9287,Austin,Home Office,58
9288,New York,Consumer,67
9289,Austin,Corporate,55
9290,Chicago,Consumer,44
9291,Seattle,Corporate,44
9292,Boston,Consumer,69
9293,San Diego,Corporate,69
9294,Boston,Consumer,57
9295,Chicago,Home Office,26
9296,Chicago,Consumer,31
9297,San Diego,Consumer,32
9298,Chicago,Consumer,29
9299,Boston,Consumer,68
9300,Austin,Home Office,26
9301,Chicago,Consumer,62
9302,Boston,Consumer,59
9303,Seattle,Corporate,45
9304,San Diego,Consumer,33
9305,Austin,Consumer,31
9306,New York,Corporate,53
9307,San Diego,Consumer,52
9308,New York,Corporate,46
9309,Seattle,Corporate,47
9310,Austin,Consumer,60
9311,San Diego,Consumer,57
9312,Boston,Home Office,57
9313,Austin,Consumer,32
9314,Boston,Corporate,21
9315,New York,Consumer,41
9316,New York,Consumer,35
9317,Boston,Corporate,35
9318,Seattle,Consumer,45
9319,Austin,Consumer,66
9320,New York,Consumer,59
9321,Chicago,Corporate,53
9322,San Diego,Corporate,55
9323,San Diego,Consumer,39
9324,Boston,Consumer,46
9325,Austin,Home Office,40
9326,Austin,Consumer,60
9327,New York,Consumer,69
9328,New York,Consumer,40
9329,Austin,Consumer,55
9330,Seattle,Consumer,20
9331,New York,Corporate,38
9332,Austin,Corporate,63
9333,Seattle,Consumer,53
9334,San Diego,Consumer,45
9335,Boston,Consumer,29
9336,Austin,Consumer,60
9337,Austin,Corporate,68
9338,Boston,Consumer,38
9339,San Diego,Home Office,60
9340,Chicago,Consumer,48
9341,San Diego,Consumer,38
9342,New York,Home Office,35
9343,Austin,Consumer,44
9344,Chicago,Consumer,39
9345,Boston,Consumer,50
9346,New York,Home Office,25
9347,Boston,Consumer,42
9348,Chicago,Consumer,56
9349,New York,Consumer,61
9350,Seattle,Consumer,32
9351,San Diego,Consumer,49
9352,New York,Consumer,33
9353,New York,Home Office,59
9354,New York,Corporate,36
9355,Austin,Consumer,53
9356,New York,Consumer,40
9357,San Diego,Consumer,31
9358,New York,Consumer,47
9359,San Diego,Corporate,50
9360,Boston,Consumer,53
9361,San Diego,Corporate,59
9362,Boston,Consumer,53
9363,Boston,Corporate,62
9364,New York,Home Office,40
9365,Austin,Corporate,44
9366,San Diego,Home Office,43
9367,Austin,Corporate,48
9368,San Diego,Consumer,25
9369,San Diego,Consumer,62
9370,Boston,Consumer,45
9371,Chicago,Home Office,46
9372,Austin,Consumer,63
9373,New York,Home Office,42
9374,Chicago,Consumer,41
9375,Chicago,Corporate,47
9376,Austin,Consumer,66
9377,Austin,Home Office,31
9378,Boston,Consumer,26
9379,San Diego,Consumer,23
9380,San Diego,Home Office,56
9381,New York,Consumer,18
9382,Austin,Consumer,54
9383,San Diego,Home Office,63
9384,Chicago,Corporate,53
9385,Austin,Consumer,26
9386,San Diego,Consumer,52
9387,San Diego,Consumer,41
9388,Boston,Consumer,19
9389,Austin,Corporate,28
9390,Austin,Consumer,56
9391,Austin,Consumer,47
9392,San Diego,Consumer,43
9393,Austin,Home Office,58
9394,Austin,Consumer,45
9395,Chicago,Consumer,68
9396,Austin,Home Office,20
9397,Chicago,Corporate,32
9398,Seattle,Consumer,27
9399,Boston,Home Office,39
9400,San Diego,Consumer,65
9401,Austin,Consumer,39
9402,Boston,Consumer,34
9403,Boston,Consumer,22
9404,Austin,Corporate,38
9405,San Diego,Consumer,29
9406,Austin,Home Office,27
9407,Boston,Consumer,24
9408,Austin,Consumer,50
9409,Chicago,Consumer,54
9410,New York,Consumer,56
9411,Boston,Home Office,20
9412,Chicago,Corporate,65
9413,San Diego,Corporate,44
9414,New York,Corporate,47
9415,Seattle,Consumer,63
9416,Austin,Consumer,32
9417,Austin,Consumer,44
9418,Chicago,Corporate,21
9419,New York,Consumer,43
9420,Austin,Consumer,31
9421,Austin,Corporate,27
9422,San Diego,Consumer,50
9423,Austin,Consumer,24
9424,Chicago,Consumer,68
9425,Chicago,Consumer,30
9426,Seattle,Consumer,22
9427,Austin,Home Office,41
9428,Boston,Corporate,38
9429,Austin,Consumer,52
9430,Seattle,Corporate,52
9431,New York,Corporate,48
9432,Chicago,Corporate,47
9433,Boston,Home Office,58
9434,Austin,Corporate,51
9435,Austin,Consumer,25
9436,Seattle,Consumer,42
9437,New York,Consumer,53
9438,Seattle,Consumer,31
9439,Austin,Home Office,62
9440,New York,Corporate,43
9441,Austin,Consumer,34
9442,Austin,Home Office,37
9443,Chicago,Corporate,50
9444,Seattle,Consumer,54
9445,San Diego,Home Office,31
9446,Chicago,Consumer,26
9447,Boston,Consumer,22
9448,Seattle,Consumer,43
9449,San Diego,Home Office,66
9450,New York,Consumer,67
9451,San Diego,Consumer,47
9452,Austin,Corporate,45
9453,San Diego,Home Office,44
9454,San Diego,Consumer,30
9455,Chicago,Consumer,39
9456,Chicago,Home Office,66
9457,New York,Corporate,50
9458,Seattle,Consumer,30
9459,San Diego,Consumer,22
9460,Austin,Consumer,57
9461,New York,Corporate,64
9462,Chicago,Consumer,23
9463,Austin,Corporate,37
9464,Boston,Consumer,62
9465,New York,Corporate,31
9466,Austin,Consumer,27
9467,Seattle,Home Office,38
9468,Chicago,Consumer,38
9469,Boston,Consumer,43
9470,Boston,Consumer,68
9471,Austin,Consumer,68
9472,San Diego,Consumer,48
9473,San Diego,Corporate,21
9474,San Diego,Home Office,31
9475,Chicago,Consumer,27
9476,New York,Consumer,18
9477,Austin,Consumer,37
9478,New York,Corporate,18
9479,Chicago,Consumer,47
9480,Seattle,Consumer,32
9481,Seattle,Consumer,55
9482,Chicago,Consumer,45
9483,New York,Consumer,67
9484,Chicago,Consumer,43
9485,Austin,Consumer,26
9486,San Diego,Corporate,65
9487,Austin,Consumer,34
9488,Chicago,Corporate,57
9489,Seattle,Consumer,58
9490,New York,Home Office,66
9491,Chicago,Corporate,51
9492,New York,Consumer,44
9493,Seattle,Home Office,38
9494,Austin,Consumer,41
9495,Seattle,Consumer,58
9496,Seattle,Corporate,47
9497,Austin,Corporate,20
9498,Boston,Consumer,37
9499,Boston,Consumer,65
9500,New York,Consumer,28
9501,Boston,Consumer,42
9502,Chicago,Home Office,61
9503,Chicago,Consumer,33
9504,Seattle,Home Office,53
9505,New York,Consumer,58
9506,Austin,Corporate,34
9507,Chicago,Home Office,64
9508,Austin,Corporate,41
9509,San Diego,Consumer,33
9510,Boston,Consumer,29
9511,Chicago,Consumer,31
9512,Seattle,Corporate,47
9513,Austin,Home Office,29
9514,Austin,Consumer,36
9515,Seattle,Consumer,54
9516,Boston,Consumer,63
9517,Austin,Consumer,53
9518,New York,Consumer,45
9519,Boston,Consumer,54
9520,Boston,Corporate,39
9521,Chicago,Consumer,32
9522,Seattle,Corporate,56
9523,Boston,Consumer,25
9524,Seattle,Consumer,65
9525,Austin,Corporate,40
9526,Boston,Corporate,60
9527,San Diego,Consumer,23
9528,Seattle,Corporate,43
9529,New York,Consumer,39
9530,Austin,Consumer,36
9531,San Diego,Home Office,44
9532,Chicago,Home Office,52
9533,Seattle,Consumer,66
9534,Seattle,Home Office,60
9535,New York,Corporate,30
9536,Seattle,Consumer,68
9537,San Diego,Consumer,43
9538,Chicago,Consumer,41
9539,Seattle,Consumer,18
9540,San Diego,Home Office,52
9541,New York,Consumer,64
9542,Seattle,Consumer,33
9543,Chicago,Consumer,63
9544,Austin,Consumer,22
9545,Seattle,Corporate,68
9546,New York,Consumer,31
9547,New York,Consumer,43
9548,Austin,Consumer,18
9549,Boston,Corporate,64
9550,New York,Corporate,44
9551,San Diego,Corporate,68
9552,New York,Consumer,37
9553,Austin,Consumer,21
9554,Austin,Corporate,53
9555,Austin,Corporate,26
9556,New York,Consumer,49
9557,San Diego,Home Office,19
9558,Chicago,Consumer,26
9559,San Diego,Consumer,51
9560,Seattle,Home Office,53
9561,Seattle,Consumer,25
9562,Chicago,Home Office,27
9563,Seattle,Corporate,62
9564,Boston,Home Office,18
9565,Boston,Consumer,29
9566,Boston,Corporate,68
9567,Chicago,Corporate,46
9568,Seattle,Consumer,19
9569,Austin,Consumer,64
9570,Boston,Consumer,35
9571,Boston,Consumer,55
9572,Boston,Home Office,51
9573,New York,Consumer,37
9574,Chicago,Corporate,37
9575,San Diego,Consumer,46
9576,San Diego,Consumer,37
9577,Austin,Home Office,27
9578,New York,Consumer,55
9579,New York,Consumer,53
9580,San Diego,Consumer,49
9581,Austin,Consumer,56
9582,Austin,Consumer,44
9583,San Diego,Corporate,66
9584,New York,Consumer,64
9585,San Diego,Corporate,69
9586,Chicago,Corporate,23
9587,Boston,Consumer,23
9588,Boston,Consumer,42
9589,Seattle,Consumer,54
9590,Chicago,Corporate,30
9591,Chicago,Consumer,23
9592,Chicago,Consumer,19
9593,Boston,Consumer,46
9594,Chicago,Consumer,68
9595,Austin,Corporate,42
9596,Austin,Consumer,56
9597,San Diego,Consumer,20
9598,Boston,Consumer,29
9599,Seattle,Corporate,53
9600,San Diego,Corporate,38
9601,Seattle,Consumer,19
9602,Austin,Consumer,29
9603,New York,Corporate,59
9604,Chicago,Consumer,53
9605,Austin,Consumer,60
9606,New York,Consumer,36
9607,Chicago,Consumer,66
9608,Austin,Consumer,65
9609,Austin,Consumer,37
9610,San Diego,Consumer,28
9611,Boston,Consumer,68
9612,San Diego,Consumer,36
9613,New York,Consumer,43
9614,Austin,Consumer,66
9615,San Diego,Corporate,31
9616,Seattle,Corporate,64
9617,Austin,Home Office,26
9618,Austin,Consumer,33
9619,Austin,Consumer,38
9620,Seattle,Consumer,43
9621,Chicago,Home Office,30
9622,Seattle,Consumer,63
9623,Chicago,Consumer,52
9624,San Diego,Corporate,52
9625,Boston,Consumer,56
9626,Seattle,Consumer,51
9627,Austin,Consumer,51
9628,Boston,Corporate,52
9629,Seattle,Corporate,55
9630,Austin,Consumer,65
9631,New York,Corporate,28
9632,New York,Consumer,44
9633,Chicago,Consumer,27
9634,Chicago,Home Office,27
9635,San Diego,Corporate,67
9636,Seattle,Home Office,42
9637,Boston,Corporate,54
9638,Seattle,Consumer,55
9639,Boston,Consumer,19
9640,Seattle,Consumer,43
9641,Austin,Consumer,27
9642,San Diego,Consumer,34
9643,Austin,Consumer,27
9644,Chicago,Consumer,52
9645,Austin,Corporate,24
9646,Seattle,Consumer,41
9647,Austin,Consumer,33
9648,San Diego,Corporate,68
9649,Boston,Corporate,58
9650,Austin,Consumer,36
9651,Chicago,Corporate,33
9652,Austin,Corporate,55
9653,Boston,Home Office,50
9654,Chicago,Consumer,46
9655,Boston,Consumer,21
9656,Austin,Corporate,22
9657,Boston,Consumer,51
9658,San Diego,Corporate,42
9659,San Diego,Corporate,61
9660,Boston,Corporate,19
9661,Chicago,Home Office,27
9662,Seattle,Consumer,59
9663,New York,Home Office,68
9664,Chicago,Corporate,56
9665,New York,Consumer,18
9666,San Diego,Corporate,20
9667,Seattle,Corporate,63
9668,San Diego,Home Office,43
9669,Chicago,Consumer,43
9670,Chicago,Consumer,68
9671,San Diego,Corporate,30
9672,San Diego,Consumer,32
9673,Boston,Corporate,53
9674,New York,Consumer,65
9675,Austin,Consumer,37
9676,New York,Consumer,25
9677,San Diego,Corporate,20
9678,New York,Consumer,18
9679,San Diego,Corporate,37
9680,New York,Corporate,45
9681,New York,Corporate,43
9682,Boston,Consumer,30
9683,Austin,Consumer,53
9684,Austin,Corporate,63
9685,Seattle,Consumer,30
9686,Chicago,Consumer,53
9687,San Diego,Home Office,46
9688,Austin,Consumer,53
9689,Chicago,Consumer,18
9690,Austin,Home Office,53
9691,New York,Consumer,56
9692,Chicago,Consumer,53
9693,Seattle,Consumer,61
9694,New York,Corporate,56
9695,New York,Home Office,69
9696,Seattle,Corporate,52
9697,Austin,Home Office,41
9698,New York,Consumer,61
9699,San Diego,Corporate,54
9700,San Diego,Consumer,47
9701,New York,Home Office,48
9702,Chicago,Home Office,36
9703,Austin,Consumer,49
9704,San Diego,Corporate,42
9705,New York,Corporate,24
9706,San Diego,Consumer,40
9707,Chicago,Corporate,67
9708,New York,Home Office,35
9709,Boston,Consumer,53
9710,New York,Consumer,39
9711,New York,Home Office,32
9712,Boston,Consumer,38
9713,Seattle,Consumer,67
9714,Austin,Corporate,23
9715,San Diego,Corporate,52
9716,Seattle,Consumer,61
9717,Seattle,Consumer,27
9718,New York,Corporate,57
9719,Seattle,Consumer,51
9720,Chicago,Corporate,35
9721,San Diego,Home Office,27
9722,Seattle,Consumer,67
9723,New York,Home Office,28
9724,Boston,Corporate,67
9725,Chicago,Home Office,51
9726,Chicago,Consumer,62
9727,Boston,Consumer,33
9728,San Diego,Corporate,19
9729,Boston,Home Office,52
9730,Seattle,Home Office,37
9731,Boston,Consumer,46
9732,New York,Consumer,41
9733,Seattle,Consumer,34
9734,Chicago,Corporate,55
9735,Austin,Corporate,44
9736,Chicago,Corporate,51
9737,Chicago,Consumer,52
9738,Austin,Home Office,53
9739,Boston,Consumer,35
9740,Seattle,Consumer,57
9741,Austin,Consumer,29
9742,Austin,Consumer,67
9743,Seattle,Corporate,60
9744,Chicago,Corporate,46
9745,Seattle,Consumer,27
9746,San Diego,Consumer,65
9747,Chicago,Consumer,46
9748,Seattle,Corporate,60
9749,San Diego,Consumer,19
9750,Seattle,Consumer,35
9751,Chicago,Consumer,33
9752,Seattle,Corporate,60
9753,San Diego,Consumer,42
9754,Chicago,Consumer,24
9755,Seattle,Consumer,49
9756,San Diego,Consumer,26
9757,Chicago,Consumer,41
9758,Austin,Consumer,69
9759,Boston,Corporate,40
9760,Austin,Consumer,40
9761,Seattle,Consumer,20
9762,New York,Home Office,41
9763,Boston,Consumer,67
9764,Seattle,Consumer,67
9765,San Diego,Consumer,68
9766,Seattle,Consumer,36
9767,Austin,Consumer,21
9768,Austin,Home Office,30
9769,San Diego,Consumer,28
9770,Boston,Corporate,22
9771,New York,Home Office,54
9772,Boston,Consumer,45
9773,San Diego,Corporate,55
9774,New York,Consumer,28
9775,New York,Consumer,54
9776,San Diego,Corporate,21
9777,Boston,Consumer,55
9778,Austin,Home Office,60
9779,Seattle,Consumer,31
9780,Boston,Consumer,35
9781,Chicago,Consumer,40
9782,Chicago,Consumer,48
9783,Boston,Consumer,45
9784,Chicago,Consumer,23
9785,Austin,Consumer,37
9786,Austin,Consumer,44
9787,Seattle,Home Office,49
9788,Chicago,Consumer,50
9789,San Diego,Consumer,52
9790,San Diego,Corporate,41
9791,Chicago,Corporate,44
9792,Austin,Home Office,35
9793,New York,Home Office,32
9794,Chicago,Consumer,34
9795,Boston,Consumer,40
9796,Seattle,Corporate,23
9797,Seattle,Consumer,29
9798,Boston,Corporate,24
9799,San Diego,Consumer,39
9800,San Diego,Home Office,43
9801,San Diego,Corporate,26
9802,Austin,Consumer,25
9803,Seattle,Consumer,45
9804,Chicago,Home Office,29
9805,Boston,Corporate,63
9806,Chicago,Corporate,26
9807,Boston,Corporate,43
9808,Boston,Consumer,59
9809,New York,Consumer,23
9810,San Diego,Consumer,41
9811,Boston,Corporate,42
9812,Seattle,Corporate,46
9813,Austin,Consumer,64
9814,Boston,Home Office,48
9815,Seattle,Consumer,37
9816,New York,Corporate,38
9817,Chicago,Consumer,50
9818,San Diego,Consumer,33
9819,Austin,Consumer,53
9820,Chicago,Corporate,37
9821,San Diego,Corporate,21
9822,New York,Consumer,45
9823,Chicago,Consumer,31
9824,Austin,Corporate,36
9825,New York,Consumer,34
9826,Austin,Corporate,25
9827,Boston,Consumer,33
9828,Boston,Home Office,65
9829,Boston,Corporate,34
9830,Chicago,Consumer,56
9831,New York,Corporate,39
9832,San Diego,Consumer,21
9833,Austin,Home Office,61
9834,San Diego,Corporate,65
9835,New York,Consumer,30
9836,San Diego,Corporate,26
9837,Seattle,Consumer,66
9838,Boston,Home Office,23
9839,New York,Home Office,64
9840,Austin,Corporate,27
9841,Boston,Consumer,63
9842,Austin,Corporate,66
9843,Seattle,Consumer,30
9844,New York,Consumer,29
9845,San Diego,Home Office,23
9846,Chicago,Consumer,58
9847,Seattle,Consumer,36
9848,Boston,Consumer,51
9849,Seattle,Home Office,49
9850,Austin,Home Office,44
9851,Chicago,Consumer,30
9852,Austin,Consumer,37
9853,Boston,Corporate,44
9854,Chicago,Consumer,22
9855,Seattle,Home Office,38
9856,Austin,Home Office,54
9857,Chicago,Corporate,39
9858,San Diego,Consumer,38
9859,Austin,Corporate,61
9860,Chicago,Home Office,45
9861,Seattle,Consumer,56
9862,San Diego,Home Office,20
9863,Boston,Consumer,66
9864,Seattle,Home Office,58
9865,Seattle,Corporate,60
9866,San Diego,Consumer,53
9867,Chicago,Consumer,45
9868,Chicago,Consumer,45
9869,Austin,Consumer,50
9870,Seattle,Home Office,43
9871,Seattle,Consumer,55
9872,New York,Home Office,35
9873,San Diego,Consumer,58
9874,Austin,Corporate,35
9875,Boston,Home Office,42
9876,San Diego,Corporate,21
9877,Boston,Home Office,64
9878,Seattle,Home Office,53
9879,Seattle,Corporate,30
9880,Chicago,Corporate,20
9881,Austin,Consumer,62
9882,Boston,Consumer,18
9883,Austin,Consumer,43
9884,New York,Corporate,19
9885,Chicago,Corporate,54
9886,Seattle,Corporate,28
9887,Seattle,Home Office,40
9888,Boston,Consumer,47
9889,Boston,Home Office,37
9890,Seattle,Consumer,53
9891,Seattle,Consumer,44
9892,San Diego,Corporate,39
9893,New York,Consumer,34
9894,Seattle,Corporate,39
9895,Austin,Corporate,34
9896,San Diego,Corporate,47
9897,San Diego,Consumer,57
9898,Seattle,Consumer,49
9899,Seattle,Consumer,19
9900,San Diego,Consumer,61
9901,Seattle,Consumer,58
9902,Chicago,Consumer,60
9903,Chicago,Corporate,20
9904,San Diego,Home Office,60
9905,Seattle,Corporate,42
9906,Chicago,Consumer,61
9907,Boston,Consumer,58
9908,Boston,Consumer,63
9909,Seattle,Consumer,24
9910,Chicago,Consumer,46
9911,Boston,Home Office,55
9912,Chicago,Corporate,48
9913,Austin,Consumer,60
9914,Boston,Corporate,55
9915,Seattle,Home Office,19
9916,Chicago,Consumer,28
9917,New York,Corporate,50
9918,Austin,Consumer,36
9919,San Diego,Consumer,36
9920,San Diego,Home Office,65
9921,Chicago,Consumer,22
9922,New York,Corporate,45
9923,San Diego,Consumer,34
9924,New York,Corporate,20
9925,New York,Corporate,37
9926,Austin,Home Office,39
9927,Seattle,Corporate,41
9928,Chicago,Corporate,26
9929,Chicago,Consumer,55
9930,Chicago,Consumer,36
9931,Austin,Corporate,47
9932,New York,Consumer,46
9933,New York,Consumer,47
9934,Austin,Home Office,44
9935,New York,Consumer,33
9936,Chicago,Consumer,43
9937,Seattle,Home Office,45
9938,New York,Consumer,18
9939,Seattle,Corporate,55
9940,Seattle,Consumer,41
9941,Seattle,Consumer,33
9942,Seattle,Corporate,19
9943,San Diego,Consumer,33
9944,New York,Corporate,39
9945,Chicago,Consumer,61
9946,Chicago,Consumer,51
9947,San Diego,Consumer,39
9948,Boston,Consumer,24
9949,Boston,Consumer,32
9950,Seattle,Corporate,65
9951,Austin,Consumer,24
9952,Austin,Consumer,50
9953,New York,Consumer,44
9954,Austin,Consumer,29
9955,Seattle,Consumer,63
9956,Chicago,Home Office,38
9957,San Diego,Corporate,52
9958,San Diego,Corporate,23
9959,Chicago,Consumer,68
9960,Boston,Consumer,19
9961,New York,Corporate,34
9962,Boston,Consumer,65
9963,San Diego,Corporate,51
9964,Chicago,Home Office,53
9965,Seattle,Consumer,34
9966,Chicago,Corporate,58
9967,San Diego,Consumer,66
9968,New York,Consumer,50
9969,Chicago,Consumer,29
9970,Chicago,Corporate,65
9971,Chicago,Consumer,18
9972,Chicago,Corporate,64
9973,Seattle,Corporate,18
9974,Seattle,Consumer,21
9975,Seattle,Consumer,20
9976,Chicago,Corporate,27
9977,Chicago,Consumer,55
9978,Boston,Home Office,38
9979,Chicago,Consumer,22
9980,New York,Home Office,35
9981,Austin,Consumer,69
9982,New York,Consumer,45
9983,Austin,Corporate,55
9984,Boston,Consumer,31
9985,Chicago,Consumer,45
9986,San Diego,Consumer,59
9987,Austin,Corporate,53
9988,Austin,Consumer,18
9989,Seattle,Consumer,49
9990,Seattle,Consumer,59
9991,Chicago,Consumer,25
9992,Chicago,Home Office,38
9993,Boston,Consumer,51
9994,Chicago,Consumer,18
9995,Boston,Consumer,54
9996,Austin,Consumer,62
9997,Boston,Home Office,45
9998,Austin,Consumer,41
9999,Seattle,Corporate,22
10000,Seattle,Consumer,55
10001,Austin,Corporate,67
10002,Chicago,Consumer,63
10003,Seattle,Consumer,46
10004,Seattle,Consumer,19
10005,Chicago,Consumer,32
10006,San Diego,Home Office,31
10007,Seattle,Corporate,18
10008,New York,Consumer,24
10009,Boston,Consumer,47
10010,New York,Corporate,23
10011,Seattle,Consumer,20
10012,Austin,Consumer,67
10013,Seattle,Corporate,49
10014,San Diego,Consumer,59
10015,San Diego,Consumer,30
10016,Seattle,Consumer,36
10017,Boston,Consumer,49
10018,San Diego,Corporate,53
10019,San Diego,Corporate,37
10020,Austin,Home Office,65
10021,Chicago,Consumer,54
10022,Chicago,Corporate,29
10023,Seattle,Home Office,23
10024,Seattle,Corporate,18
10025,New York,Home Office,61
10026,Chicago,Home Office,60
10027,Boston,Corporate,42
10028,San Diego,Home Office,55
10029,San Diego,Corporate,63
10030,Chicago,Consumer,26
10031,New York,Home Office,69
10032,Chicago,Corporate,43
10033,Boston,Consumer,40
10034,Seattle,Consumer,26
10035,San Diego,Consumer,52
10036,Austin,Home Office,49
10037,Austin,Consumer,19
10038,Seattle,Consumer,51
10039,Boston,Consumer,25
10040,Austin,Consumer,32
10041,Seattle,Home Office,49
10042,Boston,Consumer,58
10043,Austin,Consumer,24
10044,Boston,Consumer,42
10045,Seattle,Corporate,32
10046,Boston,Corporate,54
10047,Austin,Consumer,61
10048,Seattle,Consumer,51
10049,Chicago,Home Office,59
10050,Seattle,Corporate,41
10051,Chicago,Corporate,49
10052,Seattle,Consumer,33
10053,San Diego,Home Office,69
10054,Austin,Corporate,28
10055,Austin,Consumer,65
10056,Chicago,Home Office,56
10057,San Diego,Home Office,69
10058,Seattle,Corporate,51
10059,Seattle,Corporate,36
10060,New York,Consumer,32
10061,New York,Consumer,27
10062,New York,Consumer,68
10063,Boston,Consumer,23
10064,Boston,Consumer,60
10065,New York,Consumer,54
10066,New York,Home Office,24
10067,San Diego,Consumer,65
10068,Seattle,Corporate,26
10069,Chicago,Consumer,26
10070,Seattle,Consumer,46
10071,Chicago,Consumer,23
10072,Chicago,Consumer,23
10073,Austin,Consumer,50
10074,Boston,Consumer,68
10075,San Diego,Corporate,20
10076,Chicago,Consumer,51
10077,Seattle,Consumer,49
10078,Boston,Consumer,21
10079,Boston,Consumer,25
10080,San Diego,Consumer,41
10081,New York,Consumer,54
10082,Chicago,Corporate,29
10083,Chicago,Corporate,40
10084,New York,Home Office,43
10085,Chicago,Corporate,55
10086,Chicago,Consumer,30
10087,Seattle,Consumer,53
10088,Austin,Consumer,61
10089,Austin,Corporate,48
10090,Chicago,Consumer,55
10091,New York,Consumer,26
10092,Boston,Home Office,65
10093,Seattle,Consumer,33
10094,Chicago,Consumer,28
10095,San Diego,Home Office,46
10096,San Diego,Consumer,38
10097,Boston,Consumer,41
10098,New York,Consumer,59
10099,Seattle,Consumer,45
10100,Boston,Home Office,37
10101,San Diego,Corporate,59
10102,Chicago,Consumer,37
10103,Boston,Consumer,67
10104,Austin,Consumer,69
10105,Austin,Corporate,42
10106,Seattle,Consumer,58
10107,San Diego,Consumer,54
10108,New York,Corporate,62
10109,Seattle,Home Office,41
10110,San Diego,Home Office,39
10111,Seattle,Corporate,32
10112,Chicago,Consumer,48
10113,New York,Corporate,50
10114,Seattle,Home Office,41
10115,San Diego,Consumer,34
10116,Seattle,Consumer,41
10117,Boston,Consumer,44
10118,Seattle,Home Office,24
10119,Seattle,Home Office,52
10120,New York,Corporate,61
10121,Seattle,Consumer,34
10122,Chicago,Home Office,38
10123,San Diego,Consumer,22
10124,New York,Consumer,48
10125,Boston,Corporate,40
10126,Chicago,Corporate,62
10127,Austin,Home Office,65
10128,New York,Consumer,58
10129,Chicago,Consumer,28
10130,Boston,Consumer,28
10131,Chicago,Consumer,43
10132,Seattle,Home Office,50
10133,Boston,Consumer,19
10134,Seattle,Consumer,43
10135,New York,Consumer,22
10136,Austin,Corporate,31
10137,Austin,Home Office,36
10138,Chicago,Consumer,20
10139,Chicago,Consumer,31
10140,Seattle,Home Office,50
10141,Austin,Consumer,69
10142,Chicago,Consumer,58
10143,Austin,Consumer,33
10144,Austin,Home Office,66
10145,Chicago,Corporate,40
10146,Austin,Consumer,36
10147,Boston,Consumer,62
10148,Seattle,Consumer,38
10149,Seattle,Consumer,56
10150,Boston,Consumer,26
10151,Seattle,Consumer,35
10152,Chicago,Consumer,69
10153,Austin,Consumer,30
10154,Austin,Consumer,62
10155,Austin,Consumer,42
10156,New York,Corporate,67
10157,New York,Consumer,39
10158,Austin,Home Office,43
10159,Boston,Home Office,38
10160,San Diego,Home Office,28
10161,Boston,Consumer,61
10162,Chicago,Consumer,47
10163,Austin,Corporate,44
10164,Seattle,Consumer,37
10165,Austin,Consumer,58
10166,Austin,Consumer,36
10167,Austin,Corporate,30
10168,New York,Corporate,22
10169,Boston,Consumer,63
10170,Boston,Home Office,21
10171,New York,Corporate,61
10172,Austin,Consumer,37
10173,Seattle,Consumer,18
10174,San Diego,Consumer,66
10175,Boston,Home Office,56
10176,Austin,Corporate,55
10177,San Diego,Corporate,46
10178,Boston,Corporate,57
10179,San Diego,Consumer,24
10180,Chicago,Home Office,30
10181,San Diego,Home Office,46
10182,Austin,Corporate,56
10183,New York,Consumer,48
10184,San Diego,Consumer,39
10185,Boston,Consumer,52
10186,Austin,Consumer,21
10187,Austin,Consumer,44
10188,Austin,Corporate,38
10189,New York,Home Office,43
10190,Boston,Consumer,24
10191,New York,Consumer,64
10192,Seattle,Consumer,62
10193,New York,Home Office,67
10194,San Diego,Corporate,61
10195,Boston,Consumer,52
10196,Seattle,Consumer,32
10197,Seattle,Consumer,23
10198,San Diego,Consumer,49
10199,Boston,Consumer,67
10200,Boston,Consumer,36
10201,Chicago,Consumer,69
10202,Seattle,Consumer,26
10203,San Diego,Consumer,32
10204,Chicago,Corporate,51
10205,San Diego,Consumer,43
10206,New York,Consumer,57
10207,Boston,Home Office,35
10208,Seattle,Consumer,58
10209,San Diego,Corporate,33
10210,San Diego,Consumer,25
10211,Chicago,Corporate,47
10212,Austin,Consumer,44
10213,Boston,Consumer,47
10214,New York,Consumer,19
10215,San Diego,Corporate,39
10216,Chicago,Corporate,22
10217,Seattle,Corporate,59
10218,Seattle,Consumer,22
10219,San Diego,Corporate,66
10220,Boston,Consumer,20
10221,Austin,Consumer,49
10222,Chicago,Consumer,35
10223,Austin,Consumer,23
10224,Seattle,Corporate,36
10225,San Diego,Consumer,20
10226,San Diego,Consumer,54
10227,Austin,Home Office,63
10228,Boston,Home Office,35
10229,New York,Consumer,40
10230,New York,Home Office,25
10231,New York,Consumer,43
10232,Boston,Home Office,67
10233,Chicago,Consumer,45
10234,Seattle,Consumer,63
10235,San Diego,Home Office,58
10236,San Diego,Consumer,24
10237,Boston,Corporate,20
10238,New York,Consumer,36
10239,Austin,Consumer,66
10240,Seattle,Home Office,26
10241,San Diego,Consumer,20
10242,Seattle,Home Office,67
10243,Seattle,Home Office,28
10244,Chicago,Consumer,36
10245,New York,Consumer,58
10246,Austin,Consumer,23
10247,Chicago,Consumer,26
10248,Seattle,Consumer,55
10249,San Diego,Consumer,18
10250,Seattle,Corporate,55
10251,Seattle,Consumer,46
10252,New York,Corporate,30
10253,Seattle,Consumer,49
10254,Austin,Consumer,34
10255,New York,Consumer,67
10256,Chicago,Consumer,39
10257,San Diego,Corporate,56
10258,Boston,Consumer,31
10259,Seattle,Corporate,61
10260,Boston,Corporate,33
10261,Chicago,Consumer,44
10262,Chicago,Home Office,59
10263,Boston,Home Office,66
10264,Chicago,Consumer,57
10265,Seattle,Home Office,52
10266,Chicago,Consumer,54
10267,Chicago,Corporate,39
10268,Austin,Consumer,53
10269,Austin,Corporate,47
10270,Boston,Corporate,45
10271,Boston,Home Office,34
10272,Seattle,Home Office,36
10273,Seattle,Consumer,24
10274,New York,Corporate,55
10275,Chicago,Consumer,19
10276,New York,Consumer,24
10277,Boston,Consumer,33
10278,Chicago,Home Office,25
10279,Austin,Corporate,56
10280,Boston,Consumer,24
10281,San Diego,Home Office,41
10282,Seattle,Corporate,56
10283,New York,Consumer,48
10284,Seattle,Consumer,48
10285,Seattle,Corporate,35
10286,Chicago,Corporate,41
10287,San Diego,Consumer,57
10288,Boston,Consumer,42
10289,Chicago,Consumer,54
10290,Chicago,Consumer,61
10291,Chicago,Consumer,30
10292,Boston,Consumer,24
10293,New York,Consumer,42
10294,Boston,Corporate,37
10295,San Diego,Consumer,25
10296,Austin,Consumer,57
10297,Seattle,Consumer,50
10298,Boston,Home Office,52
10299,San Diego,Consumer,54
10300,Chicago,Consumer,40
10301,New York,Consumer,44
10302,Seattle,Corporate,29
10303,New York,Consumer,56
10304,New York,Consumer,67
10305,Boston,Home Office,63
10306,Austin,Corporate,39
10307,Seattle,Consumer,20
10308,Chicago,Consumer,63
10309,New York,Home Office,47
10310,New York,Home Office,58
10311,Austin,Corporate,33
10312,New York,Corporate,62
10313,Austin,Home Office,61
10314,Chicago,Home Office,18
10315,Seattle,Consumer,47
10316,Seattle,Home Office,42
10317,Chicago,Corporate,52
10318,Austin,Consumer,31
10319,New York,Consumer,23
10320,Chicago,Consumer,32
10321,Boston,Corporate,45
10322,Boston,Corporate,32
10323,Austin,Consumer,42
10324,Boston,Corporate,38
10325,Seattle,Consumer,54
10326,New York,Consumer,39
10327,Boston,Consumer,25
10328,Austin,Corporate,50
10329,Seattle,Consumer,29
10330,Seattle,Consumer,33
10331,Chicago,Consumer,54
10332,San Diego,Corporate,32
10333,Seattle,Home Office,21
10334,Austin,Corporate,36
10335,Chicago,Corporate,38
10336,San Diego,Consumer,53
10337,Chicago,Consumer,54
10338,New York,Home Office,18
10339,Boston,Consumer,57
10340,Chicago,Consumer,56
10341,Seattle,Consumer,27
10342,San Diego,Corporate,35
10343,Boston,Consumer,57
10344,Seattle,Consumer,47
10345,San Diego,Corporate,35
10346,Boston,Consumer,57
10347,Boston,Consumer,50
10348,New York,Corporate,44
10349,San Diego,Home Office,18
10350,Chicago,Consumer,51
10351,Boston,Consumer,27
10352,New York,Consumer,65
10353,Chicago,Consumer,27
10354,Chicago,Home Office,19
10355,Seattle,Corporate,37
10356,New York,Consumer,36
10357,New York,Corporate,36
10358,Seattle,Consumer,66
10359,Boston,Consumer,32
10360,Seattle,Home Office,61
10361,Austin,Consumer,26
10362,Seattle,Consumer,50
10363,Seattle,Home Office,24
10364,Austin,Consumer,29
10365,Seattle,Consumer,25
10366,New York,Consumer,35
10367,Chicago,Consumer,41
10368,San Diego,Consumer,62
10369,Austin,Consumer,57
10370,New York,Consumer,54
10371,New York,Consumer,43
10372,Boston,Corporate,32
10373,Chicago,Home Office,33
10374,New York,Corporate,24
10375,San Diego,Corporate,52
10376,Seattle,Corporate,58
10377,Austin,Consumer,46
10378,Boston,Consumer,47
10379,Chicago,Consumer,37
10380,Seattle,Consumer,68
10381,San Diego,Home Office,64
10382,Seattle,Consumer,39
10383,Chicago,Home Office,57
10384,San Diego,Consumer,36
10385,San Diego,Consumer,24
10386,New York,Consumer,33
10387,New York,Consumer,61
10388,San Diego,Consumer,43
10389,New York,Corporate,62
10390,Boston,Consumer,34
10391,New York,Corporate,41
10392,Boston,Home Office,21
10393,San Diego,Consumer,58
10394,Austin,Home Office,34
10395,Chicago,Consumer,22
10396,Austin,Consumer,29
10397,San Diego,Consumer,52
10398,San Diego,Consumer,60
10399,Chicago,Consumer,67
10400,Seattle,Consumer,30
10401,Boston,Home Office,48
10402,Chicago,Consumer,41
10403,San Diego,Corporate,55
10404,Chicago,Consumer,52
10405,Boston,Consumer,21
10406,Chicago,Consumer,25
10407,Chicago,Consumer,48
10408,Austin,Consumer,45
10409,Austin,Corporate,64
10410,Chicago,Consumer,62
10411,Seattle,Consumer,21
10412,New York,Corporate,48
10413,Boston,Corporate,39
10414,New York,Home Office,43
10415,Austin,Consumer,21
10416,Boston,Corporate,61
10417,New York,Consumer,26
10418,New York,Corporate,67
10419,San Diego,Consumer,66
10420,New York,Consumer,60
10421,Boston,Home Office,24
10422,Austin,Corporate,39
10423,Boston,Corporate,19
10424,Chicago,Consumer,49
10425,New York,Corporate,62
10426,Boston,Consumer,45
10427,San Diego,Consumer,19
10428,Boston,Consumer,33
10429,Chicago,Consumer,26
10430,Austin,Consumer,40
10431,Seattle,Corporate,37
10432,Austin,Consumer,61
10433,Chicago,Corporate,29
10434,Austin,Home Office,33
10435,Seattle,Consumer,30
10436,New York,Corporate,64
10437,Austin,Consumer,33
10438,Chicago,Home Office,69
10439,New York,Consumer,52
10440,New York,Consumer,33
10441,Austin,Consumer,48
10442,New York,Home Office,24
10443,Austin,Consumer,64
10444,Seattle,Corporate,67
10445,Boston,Consumer,33
10446,New York,Corporate,26
10447,Austin,Consumer,40
10448,New York,Consumer,58
10449,Austin,Consumer,50
10450,Austin,Consumer,20
10451,San Diego,Corporate,18
10452,Austin,Corporate,30
10453,Boston,Consumer,57
10454,New York,Consumer,31
10455,New York,Consumer,64
10456,New York,Corporate,33
10457,Austin,Corporate,64
10458,Chicago,Home Office,65
10459,New York,Home Office,55
10460,Chicago,Consumer,27
10461,Boston,Consumer,21
10462,San Diego,Home Office,27
10463,New York,Consumer,50
10464,Boston,Consumer,53
10465,Chicago,Consumer,69
10466,Austin,Corporate,67
10467,Chicago,Corporate,34
10468,Austin,Home Office,38
10469,San Diego,Consumer,58
10470,San Diego,Consumer,58
10471,Seattle,Consumer,34
10472,Seattle,Corporate,19
10473,San Diego,Consumer,23
10474,Chicago,Home Office,60
10475,Austin,Consumer,36
10476,New York,Corporate,55
10477,San Diego,Corporate,59
10478,Austin,Consumer,64
10479,Seattle,Corporate,43
10480,Seattle,Consumer,51
10481,Chicago,Corporate,28
10482,New York,Corporate,66
10483,Boston,Consumer,63
10484,Chicago,Consumer,38
10485,New York,Home Office,37
10486,Chicago,Home Office,56
10487,Boston,Corporate,39
10488,Chicago,Home Office,55
10489,Boston,Consumer,22
10490,Austin,Consumer,31
10491,Boston,Consumer,58
10492,Seattle,Consumer,65
10493,New York,Consumer,19
10494,Seattle,Corporate,58
10495,Austin,Consumer,21
10496,Chicago,Consumer,63
10497,Seattle,Corporate,31
10498,New York,Corporate,36
10499,San Diego,Home Office,55
10500,San Diego,Consumer,61
10501,New York,Corporate,39
10502,Austin,Consumer,34
10503,Seattle,Consumer,68
10504,New York,Corporate,68
10505,Austin,Consumer,45
10506,Chicago,Corporate,19
10507,New York,Consumer,68
10508,San Diego,Consumer,50
10509,Austin,Consumer,46
10510,San Diego,Consumer,23
10511,Seattle,Consumer,69
10512,Boston,Consumer,55
10513,Boston,Consumer,29
10514,Seattle,Corporate,36
10515,Austin,Consumer,35
10516,Austin,Corporate,63
10517,San Diego,Consumer,42
10518,Austin,Consumer,63
10519,Seattle,Consumer,53
10520,Chicago,Corporate,37
10521,Boston,Home Office,39
10522,Seattle,Consumer,60
10523,Chicago,Corporate,43
10524,Seattle,Consumer,53
10525,Austin,Consumer,24
10526,New York,Consumer,40
10527,Boston,Consumer,47
10528,Boston,Consumer,35
10529,Boston,Consumer,62
10530,Austin,Consumer,28
10531,Chicago,Consumer,62
10532,New York,Consumer,21
10533,San Diego,Corporate,40
10534,Chicago,Home Office,44
10535,Boston,Consumer,31
10536,Boston,Consumer,46
10537,New York,Consumer,64
10538,Boston,Home Office,41
10539,New York,Consumer,46
10540,Austin,Consumer,67
10541,Austin,Home Office,66
10542,Boston,Consumer,18
10543,Seattle,Consumer,55
10544,Boston,Home Office,62
10545,Seattle,Home Office,67
10546,San Diego,Consumer,59
10547,Boston,Consumer,22
10548,Boston,Consumer,57
10549,Austin,Consumer,61
10550,Austin,Consumer,45
10551,Boston,Consumer,19
10552,San Diego,Corporate,27
10553,Boston,Corporate,32
10554,Seattle,Home Office,62
10555,Boston,Corporate,24
10556,San Diego,Consumer,56
10557,San Diego,Consumer,27
10558,Chicago,Consumer,61
10559,Seattle,Consumer,18
10560,San Diego,Consumer,30
10561,San Diego,Corporate,23
10562,Boston,Consumer,46
10563,Chicago,Consumer,58
10564,Chicago,Consumer,39
10565,Boston,Home Office,45
10566,Boston,Corporate,51
10567,Chicago,Consumer,41
10568,Austin,Consumer,57
10569,Boston,Home Office,32
10570,Chicago,Consumer,27
10571,San Diego,Corporate,27
10572,New York,Corporate,27
10573,Chicago,Corporate,19
10574,San Diego,Consumer,20
10575,Seattle,Home Office,20
10576,Seattle,Consumer,26
10577,Boston,Consumer,50
10578,Chicago,Consumer,30
10579,Seattle,Consumer,48
10580,Seattle,Consumer,21
10581,San Diego,Corporate,59
10582,Chicago,Home Office,36
10583,Seattle,Consumer,40
10584,Austin,Corporate,53
10585,Seattle,Home Office,69
10586,Boston,Consumer,59
10587,Austin,Corporate,38
10588,San Diego,Home Office,35
10589,Boston,Corporate,35
10590,San Diego,Consumer,22
10591,Boston,Home Office,35
10592,Seattle,Corporate,57
10593,Chicago,Consumer,32
10594,Boston,Consumer,38
10595,Seattle,Consumer,21
10596,Chicago,Consumer,31
10597,Chicago,Consumer,21
10598,Chicago,Consumer,42
10599,Boston,Corporate,33
10600,New York,Corporate,68
10601,San Diego,Consumer,48
10602,Seattle,Consumer,37
10603,New York,Consumer,45
10604,Seattle,Consumer,67
10605,San Diego,Corporate,27
10606,San Diego,Consumer,31
10607,Seattle,Home Office,46
10608,Austin,Consumer,23
10609,New York,Consumer,45
10610,New York,Home Office,26
10611,Austin,Consumer,62
10612,Seattle,Consumer,58
10613,New York,Consumer,20
10614,Boston,Corporate,45
10615,Seattle,Consumer,28
10616,Chicago,Corporate,48
10617,Boston,Corporate,46
10618,Chicago,Home Office,68
10619,Boston,Corporate,27
10620,Chicago,Corporate,44
10621,Austin,Corporate,68
10622,Austin,Consumer,24
10623,Boston,Corporate,31
10624,Chicago,Corporate,55
10625,Boston,Consumer,23
10626,Austin,Corporate,28
10627,Chicago,Consumer,67
10628,Seattle,Consumer,48
10629,San Diego,Consumer,20
10630,Austin,Consumer,62
10631,New York,Consumer,45
10632,Austin,Consumer,42
10633,Seattle,Consumer,69
10634,New York,Consumer,34
10635,New York,Consumer,37
10636,Boston,Consumer,47
10637,New York,Home Office,30
10638,Austin,Corporate,24
10639,San Diego,Consumer,25
10640,Chicago,Consumer,33
10641,Austin,Consumer,22
10642,New York,Consumer,44
10643,San Diego,Consumer,69
10644,Seattle,Corporate,31
10645,Boston,Corporate,20
10646,Boston,Consumer,20
10647,Austin,Corporate,26
10648,New York,Consumer,48
10649,Austin,Corporate,42
10650,New York,Home Office,38
10651,Seattle,Consumer,57
10652,New York,Corporate,38
10653,Boston,Corporate,50
10654,Seattle,Consumer,69
10655,Chicago,Consumer,26
10656,Boston,Corporate,23
10657,San Diego,Consumer,29
10658,Austin,Consumer,26
10659,New York,Corporate,61
10660,Austin,Consumer,63
10661,Seattle,Consumer,47
10662,San Diego,Home Office,24
10663,Chicago,Consumer,62
10664,San Diego,Consumer,65
10665,Chicago,Corporate,39
10666,Chicago,Consumer,52
10667,Austin,Corporate,49
10668,New York,Corporate,45
10669,Austin,Consumer,36
10670,Austin,Consumer,32
10671,Chicago,Home Office,32
10672,San Diego,Home Office,36
10673,Chicago,Consumer,57
10674,San Diego,Consumer,60
10675,San Diego,Consumer,23
10676,Seattle,Home Office,20
10677,Chicago,Corporate,42
10678,San Diego,Consumer,57
10679,Chicago,Home Office,47
10680,Chicago,Consumer,61
10681,Boston,Consumer,55
10682,Austin,Corporate,54
10683,San Diego,Consumer,46
10684,New York,Corporate,20
10685,Seattle,Consumer,27
10686,Boston,Corporate,56
10687,San Diego,Home Office,34
10688,Seattle,Consumer,55
10689,Boston,Consumer,35
10690,Chicago,Corporate,18
10691,Austin,Consumer,53
10692,New York,Corporate,64
10693,San Diego,Consumer,41
10694,San Diego,Consumer,24
10695,San Diego,Home Office,39
10696,San Diego,Consumer,67
10697,New York,Consumer,34
10698,Seattle,Consumer,21
10699,San Diego,Corporate,57
10700,Chicago,Home Office,30
10701,Austin,Consumer,19
10702,Boston,Consumer,53
10703,Austin,Consumer,35
10704,San Diego,Corporate,25
10705,Seattle,Consumer,20
10706,Seattle,Consumer,27
10707,Seattle,Consumer,25
10708,Seattle,Consumer,18
10709,San Diego,Corporate,37
10710,Boston,Consumer,60
10711,Chicago,Consumer,38
10712,Boston,Consumer,19
10713,Seattle,Consumer,63
10714,Seattle,Consumer,50
10715,Chicago,Consumer,68
10716,Austin,Consumer,48
10717,Seattle,Consumer,42
10718,Austin,Consumer,44
10719,Chicago,Corporate,18
10720,San Diego,Consumer,37
10721,Austin,Consumer,40
10722,Seattle,Corporate,33
10723,New York,Consumer,61
10724,New York,Consumer,67
10725,Boston,Corporate,42
10726,New York,Consumer,58
10727,San Diego,Home Office,29
10728,Boston,Consumer,65
10729,Austin,Home Office,54
10730,Boston,Corporate,56
10731,Austin,Consumer,48
10732,Boston,Consumer,61
10733,Chicago,Corporate,45
10734,Austin,Consumer,68
10735,Austin,Consumer,52
10736,San Diego,Home Office,41
10737,New York,Corporate,28
10738,San Diego,Home Office,65
10739,New York,Corporate,20
10740,Chicago,Corporate,20
10741,Seattle,Corporate,19
10742,New York,Corporate,23
10743,Austin,Home Office,30
10744,Boston,Corporate,43
10745,San Diego,Consumer,32
10746,New York,Consumer,41
10747,Seattle,Consumer,41
10748,Seattle,Home Office,40
10749,New York,Corporate,21
10750,Seattle,Consumer,45
10751,Seattle,Consumer,33
10752,San Diego,Consumer,45
10753,Chicago,Consumer,21
10754,Chicago,Corporate,63
10755,San Diego,Corporate,55
10756,San Diego,Consumer,35
10757,New York,Consumer,36
10758,Chicago,Consumer,34
10759,Seattle,Consumer,69
10760,San Diego,Home Office,54
10761,Chicago,Home Office,41
10762,Chicago,Corporate,51
10763,San Diego,Consumer,21
10764,San Diego,Consumer,61
10765,Boston,Home Office,48
10766,San Diego,Home Office,34
10767,Boston,Consumer,54
10768,Chicago,Corporate,18
10769,Chicago,Consumer,43
10770,Chicago,Consumer,67
10771,New York,Home Office,57
10772,San Diego,Home Office,20
10773,Seattle,Home Office,48
10774,New York,Consumer,53
10775,Chicago,Consumer,45
10776,Chicago,Home Office,34
10777,Austin,Corporate,53
10778,Austin,Consumer,40
10779,Chicago,Consumer,67
10780,Boston,Consumer,61
10781,Chicago,Corporate,65
10782,Seattle,Home Office,39
10783,Austin,Consumer,53
10784,Austin,Consumer,25
10785,San Diego,Consumer,57
10786,Boston,Consumer,57
10787,New York,Consumer,58
10788,Austin,Consumer,19
10789,New York,Corporate,41
10790,Austin,Consumer,32
10791,Seattle,Corporate,65
10792,Austin,Consumer,45
10793,Chicago,Consumer,49
10794,Chicago,Consumer,40
10795,Chicago,Corporate,23
10796,Chicago,Consumer,50
10797,Austin,Consumer,49
10798,San Diego,Consumer,37
10799,New York,Consumer,50
10800,New York,Consumer,38
10801,Seattle,Consumer,52
10802,San Diego,Consumer,36
10803,Chicago,Consumer,58
10804,Chicago,Corporate,64
10805,Seattle,Consumer,43
10806,Austin,Home Office,18
10807,San Diego,Corporate,53
10808,New York,Consumer,66
10809,New York,Corporate,54
10810,Seattle,Consumer,36
10811,Austin,Home Office,47
10812,San Diego,Home Office,36
10813,Seattle,Corporate,58
10814,Austin,Consumer,55
10815,New York,Home Office,50
10816,New York,Corporate,38
10817,San Diego,Home Office,26
10818,Chicago,Consumer,50
10819,Seattle,Home Office,35
10820,San Diego,Corporate,64
10821,Boston,Consumer,21
10822,Chicago,Home Office,62
10823,New York,Corporate,58
10824,San Diego,Home Office,44
10825,San Diego,Consumer,69
10826,Chicago,Consumer,55
10827,Seattle,Corporate,20
10828,Chicago,Consumer,38
10829,San Diego,Corporate,61
10830,San Diego,Corporate,58
10831,Chicago,Consumer,26
10832,Austin,Corporate,26
10833,Austin,Consumer,66
10834,New York,Corporate,20
10835,New York,Home Office,67
10836,Boston,Consumer,46
10837,Austin,Consumer,59
10838,New York,Consumer,29
10839,New York,Consumer,35
10840,Austin,Home Office,55
10841,Boston,Consumer,26
10842,Austin,Consumer,23
10843,Boston,Consumer,49
10844,Austin,Corporate,18
10845,San Diego,Corporate,66
10846,San Diego,Consumer,53
10847,New York,Consumer,55
10848,New York,Consumer,44
10849,Boston,Consumer,50
10850,Boston,Consumer,67
10851,New York,Corporate,18
10852,Seattle,Consumer,30
10853,Boston,Consumer,54
10854,Boston,Corporate,24
10855,Chicago,Corporate,30
10856,San Diego,Consumer,19
10857,Seattle,Consumer,20
10858,Boston,Corporate,41
10859,New York,Consumer,52
10860,Seattle,Corporate,23
10861,New York,Corporate,69
10862,Austin,Home Office,58
10863,New York,Consumer,52
10864,Austin,Consumer,21
10865,San Diego,Home Office,44
10866,Seattle,Consumer,65
10867,Chicago,Consumer,30
10868,Austin,Consumer,46
10869,Austin,Consumer,47
10870,San Diego,Corporate,54
10871,Chicago,Home Office,65
10872,New York,Corporate,24
10873,Seattle,Consumer,21
10874,San Diego,Home Office,22
10875,Austin,Corporate,31
10876,Chicago,Consumer,36
10877,New York,Corporate,63
10878,Boston,Consumer,45
10879,San Diego,Consumer,56
10880,New York,Corporate,47
10881,New York,Consumer,67
10882,New York,Consumer,35
10883,Austin,Corporate,52
10884,San Diego,Consumer,32
10885,New York,Consumer,30
10886,San Diego,Consumer,69
10887,New York,Corporate,19
10888,San Diego,Home Office,32
10889,Chicago,Consumer,38
10890,Boston,Corporate,25
10891,Austin,Consumer,58
10892,Chicago,Consumer,36
10893,Chicago,Consumer,41
10894,San Diego,Consumer,33
10895,Austin,Consumer,64
10896,Austin,Corporate,39
10897,San Diego,Corporate,58
10898,Seattle,Home Office,50
10899,Seattle,Home Office,67
10900,Austin,Consumer,49
10901,New York,Consumer,69
10902,New York,Consumer,54
10903,New York,Consumer,21
10904,Seattle,Home Office,26
10905,Seattle,Consumer,59
10906,San Diego,Consumer,20
10907,Boston,Consumer,27
10908,Chicago,Home Office,59
10909,Boston,Consumer,36
10910,Boston,Corporate,29
10911,Seattle,Consumer,28
10912,Seattle,Consumer,34
10913,Chicago,Consumer,61
10914,Chicago,Corporate,41
10915,New York,Corporate,67
10916,Seattle,Consumer,55
10917,Austin,Consumer,31
10918,Chicago,Consumer,26
10919,New York,Consumer,67
10920,New York,Consumer,64
10921,Seattle,Consumer,24
10922,San Diego,Corporate,34
10923,Seattle,Corporate,56
10924,New York,Corporate,69
10925,New York,Corporate,64
10926,New York,Home Office,32
10927,San Diego,Home Office,64
10928,San Diego,Consumer,55
10929,Chicago,Consumer,42
10930,New York,Consumer,37
10931,Chicago,Home Office,60
10932,San Diego,Consumer,61
10933,New York,Consumer,65
10934,San Diego,Consumer,42
10935,Austin,Corporate,31
10936,New York,Consumer,63
10937,Boston,Corporate,33
10938,Seattle,Consumer,57
10939,San Diego,Home Office,44
10940,New York,Consumer,48
10941,Austin,Home Office,28
10942,Seattle,Consumer,30
10943,Seattle,Consumer,51
10944,New York,Home Office,31
10945,Seattle,Home Office,52
10946,Boston,Corporate,69
10947,San Diego,Home Office,22
10948,Chicago,Consumer,66
10949,Boston,Consumer,26
10950,San Diego,Consumer,25
10951,New York,Home Office,61
10952,New York,Corporate,28
10953,Boston,Home Office,51
10954,Chicago,Corporate,23
10955,New York,Corporate,22
10956,Austin,Consumer,28
10957,Seattle,Consumer,45
10958,Seattle,Consumer,33
10959,Seattle,Corporate,29
10960,Boston,Consumer,61
10961,San Diego,Home Office,27
10962,New York,Corporate,22
10963,New York,Consumer,23
10964,New York,Home Office,63
10965,Austin,Consumer,42
10966,Austin,Corporate,68
10967,Boston,Consumer,59
10968,Austin,Consumer,32
10969,New York,Consumer,59
10970,Boston,Consumer,41
10971,Chicago,Corporate,47
10972,Boston,Home Office,45
10973,San Diego,Home Office,57
10974,Boston,Consumer,28
10975,San Diego,Home Office,21
10976,New York,Consumer,56
10977,Seattle,Consumer,67
10978,Austin,Corporate,48
10979,Seattle,Home Office,24
10980,San Diego,Home Office,23
10981,Seattle,Corporate,46
10982,Chicago,Consumer,64
10983,Boston,Consumer,49
10984,Seattle,Consumer,33
10985,Boston,Consumer,50
10986,Chicago,Consumer,26
10987,Boston,Consumer,42
10988,Chicago,Consumer,69
10989,Austin,Consumer,50
10990,Boston,Corporate,23
10991,Austin,Consumer,28
10992,Chicago,Consumer,21
10993,Boston,Corporate,38
10994,Boston,Corporate,30
10995,Chicago,Consumer,68
10996,Chicago,Consumer,34
10997,Chicago,Home Office,19
10998,New York,Corporate,40
10999,Seattle,Consumer,56
11000,Chicago,Consumer,53
11001,Boston,Consumer,68
11002,Chicago,Consumer,37
11003,Seattle,Consumer,45
11004,Seattle,Home Office,47
11005,Seattle,Consumer,19
11006,New York,Consumer,18
11007,Austin,Corporate,59
11008,Seattle,Consumer,38
11009,Austin,Corporate,53
11010,Boston,Consumer,67
11011,Seattle,Consumer,30
11012,Austin,Consumer,58
11013,New York,Home Office,29
11014,Chicago,Corporate,56
11015,Austin,Corporate,26
11016,Austin,Consumer,33
11017,Boston,Corporate,42
11018,San Diego,Consumer,43
11019,New York,Corporate,19
11020,Seattle,Consumer,61
11021,Austin,Corporate,18
11022,New York,Consumer,63
11023,Seattle,Consumer,28
11024,Seattle,Corporate,54
11025,New York,Consumer,54
11026,Austin,Consumer,41
11027,San Diego,Home Office,45
11028,Chicago,Consumer,21
11029,Austin,Consumer,64
11030,New York,Corporate,24
11031,Chicago,Corporate,52
11032,Boston,Consumer,18
11033,Seattle,Consumer,56
11034,Chicago,Consumer,36
11035,Austin,Consumer,43
11036,Chicago,Corporate,19
11037,Austin,Home Office,29
11038,New York,Consumer,40
11039,Seattle,Consumer,55
11040,Seattle,Corporate,49
11041,Seattle,Consumer,31
11042,Austin,Corporate,48
11043,Chicago,Consumer,29
11044,Chicago,Consumer,46
11045,Chicago,Corporate,46
11046,Austin,Home Office,29
11047,Austin,Consumer,28
11048,San Diego,Home Office,44
11049,New York,Consumer,48
11050,Chicago,Consumer,68
11051,Boston,Consumer,43
11052,Boston,Consumer,41
11053,Boston,Corporate,42
11054,Chicago,Consumer,63
11055,New York,Consumer,33
11056,Chicago,Consumer,37
11057,New York,Corporate,37
11058,Boston,Home Office,50
11059,Boston,Consumer,54
11060,San Diego,Consumer,43
11061,San Diego,Home Office,31
11062,Austin,Consumer,53
11063,Austin,Corporate,32
11064,Boston,Consumer,64
11065,San Diego,Home Office,50
11066,Seattle,Consumer,40
11067,Boston,Consumer,30
11068,Austin,Consumer,57
11069,Austin,Consumer,49
11070,Boston,Consumer,63
11071,Austin,Home Office,54
11072,San Diego,Consumer,59
11073,Austin,Consumer,22
11074,Chicago,Consumer,19
11075,Chicago,Consumer,52
11076,Seattle,Consumer,18
11077,Austin,Consumer,64
11078,Austin,Corporate,63
11079,San Diego,Corporate,48
11080,New York,Consumer,55
11081,New York,Corporate,39
11082,Boston,Consumer,67
11083,Seattle,Consumer,19
11084,Seattle,Home Office,33
11085,New York,Home Office,54
11086,Seattle,Consumer,58
11087,Austin,Consumer,30
11088,Seattle,Consumer,59
11089,New York,Consumer,41
11090,Seattle,Corporate,62
11091,Seattle,Consumer,31
11092,Chicago,Home Office,53
11093,New York,Corporate,28
11094,Boston,Consumer,25
11095,San Diego,Home Office,54
11096,Seattle,Corporate,53
11097,San Diego,Consumer,33
11098,San Diego,Consumer,49
11099,New York,Home Office,66
11100,Austin,Home Office,35
11101,Boston,Consumer,44
11102,Chicago,Corporate,28
11103,Boston,Home Office,44
11104,New York,Home Office,64
11105,Chicago,Consumer,51
11106,Austin,Consumer,25
11107,Seattle,Home Office,56
11108,Chicago,Consumer,39
11109,Chicago,Consumer,18
11110,Seattle,Consumer,50
11111,Chicago,Consumer,33
11112,Boston,Corporate,68
11113,Boston,Consumer,69
11114,Chicago,Corporate,52
11115,Seattle,Consumer,50
11116,Chicago,Corporate,33
11117,Austin,Consumer,21
11118,San Diego,Consumer,21
11119,Chicago,Home Office,42
11120,New York,Corporate,34
11121,Chicago,Consumer,67
11122,Boston,Consumer,33
11123,Chicago,Consumer,29
11124,Austin,Home Office,60
11125,Seattle,Consumer,61
11126,New York,Home Office,37
11127,Chicago,Consumer,22
11128,Chicago,Corporate,23
11129,Boston,Consumer,45
11130,Boston,Consumer,63
11131,San Diego,Home Office,38
11132,Chicago,Consumer,18
11133,Seattle,Home Office,37
11134,Seattle,Consumer,18
11135,Boston,Consumer,40
11136,New York,Home Office,42
11137,San Diego,Corporate,56
11138,Chicago,Consumer,21
11139,Seattle,Consumer,42
11140,Boston,Consumer,27
11141,New York,Home Office,42
11142,New York,Consumer,69
11143,San Diego,Consumer,56
11144,New York,Consumer,61
11145,San Diego,Corporate,20
11146,Seattle,Home Office,57
11147,Austin,Corporate,63
11148,Boston,Consumer,52
11149,Boston,Consumer,58
11150,Chicago,Consumer,20
11151,New York,Home Office,56
11152,New York,Consumer,61
11153,New York,Corporate,29
11154,Boston,Consumer,42
11155,Seattle,Home Office,39
11156,San Diego,Consumer,23
11157,Chicago,Consumer,24
11158,Boston,Home Office,33
11159,San Diego,Home Office,23
11160,San Diego,Consumer,44
11161,Austin,Corporate,20
11162,San Diego,Corporate,18
11163,Seattle,Consumer,50
11164,Austin,Consumer,31
11165,Seattle,Corporate,37
11166,Chicago,Corporate,35
11167,Boston,Consumer,42
11168,San Diego,Consumer,42
11169,San Diego,Corporate,24
11170,San Diego,Consumer,18
11171,Austin,Corporate,41
11172,Boston,Corporate,47
11173,Chicago,Consumer,57
11174,Seattle,Consumer,28
11175,New York,Consumer,22
11176,Chicago,Consumer,49
11177,Seattle,Corporate,64
11178,Austin,Corporate,30
11179,Boston,Home Office,22
11180,Seattle,Consumer,38
11181,Austin,Corporate,47
11182,Austin,Consumer,50
11183,Seattle,Corporate,23
11184,San Diego,Consumer,52
11185,Chicago,Consumer,35
11186,Seattle,Consumer,19
11187,Seattle,Consumer,65
11188,New York,Home Office,45
11189,Boston,Consumer,33
11190,Seattle,Consumer,60
11191,Chicago,Corporate,59
11192,Seattle,Consumer,28
11193,San Diego,Consumer,67
11194,Boston,Consumer,45
11195,New York,Consumer,31
11196,Austin,Home Office,41
11197,Chicago,Consumer,27
11198,Seattle,Consumer,62
11199,Seattle,Consumer,31
11200,Austin,Home Office,40
11201,Boston,Home Office,21
11202,Seattle,Consumer,67
11203,Austin,Corporate,33
11204,New York,Consumer,51
11205,Chicago,Consumer,36
11206,Boston,Home Office,47
11207,Austin,Home Office,47
11208,Boston,Consumer,33
11209,Seattle,Home Office,40
11210,Seattle,Corporate,49
11211,Austin,Corporate,29
11212,Seattle,Corporate,24
11213,New York,Consumer,27
11214,New York,Home Office,39
11215,Austin,Consumer,29
11216,Seattle,Consumer,32
11217,Seattle,Consumer,53
11218,Austin,Corporate,52
11219,Chicago,Consumer,67
11220,San Diego,Consumer,57
11221,Seattle,Corporate,40
11222,New York,Consumer,66
11223,Austin,Consumer,65
11224,San Diego,Consumer,29
11225,San Diego,Corporate,26
11226,Chicago,Consumer,64
11227,Boston,Consumer,64
11228,Seattle,Consumer,61
11229,Austin,Home Office,41
11230,Seattle,Corporate,62
11231,Boston,Consumer,57
11232,Chicago,Home Office,56
11233,New York,Corporate,49
11234,Austin,Corporate,31
11235,New York,Consumer,56
11236,Boston,Consumer,63
11237,Boston,Corporate,63
11238,Seattle,Consumer,49
11239,Boston,Consumer,20
11240,New York,Consumer,56
11241,Seattle,Consumer,31
11242,Austin,Corporate,28
11243,Chicago,Consumer,22
11244,Chicago,Corporate,26
11245,Seattle,Corporate,43
11246,Seattle,Consumer,32
11247,New York,Consumer,37
11248,Seattle,Consumer,44
11249,Boston,Consumer,45
11250,New York,Corporate,39
11251,Boston,Corporate,41
11252,Seattle,Home Office,64
11253,Austin,Home Office,32
11254,San Diego,Consumer,18
11255,Seattle,Corporate,59
11256,San Diego,Consumer,22
11257,New York,Consumer,58
11258,New York,Consumer,34
11259,Seattle,Consumer,61
11260,Chicago,Corporate,26
11261,Chicago,Corporate,26
11262,Austin,Consumer,39
11263,San Diego,Consumer,39
11264,Chicago,Consumer,55
11265,Boston,Corporate,51
11266,Austin,Consumer,69
11267,New York,Consumer,53
11268,New York,Consumer,28
11269,Boston,Corporate,22
11270,New York,Corporate,31
11271,Austin,Consumer,69
11272,San Diego,Consumer,57
11273,Seattle,Consumer,56
11274,Chicago,Corporate,32
11275,New York,Consumer,42
11276,San Diego,Corporate,54
11277,Austin,Home Office,67
11278,New York,Consumer,48
11279,Chicago,Consumer,19
11280,Seattle,Consumer,62
11281,Chicago,Consumer,66
11282,Austin,Home Office,19
11283,New York,Home Office,38
11284,San Diego,Consumer,68
11285,Seattle,Home Office,67
11286,San Diego,Consumer,68
11287,New York,Consumer,68
11288,Austin,Corporate,19
11289,Chicago,Consumer,25
11290,Seattle,Consumer,43
11291,San Diego,Corporate,49
11292,Chicago,Consumer,38
11293,San Diego,Home Office,31
11294,Seattle,Consumer,31
11295,San Diego,Consumer,49
11296,New York,Home Office,68
11297,Boston,Consumer,60
11298,Austin,Consumer,27
11299,Chicago,Consumer,25
11300,Chicago,Consumer,31
11301,Boston,Consumer,56
11302,Boston,Consumer,18
11303,New York,Consumer,54
11304,Austin,Consumer,48
11305,San Diego,Home Office,52
11306,Seattle,Home Office,62
11307,Chicago,Consumer,48
11308,Austin,Home Office,50
11309,Austin,Home Office,42
11310,Chicago,Home Office,51
11311,Boston,Corporate,37
11312,Chicago,Consumer,21
11313,San Diego,Consumer,19
11314,Boston,Home Office,55
11315,San Diego,Consumer,51
11316,San Diego,Home Office,39
11317,New York,Corporate,56
11318,New York,Consumer,42
11319,San Diego,Consumer,31
11320,San Diego,Home Office,48
11321,San Diego,Consumer,37
11322,Austin,Corporate,68
11323,Seattle,Home Office,55
11324,New York,Consumer,56
11325,Chicago,Consumer,53
11326,Seattle,Consumer,53
11327,New York,Corporate,58
11328,New York,Consumer,40
11329,New York,Consumer,60
11330,Chicago,Consumer,19
11331,Boston,Consumer,52
11332,San Diego,Consumer,46
11333,Boston,Consumer,18
11334,Chicago,Corporate,52
11335,Seattle,Consumer,18
11336,Boston,Corporate,54
11337,Austin,Home Office,45
11338,Seattle,Corporate,49
11339,San Diego,Corporate,49
11340,San Diego,Consumer,33
11341,Boston,Consumer,50
11342,Seattle,Consumer,29
11343,Seattle,Consumer,57
11344,Boston,Consumer,22
11345,San Diego,Consumer,25
11346,Austin,Consumer,54
11347,Seattle,Corporate,20
11348,Seattle,Consumer,68
11349,Chicago,Consumer,19
11350,Seattle,Consumer,45
11351,Seattle,Consumer,69
11352,Boston,Consumer,53
11353,Seattle,Consumer,50
11354,New York,Consumer,54
11355,Boston,Corporate,54
11356,Seattle,Home Office,26
11357,Chicago,Consumer,34
11358,San Diego,Consumer,27
11359,Austin,Corporate,29
11360,Austin,Home Office,28
11361,Boston,Home Office,51
11362,Boston,Consumer,66
11363,Seattle,Consumer,47
11364,Austin,Consumer,18
11365,Boston,Corporate,53
11366,Chicago,Consumer,46
11367,San Diego,Home Office,58
11368,Seattle,Consumer,37
11369,Boston,Corporate,40
11370,Austin,Consumer,52
11371,San Diego,Consumer,54
11372,New York,Consumer,29
11373,San Diego,Corporate,48
11374,New York,Consumer,67
11375,Seattle,Consumer,21
11376,Chicago,Corporate,35
11377,Boston,Home Office,45
11378,San Diego,Corporate,66
11379,New York,Corporate,68
11380,Boston,Consumer,48
11381,Chicago,Home Office,46
11382,Seattle,Consumer,39
11383,New York,Home Office,41
11384,New York,Corporate,56
11385,Chicago,Consumer,46
11386,Seattle,Consumer,46
11387,Seattle,Corporate,61
11388,Boston,Corporate,25
11389,New York,Corporate,67
11390,San Diego,Home Office,54
11391,New York,Consumer,48
11392,Chicago,Consumer,48
11393,Chicago,Consumer,47
11394,New York,Consumer,47
11395,Seattle,Consumer,36
11396,Boston,Home Office,56
11397,San Diego,Consumer,31
11398,Boston,Corporate,51
11399,Seattle,Corporate,45
11400,New York,Consumer,37
11401,Austin,Corporate,59
11402,San Diego,Corporate,34
11403,New York,Consumer,52
11404,New York,Consumer,31
11405,Boston,Consumer,28
11406,New York,Corporate,47
11407,Boston,Consumer,68
11408,San Diego,Consumer,33
11409,Seattle,Home Office,23
11410,Seattle,Corporate,24
11411,New York,Corporate,43
11412,Austin,Home Office,58
11413,San Diego,Consumer,55
11414,Boston,Consumer,28
11415,Austin,Corporate,61
11416,Boston,Consumer,26
11417,San Diego,Consumer,47
11418,New York,Corporate,62
11419,Seattle,Consumer,60
11420,Seattle,Consumer,54
11421,Seattle,Consumer,35
11422,San Diego,Corporate,57
11423,Boston,Consumer,38
11424,Seattle,Consumer,36
11425,Chicago,Home Office,45
11426,Boston,Home Office,50
11427,Boston,Consumer,28
11428,San Diego,Consumer,66
11429,Seattle,Consumer,63
11430,New York,Consumer,32
11431,Austin,Consumer,30
11432,Chicago,Consumer,21
11433,Seattle,Consumer,39
11434,San Diego,Consumer,26
11435,Chicago,Consumer,66
11436,Boston,Corporate,64
11437,New York,Consumer,61
11438,New York,Consumer,32
11439,Boston,Consumer,53
11440,New York,Home Office,43
11441,San Diego,Consumer,32
11442,San Diego,Consumer,45
11443,Chicago,Corporate,26
11444,New York,Corporate,67
11445,Chicago,Corporate,26
11446,New York,Consumer,33
11447,San Diego,Consumer,29
11448,Boston,Consumer,45
11449,Boston,Consumer,52
11450,San Diego,Consumer,67
11451,San Diego,Consumer,38
11452,Boston,Consumer,28
11453,San Diego,Home Office,19
11454,Seattle,Consumer,49
11455,Boston,Consumer,68
11456,Chicago,Home Office,21
11457,Austin,Corporate,69
11458,Boston,Consumer,31
11459,Chicago,Corporate,65
11460,Chicago,Consumer,21
11461,New York,Corporate,64
11462,Chicago,Consumer,35
11463,Seattle,Home Office,32
11464,Boston,Consumer,28
11465,New York,Corporate,24
11466,San Diego,Consumer,59
11467,San Diego,Consumer,21
11468,Boston,Consumer,42
11469,San Diego,Corporate,67
11470,New York,Consumer,39
11471,Austin,Home Office,61
11472,Boston,Consumer,54
11473,Boston,Corporate,59
11474,Seattle,Corporate,67
11475,Boston,Consumer,23
11476,San Diego,Corporate,33
11477,New York,Corporate,34
11478,Boston,Corporate,21
11479,Chicago,Consumer,23
11480,Austin,Corporate,23
11481,Chicago,Consumer,67
11482,San Diego,Consumer,62
11483,New York,Consumer,48
11484,Seattle,Corporate,61
11485,Boston,Home Office,35
11486,San Diego,Consumer,42
11487,Chicago,Consumer,63
11488,Boston,Consumer,25
11489,Austin,Consumer,25
11490,San Diego,Corporate,45
11491,Seattle,Corporate,31
11492,New York,Corporate,52
11493,New York,Corporate,51
11494,Chicago,Consumer,35
11495,Boston,Consumer,24
11496,Boston,Consumer,22
11497,Austin,Home Office,41
11498,Boston,Corporate,34
11499,New York,Consumer,19
11500,Boston,Consumer,53
11501,Chicago,Consumer,67
11502,New York,Home Office,68
11503,San Diego,Consumer,24
11504,Austin,Consumer,27
11505,Chicago,Consumer,40
11506,San Diego,Corporate,65
11507,Chicago,Corporate,47
11508,San Diego,Consumer,41
11509,Chicago,Corporate,66
11510,New York,Consumer,52
11511,Chicago,Corporate,69
11512,Seattle,Consumer,62
11513,Chicago,Consumer,69
11514,New York,Consumer,46
11515,San Diego,Corporate,37
11516,Austin,Consumer,21
11517,Austin,Consumer,55
11518,Chicago,Consumer,31
11519,New York,Consumer,18
11520,New York,Corporate,59
11521,San Diego,Consumer,40
11522,New York,Consumer,46
11523,Chicago,Corporate,58
11524,Boston,Consumer,35
11525,Austin,Home Office,60
11526,San Diego,Consumer,48
11527,Austin,Home Office,47
11528,Boston,Home Office,31
11529,San Diego,Consumer,59
11530,Austin,Consumer,30
11531,San Diego,Corporate,50
11532,Austin,Corporate,61
11533,Boston,Consumer,24
11534,Austin,Consumer,38
11535,Boston,Consumer,53
11536,Seattle,Corporate,32
11537,Seattle,Corporate,19
11538,Austin,Consumer,39
11539,San Diego,Consumer,43
11540,San Diego,Corporate,65
11541,San Diego,Home Office,59
11542,San Diego,Consumer,27
11543,New York,Consumer,32
11544,Boston,Consumer,27
11545,Boston,Corporate,65
11546,Chicago,Consumer,36
11547,Boston,Consumer,64
11548,Seattle,Corporate,21
11549,Chicago,Consumer,47
11550,Chicago,Consumer,21
11551,Austin,Consumer,46
11552,New York,Consumer,18
11553,San Diego,Consumer,26
11554,San Diego,Consumer,25
11555,San Diego,Consumer,54
11556,Seattle,Consumer,51
11557,Austin,Home Office,47
11558,San Diego,Home Office,28
11559,Boston,Consumer,31
11560,New York,Corporate,37
11561,Austin,Consumer,68
11562,Boston,Corporate,54
11563,Boston,Home Office,19
11564,Boston,Corporate,19
11565,Chicago,Corporate,36
11566,Austin,Consumer,28
11567,New York,Consumer,39
11568,Boston,Consumer,69
11569,Seattle,Consumer,28
11570,Chicago,Corporate,49
11571,New York,Consumer,43
11572,San Diego,Consumer,52
11573,San Diego,Consumer,46
11574,Boston,Corporate,44
11575,Boston,Consumer,32
11576,San Diego,Consumer,68
11577,San Diego,Corporate,31
11578,San Diego,Consumer,25
11579,Boston,Corporate,22
11580,Austin,Consumer,21
11581,San Diego,Consumer,36
11582,San Diego,Home Office,60
11583,New York,Consumer,26
11584,San Diego,Consumer,18
11585,Austin,Consumer,45
11586,New York,Home Office,47
11587,Chicago,Home Office,47
11588,New York,Consumer,18
11589,Boston,Consumer,28
11590,San Diego,Consumer,36
11591,New York,Corporate,56
11592,Seattle,Consumer,51
11593,Seattle,Consumer,60
11594,Seattle,Consumer,46
11595,Seattle,Home Office,38
11596,Boston,Consumer,47
11597,Seattle,Consumer,38
11598,Seattle,Home Office,26
11599,Seattle,Consumer,47
11600,Austin,Consumer,33
11601,Boston,Consumer,31
11602,Austin,Consumer,54
11603,San Diego,Consumer,21
11604,Seattle,Consumer,19
11605,San Diego,Consumer,36
11606,San Diego,Consumer,48
11607,San Diego,Corporate,61
11608,Seattle,Consumer,44
11609,Seattle,Corporate,31
11610,Seattle,Consumer,35
11611,Austin,Consumer,37
11612,San Diego,Consumer,35
11613,Boston,Consumer,52
11614,San Diego,Corporate,59
11615,San Diego,Consumer,54
11616,San Diego,Corporate,37
11617,Austin,Home Office,32
11618,New York,Consumer,22
11619,Austin,Home Office,59
11620,San Diego,Consumer,68
11621,San Diego,Consumer,20
11622,Seattle,Consumer,24
11623,San Diego,Corporate,29
11624,New York,Corporate,59
11625,Seattle,Home Office,29
11626,San Diego,Corporate,18
11627,Seattle,Consumer,35
11628,San Diego,Home Office,36
11629,Austin,Home Office,38
11630,Seattle,Corporate,44
11631,Seattle,Consumer,30
11632,San Diego,Corporate,19
11633,Chicago,Consumer,23
11634,Chicago,Home Office,56
11635,Austin,Home Office,52
11636,Chicago,Corporate,31
11637,Austin,Consumer,66
11638,Austin,Consumer,46
11639,Chicago,Home Office,59
11640,Austin,Home Office,59
11641,Seattle,Corporate,33
11642,San Diego,Home Office,48
11643,Chicago,Consumer,48
11644,Boston,Home Office,41
11645,Austin,Consumer,51
11646,San Diego,Consumer,35
11647,New York,Consumer,23
11648,Chicago,Consumer,20
11649,Austin,Consumer,41
11650,Austin,Corporate,65
11651,Austin,Consumer,29
11652,New York,Corporate,48
11653,Austin,Consumer,26
11654,San Diego,Corporate,50
11655,San Diego,Consumer,27
11656,Chicago,Corporate,40
11657,Austin,Consumer,60
11658,Seattle,Consumer,37
11659,Seattle,Consumer,66
11660,San Diego,Consumer,20
11661,Austin,Consumer,22
11662,San Diego,Consumer,26
11663,Boston,Consumer,30
11664,Chicago,Corporate,40
11665,San Diego,Consumer,65
11666,Chicago,Consumer,30
11667,Austin,Consumer,36
11668,Seattle,Consumer,20
11669,Seattle,Consumer,55
11670,Seattle,Corporate,46
11671,Chicago,Consumer,20
11672,New York,Consumer,42
11673,Boston,Consumer,29
11674,Boston,Consumer,39
11675,Boston,Corporate,32
11676,Seattle,Consumer,58
11677,Boston,Corporate,20
11678,Austin,Consumer,49
11679,New York,Corporate,59
11680,Chicago,Consumer,18
11681,Chicago,Home Office,65
11682,Austin,Consumer,57
11683,Boston,Consumer,32
11684,Chicago,Home Office,43
11685,Seattle,Corporate,53
11686,Chicago,Consumer,44
11687,Seattle,Consumer,57
11688,Seattle,Consumer,64
11689,New York,Corporate,36
11690,Austin,Consumer,23
11691,New York,Consumer,40
11692,Boston,Consumer,49
11693,San Diego,Home Office,58
11694,Boston,Consumer,32
11695,Boston,Consumer,66
11696,Chicago,Home Office,19
11697,San Diego,Consumer,48
11698,New York,Corporate,40
11699,Boston,Corporate,54
11700,San Diego,Consumer,32
11701,San Diego,Corporate,66
11702,Boston,Home Office,18
11703,Boston,Consumer,60
11704,Boston,Consumer,43
11705,New York,Corporate,44
11706,New York,Consumer,34
11707,Boston,Consumer,38
11708,Chicago,Consumer,40
11709,Austin,Corporate,34
11710,New York,Corporate,18
11711,Seattle,Home Office,38
11712,San Diego,Consumer,38
11713,Boston,Home Office,55
11714,Seattle,Consumer,42
11715,Seattle,Corporate,46
11716,Seattle,Corporate,42
11717,Austin,Consumer,40
11718,Seattle,Consumer,55
11719,Boston,Consumer,53
11720,Chicago,Consumer,69
11721,Austin,Corporate,43
11722,Seattle,Consumer,19
11723,Seattle,Corporate,48
11724,New York,Consumer,38
11725,Chicago,Consumer,22
11726,Seattle,Corporate,62
11727,San Diego,Consumer,50
11728,San Diego,Home Office,50
11729,Boston,Home Office,51
11730,San Diego,Consumer,69
11731,Seattle,Consumer,53
11732,Chicago,Consumer,55
11733,Austin,Corporate,57
11734,San Diego,Consumer,55
11735,Austin,Home Office,54
11736,San Diego,Home Office,21
11737,New York,Consumer,38
11738,New York,Corporate,32
11739,Chicago,Consumer,64
11740,Chicago,Consumer,48
11741,Seattle,Consumer,44
11742,Seattle,Corporate,45
11743,Seattle,Consumer,53
11744,Chicago,Home Office,57
11745,Seattle,Consumer,28
11746,New York,Corporate,69
11747,Austin,Home Office,57
11748,New York,Corporate,28
11749,New York,Consumer,49
11750,New York,Consumer,40
11751,New York,Consumer,37
11752,Austin,Consumer,63
11753,Seattle,Home Office,32
11754,Seattle,Consumer,61
11755,Austin,Consumer,51
11756,Chicago,Corporate,60
11757,New York,Consumer,56
11758,San Diego,Home Office,50
11759,Boston,Consumer,27
11760,Chicago,Consumer,69
11761,Chicago,Corporate,51
11762,Chicago,Consumer,36
11763,Chicago,Home Office,31
11764,Chicago,Consumer,24
11765,Austin,Consumer,34
11766,San Diego,Consumer,24
11767,San Diego,Consumer,64
11768,Boston,Consumer,40
11769,Austin,Consumer,50
11770,Austin,Consumer,59
11771,Austin,Home Office,67
11772,New York,Consumer,41
11773,Austin,Corporate,20
11774,Chicago,Consumer,49
11775,Austin,Corporate,67
11776,New York,Consumer,36
11777,San Diego,Consumer,23
11778,Boston,Consumer,55
11779,Boston,Consumer,50
11780,New York,Consumer,25
11781,New York,Consumer,18
11782,Boston,Home Office,45
11783,Boston,Consumer,25
11784,Seattle,Home Office,27
11785,Chicago,Consumer,34
11786,Seattle,Consumer,42
11787,Seattle,Consumer,60
11788,Boston,Consumer,40
11789,Seattle,Corporate,61
11790,New York,Consumer,49
11791,San Diego,Home Office,38
11792,San Diego,Consumer,44
11793,Chicago,Consumer,25
11794,New York,Consumer,68
11795,New York,Corporate,33
11796,Boston,Consumer,64
11797,Austin,Home Office,51
11798,Seattle,Consumer,33
11799,Boston,Consumer,43
11800,New York,Corporate,24
11801,Chicago,Consumer,50
11802,San Diego,Corporate,21
11803,Seattle,Consumer,51
11804,New York,Corporate,28
11805,San Diego,Consumer,24
11806,New York,Home Office,29
11807,San Diego,Consumer,22
11808,San Diego,Corporate,64
11809,San Diego,Consumer,66
11810,Austin,Corporate,66
11811,Chicago,Home Office,55
11812,Boston,Home Office,29
11813,Seattle,Consumer,57
11814,Seattle,Consumer,57
11815,New York,Corporate,30
11816,Seattle,Consumer,61
11817,Seattle,Corporate,69
11818,Chicago,Consumer,37
11819,San Diego,Consumer,48
11820,New York,Consumer,63
11821,San Diego,Corporate,31
11822,Boston,Consumer,69
11823,Seattle,Consumer,33
11824,New York,Corporate,68
11825,Seattle,Consumer,30
11826,Seattle,Home Office,56
11827,Seattle,Consumer,45
11828,Chicago,Consumer,37
11829,Seattle,Consumer,40
11830,Chicago,Consumer,29
11831,Seattle,Corporate,52
11832,Seattle,Consumer,69
11833,Seattle,Consumer,48
11834,San Diego,Consumer,32
11835,Boston,Corporate,52
11836,San Diego,Corporate,40
11837,San Diego,Consumer,65
11838,Boston,Consumer,31
11839,Chicago,Consumer,44
11840,Chicago,Corporate,43
11841,Seattle,Consumer,64
11842,Austin,Consumer,23
11843,San Diego,Corporate,50
11844,New York,Consumer,60
11845,New York,Corporate,36
11846,San Diego,Consumer,44
11847,San Diego,Home Office,33
11848,Chicago,Consumer,39
11849,Chicago,Consumer,67
11850,Seattle,Consumer,36
11851,Austin,Consumer,28
11852,Chicago,Corporate,48
11853,Seattle,Consumer,42
11854,San Diego,Consumer,58
11855,San Diego,Corporate,19
11856,San Diego,Consumer,64
11857,Seattle,Corporate,54
11858,Boston,Corporate,61
11859,Chicago,Consumer,39
11860,New York,Corporate,41
11861,New York,Home Office,35
11862,Boston,Corporate,61
11863,Seattle,Consumer,21
11864,Chicago,Consumer,45
11865,Boston,Home Office,31
11866,Chicago,Consumer,51
11867,Seattle,Consumer,68
11868,Chicago,Consumer,53
11869,New York,Corporate,20
11870,Chicago,Corporate,38
11871,Chicago,Home Office,19
11872,Seattle,Home Office,43
11873,New York,Consumer,27
11874,Chicago,Corporate,54
11875,Seattle,Consumer,45
11876,Austin,Consumer,34
11877,Seattle,Consumer,62
11878,Seattle,Home Office,56
11879,Boston,Consumer,50
11880,Boston,Consumer,36
11881,Chicago,Consumer,32
11882,San Diego,Consumer,48
11883,Seattle,Consumer,59
11884,Seattle,Consumer,61
11885,San Diego,Consumer,58
11886,New York,Consumer,19
11887,Austin,Corporate,69
11888,San Diego,Corporate,30
11889,Boston,Corporate,18
11890,New York,Consumer,47
11891,Austin,Consumer,41
11892,Chicago,Consumer,23
11893,Chicago,Home Office,29
11894,New York,Consumer,28
11895,Seattle,Consumer,40
11896,San Diego,Home Office,56
11897,Seattle,Home Office,53
11898,Austin,Consumer,19
11899,San Diego,Corporate,27
11900,Seattle,Consumer,49
11901,Boston,Consumer,59
11902,Austin,Consumer,19
11903,Chicago,Home Office,35
11904,Austin,Consumer,24
11905,Seattle,Corporate,43
11906,Austin,Consumer,38
11907,San Diego,Corporate,27
11908,New York,Corporate,68
11909,Seattle,Corporate,57
11910,Austin,Home Office,46
11911,Chicago,Corporate,57
11912,Seattle,Corporate,34
11913,San Diego,Consumer,66
11914,Seattle,Home Office,39
11915,New York,Consumer,38
11916,New York,Consumer,47
11917,Austin,Consumer,48
11918,San Diego,Consumer,50
11919,Chicago,Consumer,61
11920,Chicago,Consumer,31
11921,Boston,Consumer,54
11922,New York,Home Office,28
11923,New York,Home Office,30
11924,New York,Consumer,43
11925,Boston,Home Office,45
11926,Austin,Consumer,51
11927,New York,Consumer,25
11928,Chicago,Home Office,60
11929,Boston,Corporate,46
11930,San Diego,Corporate,48
11931,Chicago,Consumer,56
11932,Chicago,Consumer,54
11933,New York,Consumer,40
11934,San Diego,Home Office,43
11935,New York,Consumer,30
11936,Chicago,Consumer,47
11937,Austin,Consumer,28
11938,Seattle,Corporate,51
11939,Seattle,Consumer,39
11940,San Diego,Corporate,30
11941,Chicago,Consumer,42
11942,Austin,Consumer,66
11943,Austin,Consumer,47
11944,New York,Consumer,35
11945,San Diego,Corporate,41
11946,Seattle,Corporate,49
11947,Austin,Consumer,25
11948,Boston,Consumer,47
11949,Chicago,Consumer,19
11950,Boston,Home Office,62
11951,San Diego,Home Office,49
11952,Chicago,Corporate,23
11953,San Diego,Consumer,42
11954,San Diego,Consumer,63
11955,Austin,Home Office,68
11956,Austin,Consumer,25
11957,Boston,Corporate,32
11958,New York,Home Office,25
11959,New York,Corporate,37
11960,Seattle,Corporate,62
11961,Boston,Consumer,54
11962,Seattle,Home Office,31
11963,New York,Consumer,34
11964,Seattle,Home Office,49
11965,Chicago,Consumer,49
11966,San Diego,Corporate,42
11967,Seattle,Home Office,39
11968,Austin,Consumer,66
11969,Seattle,Consumer,44
11970,San Diego,Consumer,58
11971,San Diego,Corporate,67
11972,Austin,Corporate,35
11973,Seattle,Consumer,58
11974,New York,Home Office,60
11975,Austin,Home Office,29
11976,Austin,Home Office,29
11977,Seattle,Corporate,26
11978,Boston,Home Office,50
11979,Boston,Home Office,57
11980,Austin,Consumer,57
11981,Seattle,Home Office,38
11982,New York,Consumer,54
11983,Austin,Home Office,19
11984,San Diego,Corporate,52
11985,San Diego,Corporate,42
11986,Boston,Consumer,61
11987,Austin,Consumer,68
11988,Boston,Consumer,46
11989,Boston,Corporate,50
11990,Seattle,Home Office,66
11991,New York,Consumer,35
11992,Austin,Consumer,25
11993,San Diego,Corporate,44
11994,Seattle,Consumer,36
11995,Boston,Consumer,51
11996,San Diego,Consumer,58
11997,New York,Corporate,44
11998,Boston,Consumer,34
11999,Austin,Home Office,47
12000,San Diego,Consumer,41
